ISO-10303-21;
HEADER;
/* Generated by software containing ST-Developer
 * from STEP Tools, Inc. (www.steptools.com) 
 */

FILE_DESCRIPTION(
/* description */ (''),
/* implementation_level */ '2;1');

FILE_NAME(
/* name */ 'Cradle.step',
/* time_stamp */ '2025-11-13T11:54:05-05:00',
/* author */ (''),
/* organization */ (''),
/* preprocessor_version */ 'ST-DEVELOPER v20.1',
/* originating_system */ 'Autodesk Translation Framework v14.17.0.0',
/* authorisation */ '');

FILE_SCHEMA (('AUTOMOTIVE_DESIGN { 1 0 10303 214 3 1 1 }'));
ENDSEC;

DATA;
#10=MECHANICAL_DESIGN_GEOMETRIC_PRESENTATION_REPRESENTATION('',(#13),#14261);
#11=SHAPE_REPRESENTATION_RELATIONSHIP('SRR','None',#14267,#12);
#12=ADVANCED_BREP_SHAPE_REPRESENTATION('',(#14),#14260);
#13=STYLED_ITEM('',(#14276),#14);
#14=MANIFOLD_SOLID_BREP('Body1',#8819);
#15=FACE_BOUND('',#1347,.T.);
#16=FACE_BOUND('',#1348,.T.);
#17=FACE_BOUND('',#1349,.T.);
#18=FACE_BOUND('',#1350,.T.);
#19=FACE_BOUND('',#1351,.T.);
#20=FACE_BOUND('',#1352,.T.);
#21=FACE_BOUND('',#1353,.T.);
#22=FACE_BOUND('',#1354,.T.);
#23=FACE_BOUND('',#1355,.T.);
#24=FACE_BOUND('',#1356,.T.);
#25=FACE_BOUND('',#1357,.T.);
#26=FACE_BOUND('',#1365,.T.);
#27=FACE_BOUND('',#1367,.T.);
#28=FACE_BOUND('',#1368,.T.);
#29=PLANE('',#8824);
#30=PLANE('',#8828);
#31=PLANE('',#8832);
#32=PLANE('',#8836);
#33=PLANE('',#8840);
#34=PLANE('',#8844);
#35=PLANE('',#8845);
#36=PLANE('',#8847);
#37=PLANE('',#8849);
#38=PLANE('',#8851);
#39=PLANE('',#8853);
#40=PLANE('',#8855);
#41=PLANE('',#8856);
#42=PLANE('',#8857);
#43=PLANE('',#8858);
#44=PLANE('',#8869);
#45=PLANE('',#8870);
#46=PLANE('',#8873);
#47=PLANE('',#8877);
#48=PLANE('',#8879);
#49=PLANE('',#8880);
#50=PLANE('',#8881);
#51=PLANE('',#8882);
#52=PLANE('',#8883);
#53=PLANE('',#8884);
#54=PLANE('',#8885);
#55=PLANE('',#8886);
#56=PLANE('',#8887);
#57=PLANE('',#8888);
#58=PLANE('',#8889);
#59=PLANE('',#8890);
#60=PLANE('',#8891);
#61=PLANE('',#8892);
#62=PLANE('',#8893);
#63=PLANE('',#8894);
#64=PLANE('',#8895);
#65=PLANE('',#8896);
#66=PLANE('',#8897);
#67=PLANE('',#8898);
#68=PLANE('',#8899);
#69=PLANE('',#8900);
#70=PLANE('',#8901);
#71=PLANE('',#8902);
#72=PLANE('',#8903);
#73=PLANE('',#8904);
#74=PLANE('',#8905);
#75=PLANE('',#8906);
#76=PLANE('',#8907);
#77=PLANE('',#8908);
#78=PLANE('',#8909);
#79=PLANE('',#8910);
#80=PLANE('',#8911);
#81=PLANE('',#8912);
#82=PLANE('',#8913);
#83=PLANE('',#8914);
#84=PLANE('',#8915);
#85=PLANE('',#8916);
#86=PLANE('',#8917);
#87=PLANE('',#8918);
#88=PLANE('',#8919);
#89=PLANE('',#8920);
#90=PLANE('',#8921);
#91=PLANE('',#8922);
#92=PLANE('',#8923);
#93=PLANE('',#8924);
#94=PLANE('',#8925);
#95=PLANE('',#8926);
#96=PLANE('',#8927);
#97=PLANE('',#8928);
#98=PLANE('',#8929);
#99=PLANE('',#8930);
#100=PLANE('',#8931);
#101=PLANE('',#8932);
#102=PLANE('',#8933);
#103=PLANE('',#8934);
#104=PLANE('',#8935);
#105=PLANE('',#8936);
#106=PLANE('',#8937);
#107=PLANE('',#8938);
#108=PLANE('',#8939);
#109=PLANE('',#8940);
#110=PLANE('',#8941);
#111=PLANE('',#8942);
#112=PLANE('',#8943);
#113=PLANE('',#8944);
#114=PLANE('',#8945);
#115=PLANE('',#8946);
#116=PLANE('',#8947);
#117=PLANE('',#8948);
#118=PLANE('',#8949);
#119=PLANE('',#8950);
#120=PLANE('',#8951);
#121=PLANE('',#8952);
#122=PLANE('',#8953);
#123=PLANE('',#8954);
#124=PLANE('',#8955);
#125=PLANE('',#8956);
#126=PLANE('',#8957);
#127=PLANE('',#8958);
#128=PLANE('',#8959);
#129=PLANE('',#8960);
#130=PLANE('',#8961);
#131=PLANE('',#8962);
#132=PLANE('',#8963);
#133=PLANE('',#8964);
#134=PLANE('',#8965);
#135=PLANE('',#8966);
#136=PLANE('',#8967);
#137=PLANE('',#8968);
#138=PLANE('',#8969);
#139=PLANE('',#8970);
#140=PLANE('',#8971);
#141=PLANE('',#8972);
#142=PLANE('',#8973);
#143=PLANE('',#8974);
#144=PLANE('',#8975);
#145=PLANE('',#8976);
#146=PLANE('',#8977);
#147=PLANE('',#8978);
#148=PLANE('',#8979);
#149=PLANE('',#8980);
#150=PLANE('',#8981);
#151=PLANE('',#8982);
#152=PLANE('',#8983);
#153=PLANE('',#8984);
#154=PLANE('',#8985);
#155=PLANE('',#8986);
#156=PLANE('',#8987);
#157=PLANE('',#8988);
#158=PLANE('',#8989);
#159=PLANE('',#8990);
#160=PLANE('',#8991);
#161=PLANE('',#8992);
#162=PLANE('',#8993);
#163=PLANE('',#8994);
#164=PLANE('',#8995);
#165=PLANE('',#8996);
#166=PLANE('',#8997);
#167=PLANE('',#8998);
#168=PLANE('',#8999);
#169=PLANE('',#9000);
#170=PLANE('',#9001);
#171=PLANE('',#9002);
#172=PLANE('',#9003);
#173=PLANE('',#9004);
#174=PLANE('',#9005);
#175=PLANE('',#9006);
#176=PLANE('',#9007);
#177=PLANE('',#9008);
#178=PLANE('',#9009);
#179=PLANE('',#9010);
#180=PLANE('',#9011);
#181=PLANE('',#9012);
#182=PLANE('',#9013);
#183=PLANE('',#9014);
#184=PLANE('',#9015);
#185=PLANE('',#9016);
#186=PLANE('',#9017);
#187=PLANE('',#9018);
#188=PLANE('',#9019);
#189=PLANE('',#9020);
#190=PLANE('',#9021);
#191=PLANE('',#9022);
#192=PLANE('',#9023);
#193=PLANE('',#9024);
#194=PLANE('',#9025);
#195=PLANE('',#9026);
#196=PLANE('',#9027);
#197=PLANE('',#9028);
#198=PLANE('',#9029);
#199=PLANE('',#9030);
#200=PLANE('',#9031);
#201=PLANE('',#9032);
#202=PLANE('',#9033);
#203=PLANE('',#9034);
#204=PLANE('',#9035);
#205=PLANE('',#9036);
#206=PLANE('',#9037);
#207=PLANE('',#9038);
#208=PLANE('',#9039);
#209=PLANE('',#9040);
#210=PLANE('',#9041);
#211=PLANE('',#9042);
#212=PLANE('',#9043);
#213=PLANE('',#9044);
#214=PLANE('',#9045);
#215=PLANE('',#9046);
#216=PLANE('',#9047);
#217=PLANE('',#9048);
#218=PLANE('',#9049);
#219=PLANE('',#9050);
#220=PLANE('',#9051);
#221=PLANE('',#9052);
#222=PLANE('',#9053);
#223=PLANE('',#9054);
#224=PLANE('',#9055);
#225=PLANE('',#9056);
#226=PLANE('',#9057);
#227=PLANE('',#9058);
#228=PLANE('',#9059);
#229=PLANE('',#9060);
#230=PLANE('',#9061);
#231=PLANE('',#9062);
#232=PLANE('',#9063);
#233=PLANE('',#9064);
#234=PLANE('',#9065);
#235=PLANE('',#9066);
#236=PLANE('',#9067);
#237=PLANE('',#9068);
#238=PLANE('',#9069);
#239=PLANE('',#9070);
#240=PLANE('',#9071);
#241=PLANE('',#9072);
#242=PLANE('',#9073);
#243=PLANE('',#9074);
#244=PLANE('',#9075);
#245=PLANE('',#9076);
#246=PLANE('',#9077);
#247=PLANE('',#9078);
#248=PLANE('',#9079);
#249=PLANE('',#9080);
#250=PLANE('',#9081);
#251=PLANE('',#9082);
#252=PLANE('',#9083);
#253=PLANE('',#9084);
#254=PLANE('',#9085);
#255=PLANE('',#9086);
#256=PLANE('',#9087);
#257=PLANE('',#9088);
#258=PLANE('',#9089);
#259=PLANE('',#9090);
#260=PLANE('',#9091);
#261=PLANE('',#9092);
#262=PLANE('',#9093);
#263=PLANE('',#9094);
#264=PLANE('',#9095);
#265=PLANE('',#9096);
#266=PLANE('',#9097);
#267=PLANE('',#9098);
#268=PLANE('',#9099);
#269=PLANE('',#9100);
#270=PLANE('',#9101);
#271=PLANE('',#9102);
#272=PLANE('',#9103);
#273=PLANE('',#9104);
#274=PLANE('',#9105);
#275=PLANE('',#9106);
#276=PLANE('',#9107);
#277=PLANE('',#9108);
#278=PLANE('',#9109);
#279=PLANE('',#9110);
#280=PLANE('',#9111);
#281=PLANE('',#9112);
#282=PLANE('',#9113);
#283=PLANE('',#9114);
#284=PLANE('',#9115);
#285=PLANE('',#9116);
#286=PLANE('',#9117);
#287=PLANE('',#9118);
#288=PLANE('',#9119);
#289=PLANE('',#9120);
#290=PLANE('',#9121);
#291=PLANE('',#9122);
#292=PLANE('',#9123);
#293=PLANE('',#9124);
#294=PLANE('',#9125);
#295=PLANE('',#9126);
#296=PLANE('',#9127);
#297=PLANE('',#9128);
#298=PLANE('',#9129);
#299=PLANE('',#9130);
#300=PLANE('',#9131);
#301=PLANE('',#9132);
#302=PLANE('',#9133);
#303=PLANE('',#9134);
#304=PLANE('',#9135);
#305=PLANE('',#9136);
#306=PLANE('',#9137);
#307=PLANE('',#9138);
#308=PLANE('',#9139);
#309=PLANE('',#9140);
#310=PLANE('',#9141);
#311=PLANE('',#9142);
#312=PLANE('',#9143);
#313=PLANE('',#9144);
#314=PLANE('',#9145);
#315=PLANE('',#9146);
#316=PLANE('',#9147);
#317=PLANE('',#9148);
#318=PLANE('',#9149);
#319=PLANE('',#9150);
#320=PLANE('',#9151);
#321=PLANE('',#9152);
#322=PLANE('',#9153);
#323=PLANE('',#9154);
#324=PLANE('',#9155);
#325=PLANE('',#9156);
#326=PLANE('',#9157);
#327=PLANE('',#9158);
#328=PLANE('',#9159);
#329=PLANE('',#9160);
#330=PLANE('',#9161);
#331=PLANE('',#9162);
#332=PLANE('',#9163);
#333=PLANE('',#9164);
#334=PLANE('',#9165);
#335=PLANE('',#9166);
#336=PLANE('',#9167);
#337=PLANE('',#9168);
#338=PLANE('',#9169);
#339=PLANE('',#9170);
#340=PLANE('',#9171);
#341=PLANE('',#9172);
#342=PLANE('',#9173);
#343=PLANE('',#9174);
#344=PLANE('',#9175);
#345=PLANE('',#9176);
#346=PLANE('',#9177);
#347=PLANE('',#9178);
#348=PLANE('',#9179);
#349=PLANE('',#9180);
#350=PLANE('',#9181);
#351=PLANE('',#9182);
#352=PLANE('',#9183);
#353=PLANE('',#9184);
#354=PLANE('',#9185);
#355=PLANE('',#9186);
#356=PLANE('',#9187);
#357=PLANE('',#9188);
#358=PLANE('',#9189);
#359=PLANE('',#9190);
#360=PLANE('',#9191);
#361=PLANE('',#9192);
#362=PLANE('',#9193);
#363=PLANE('',#9194);
#364=PLANE('',#9195);
#365=PLANE('',#9196);
#366=PLANE('',#9197);
#367=PLANE('',#9198);
#368=PLANE('',#9199);
#369=PLANE('',#9200);
#370=PLANE('',#9201);
#371=PLANE('',#9202);
#372=PLANE('',#9203);
#373=PLANE('',#9204);
#374=PLANE('',#9205);
#375=PLANE('',#9206);
#376=PLANE('',#9207);
#377=PLANE('',#9208);
#378=PLANE('',#9209);
#379=PLANE('',#9210);
#380=PLANE('',#9211);
#381=PLANE('',#9212);
#382=PLANE('',#9213);
#383=PLANE('',#9214);
#384=PLANE('',#9215);
#385=PLANE('',#9216);
#386=PLANE('',#9217);
#387=PLANE('',#9218);
#388=PLANE('',#9219);
#389=PLANE('',#9220);
#390=PLANE('',#9221);
#391=PLANE('',#9222);
#392=PLANE('',#9223);
#393=PLANE('',#9224);
#394=PLANE('',#9225);
#395=PLANE('',#9226);
#396=PLANE('',#9227);
#397=PLANE('',#9228);
#398=PLANE('',#9229);
#399=PLANE('',#9230);
#400=PLANE('',#9231);
#401=PLANE('',#9232);
#402=PLANE('',#9233);
#403=PLANE('',#9234);
#404=PLANE('',#9235);
#405=PLANE('',#9236);
#406=PLANE('',#9237);
#407=PLANE('',#9238);
#408=PLANE('',#9239);
#409=PLANE('',#9240);
#410=PLANE('',#9241);
#411=PLANE('',#9242);
#412=PLANE('',#9243);
#413=PLANE('',#9244);
#414=PLANE('',#9245);
#415=PLANE('',#9246);
#416=PLANE('',#9247);
#417=PLANE('',#9248);
#418=PLANE('',#9249);
#419=PLANE('',#9250);
#420=PLANE('',#9251);
#421=PLANE('',#9252);
#422=PLANE('',#9253);
#423=PLANE('',#9254);
#424=PLANE('',#9255);
#425=PLANE('',#9256);
#426=PLANE('',#9257);
#427=PLANE('',#9258);
#428=PLANE('',#9259);
#429=PLANE('',#9260);
#430=PLANE('',#9261);
#431=PLANE('',#9262);
#432=PLANE('',#9263);
#433=PLANE('',#9264);
#434=PLANE('',#9265);
#435=PLANE('',#9266);
#436=PLANE('',#9267);
#437=PLANE('',#9268);
#438=PLANE('',#9269);
#439=PLANE('',#9270);
#440=PLANE('',#9271);
#441=PLANE('',#9272);
#442=PLANE('',#9273);
#443=PLANE('',#9274);
#444=PLANE('',#9275);
#445=PLANE('',#9276);
#446=PLANE('',#9277);
#447=PLANE('',#9278);
#448=PLANE('',#9279);
#449=PLANE('',#9280);
#450=PLANE('',#9281);
#451=PLANE('',#9282);
#452=PLANE('',#9283);
#453=PLANE('',#9284);
#454=PLANE('',#9285);
#455=PLANE('',#9286);
#456=PLANE('',#9287);
#457=PLANE('',#9288);
#458=PLANE('',#9289);
#459=PLANE('',#9290);
#460=PLANE('',#9291);
#461=PLANE('',#9292);
#462=PLANE('',#9293);
#463=PLANE('',#9294);
#464=PLANE('',#9295);
#465=PLANE('',#9296);
#466=PLANE('',#9297);
#467=PLANE('',#9298);
#468=PLANE('',#9299);
#469=PLANE('',#9300);
#470=PLANE('',#9301);
#471=PLANE('',#9302);
#472=PLANE('',#9303);
#473=PLANE('',#9304);
#474=PLANE('',#9305);
#475=PLANE('',#9306);
#476=PLANE('',#9307);
#477=PLANE('',#9308);
#478=PLANE('',#9309);
#479=PLANE('',#9310);
#480=PLANE('',#9311);
#481=PLANE('',#9312);
#482=PLANE('',#9313);
#483=PLANE('',#9314);
#484=PLANE('',#9315);
#485=PLANE('',#9316);
#486=PLANE('',#9317);
#487=PLANE('',#9318);
#488=PLANE('',#9319);
#489=PLANE('',#9320);
#490=PLANE('',#9321);
#491=PLANE('',#9322);
#492=PLANE('',#9323);
#493=PLANE('',#9324);
#494=PLANE('',#9325);
#495=PLANE('',#9326);
#496=PLANE('',#9327);
#497=PLANE('',#9328);
#498=PLANE('',#9329);
#499=PLANE('',#9330);
#500=PLANE('',#9331);
#501=PLANE('',#9332);
#502=PLANE('',#9333);
#503=PLANE('',#9334);
#504=PLANE('',#9335);
#505=PLANE('',#9336);
#506=PLANE('',#9337);
#507=PLANE('',#9338);
#508=PLANE('',#9339);
#509=PLANE('',#9340);
#510=PLANE('',#9341);
#511=PLANE('',#9342);
#512=PLANE('',#9343);
#513=PLANE('',#9344);
#514=PLANE('',#9345);
#515=PLANE('',#9346);
#516=PLANE('',#9347);
#517=PLANE('',#9348);
#518=PLANE('',#9349);
#519=PLANE('',#9350);
#520=PLANE('',#9351);
#521=PLANE('',#9352);
#522=PLANE('',#9353);
#523=PLANE('',#9354);
#524=PLANE('',#9355);
#525=PLANE('',#9356);
#526=PLANE('',#9357);
#527=PLANE('',#9358);
#528=PLANE('',#9359);
#529=PLANE('',#9360);
#530=PLANE('',#9361);
#531=PLANE('',#9362);
#532=PLANE('',#9363);
#533=PLANE('',#9364);
#534=PLANE('',#9365);
#535=PLANE('',#9366);
#536=PLANE('',#9367);
#537=PLANE('',#9368);
#538=PLANE('',#9369);
#539=PLANE('',#9370);
#540=PLANE('',#9371);
#541=PLANE('',#9372);
#542=PLANE('',#9373);
#543=PLANE('',#9374);
#544=PLANE('',#9375);
#545=PLANE('',#9376);
#546=PLANE('',#9377);
#547=PLANE('',#9378);
#548=PLANE('',#9379);
#549=PLANE('',#9380);
#550=PLANE('',#9381);
#551=PLANE('',#9382);
#552=PLANE('',#9383);
#553=PLANE('',#9384);
#554=PLANE('',#9385);
#555=PLANE('',#9386);
#556=PLANE('',#9387);
#557=PLANE('',#9388);
#558=PLANE('',#9389);
#559=PLANE('',#9390);
#560=PLANE('',#9391);
#561=PLANE('',#9392);
#562=PLANE('',#9393);
#563=PLANE('',#9394);
#564=PLANE('',#9395);
#565=PLANE('',#9396);
#566=PLANE('',#9397);
#567=PLANE('',#9398);
#568=PLANE('',#9399);
#569=PLANE('',#9400);
#570=PLANE('',#9401);
#571=PLANE('',#9402);
#572=PLANE('',#9403);
#573=PLANE('',#9404);
#574=PLANE('',#9405);
#575=PLANE('',#9406);
#576=PLANE('',#9407);
#577=PLANE('',#9408);
#578=PLANE('',#9409);
#579=PLANE('',#9410);
#580=PLANE('',#9411);
#581=PLANE('',#9412);
#582=PLANE('',#9413);
#583=PLANE('',#9414);
#584=PLANE('',#9415);
#585=PLANE('',#9416);
#586=PLANE('',#9417);
#587=PLANE('',#9418);
#588=PLANE('',#9419);
#589=PLANE('',#9420);
#590=PLANE('',#9421);
#591=PLANE('',#9422);
#592=PLANE('',#9423);
#593=PLANE('',#9424);
#594=PLANE('',#9425);
#595=PLANE('',#9426);
#596=PLANE('',#9427);
#597=PLANE('',#9428);
#598=PLANE('',#9429);
#599=PLANE('',#9430);
#600=PLANE('',#9431);
#601=PLANE('',#9432);
#602=PLANE('',#9433);
#603=PLANE('',#9434);
#604=PLANE('',#9435);
#605=PLANE('',#9436);
#606=PLANE('',#9437);
#607=PLANE('',#9438);
#608=PLANE('',#9439);
#609=PLANE('',#9440);
#610=PLANE('',#9441);
#611=PLANE('',#9442);
#612=PLANE('',#9443);
#613=PLANE('',#9444);
#614=PLANE('',#9445);
#615=PLANE('',#9446);
#616=PLANE('',#9447);
#617=PLANE('',#9448);
#618=PLANE('',#9449);
#619=PLANE('',#9450);
#620=PLANE('',#9451);
#621=PLANE('',#9452);
#622=PLANE('',#9453);
#623=PLANE('',#9454);
#624=PLANE('',#9455);
#625=PLANE('',#9456);
#626=PLANE('',#9457);
#627=PLANE('',#9458);
#628=PLANE('',#9459);
#629=PLANE('',#9460);
#630=PLANE('',#9461);
#631=PLANE('',#9462);
#632=PLANE('',#9463);
#633=PLANE('',#9464);
#634=PLANE('',#9465);
#635=PLANE('',#9466);
#636=PLANE('',#9467);
#637=PLANE('',#9468);
#638=PLANE('',#9469);
#639=PLANE('',#9470);
#640=PLANE('',#9471);
#641=PLANE('',#9472);
#642=PLANE('',#9473);
#643=PLANE('',#9474);
#644=PLANE('',#9475);
#645=PLANE('',#9476);
#646=PLANE('',#9477);
#647=PLANE('',#9478);
#648=PLANE('',#9479);
#649=PLANE('',#9480);
#650=PLANE('',#9481);
#651=PLANE('',#9482);
#652=PLANE('',#9483);
#653=PLANE('',#9484);
#654=PLANE('',#9485);
#655=PLANE('',#9486);
#656=PLANE('',#9487);
#657=PLANE('',#9488);
#658=PLANE('',#9489);
#659=PLANE('',#9490);
#660=PLANE('',#9491);
#661=PLANE('',#9492);
#662=PLANE('',#9493);
#663=PLANE('',#9494);
#664=PLANE('',#9495);
#665=PLANE('',#9496);
#666=FACE_OUTER_BOUND('',#1316,.T.);
#667=FACE_OUTER_BOUND('',#1317,.T.);
#668=FACE_OUTER_BOUND('',#1318,.T.);
#669=FACE_OUTER_BOUND('',#1319,.T.);
#670=FACE_OUTER_BOUND('',#1320,.T.);
#671=FACE_OUTER_BOUND('',#1321,.T.);
#672=FACE_OUTER_BOUND('',#1322,.T.);
#673=FACE_OUTER_BOUND('',#1323,.T.);
#674=FACE_OUTER_BOUND('',#1324,.T.);
#675=FACE_OUTER_BOUND('',#1325,.T.);
#676=FACE_OUTER_BOUND('',#1326,.T.);
#677=FACE_OUTER_BOUND('',#1327,.T.);
#678=FACE_OUTER_BOUND('',#1328,.T.);
#679=FACE_OUTER_BOUND('',#1329,.T.);
#680=FACE_OUTER_BOUND('',#1330,.T.);
#681=FACE_OUTER_BOUND('',#1331,.T.);
#682=FACE_OUTER_BOUND('',#1332,.T.);
#683=FACE_OUTER_BOUND('',#1333,.T.);
#684=FACE_OUTER_BOUND('',#1334,.T.);
#685=FACE_OUTER_BOUND('',#1335,.T.);
#686=FACE_OUTER_BOUND('',#1336,.T.);
#687=FACE_OUTER_BOUND('',#1337,.T.);
#688=FACE_OUTER_BOUND('',#1338,.T.);
#689=FACE_OUTER_BOUND('',#1339,.T.);
#690=FACE_OUTER_BOUND('',#1340,.T.);
#691=FACE_OUTER_BOUND('',#1341,.T.);
#692=FACE_OUTER_BOUND('',#1342,.T.);
#693=FACE_OUTER_BOUND('',#1343,.T.);
#694=FACE_OUTER_BOUND('',#1344,.T.);
#695=FACE_OUTER_BOUND('',#1345,.T.);
#696=FACE_OUTER_BOUND('',#1346,.T.);
#697=FACE_OUTER_BOUND('',#1358,.T.);
#698=FACE_OUTER_BOUND('',#1359,.T.);
#699=FACE_OUTER_BOUND('',#1360,.T.);
#700=FACE_OUTER_BOUND('',#1361,.T.);
#701=FACE_OUTER_BOUND('',#1362,.T.);
#702=FACE_OUTER_BOUND('',#1363,.T.);
#703=FACE_OUTER_BOUND('',#1364,.T.);
#704=FACE_OUTER_BOUND('',#1366,.T.);
#705=FACE_OUTER_BOUND('',#1369,.T.);
#706=FACE_OUTER_BOUND('',#1370,.T.);
#707=FACE_OUTER_BOUND('',#1371,.T.);
#708=FACE_OUTER_BOUND('',#1372,.T.);
#709=FACE_OUTER_BOUND('',#1373,.T.);
#710=FACE_OUTER_BOUND('',#1374,.T.);
#711=FACE_OUTER_BOUND('',#1375,.T.);
#712=FACE_OUTER_BOUND('',#1376,.T.);
#713=FACE_OUTER_BOUND('',#1377,.T.);
#714=FACE_OUTER_BOUND('',#1378,.T.);
#715=FACE_OUTER_BOUND('',#1379,.T.);
#716=FACE_OUTER_BOUND('',#1380,.T.);
#717=FACE_OUTER_BOUND('',#1381,.T.);
#718=FACE_OUTER_BOUND('',#1382,.T.);
#719=FACE_OUTER_BOUND('',#1383,.T.);
#720=FACE_OUTER_BOUND('',#1384,.T.);
#721=FACE_OUTER_BOUND('',#1385,.T.);
#722=FACE_OUTER_BOUND('',#1386,.T.);
#723=FACE_OUTER_BOUND('',#1387,.T.);
#724=FACE_OUTER_BOUND('',#1388,.T.);
#725=FACE_OUTER_BOUND('',#1389,.T.);
#726=FACE_OUTER_BOUND('',#1390,.T.);
#727=FACE_OUTER_BOUND('',#1391,.T.);
#728=FACE_OUTER_BOUND('',#1392,.T.);
#729=FACE_OUTER_BOUND('',#1393,.T.);
#730=FACE_OUTER_BOUND('',#1394,.T.);
#731=FACE_OUTER_BOUND('',#1395,.T.);
#732=FACE_OUTER_BOUND('',#1396,.T.);
#733=FACE_OUTER_BOUND('',#1397,.T.);
#734=FACE_OUTER_BOUND('',#1398,.T.);
#735=FACE_OUTER_BOUND('',#1399,.T.);
#736=FACE_OUTER_BOUND('',#1400,.T.);
#737=FACE_OUTER_BOUND('',#1401,.T.);
#738=FACE_OUTER_BOUND('',#1402,.T.);
#739=FACE_OUTER_BOUND('',#1403,.T.);
#740=FACE_OUTER_BOUND('',#1404,.T.);
#741=FACE_OUTER_BOUND('',#1405,.T.);
#742=FACE_OUTER_BOUND('',#1406,.T.);
#743=FACE_OUTER_BOUND('',#1407,.T.);
#744=FACE_OUTER_BOUND('',#1408,.T.);
#745=FACE_OUTER_BOUND('',#1409,.T.);
#746=FACE_OUTER_BOUND('',#1410,.T.);
#747=FACE_OUTER_BOUND('',#1411,.T.);
#748=FACE_OUTER_BOUND('',#1412,.T.);
#749=FACE_OUTER_BOUND('',#1413,.T.);
#750=FACE_OUTER_BOUND('',#1414,.T.);
#751=FACE_OUTER_BOUND('',#1415,.T.);
#752=FACE_OUTER_BOUND('',#1416,.T.);
#753=FACE_OUTER_BOUND('',#1417,.T.);
#754=FACE_OUTER_BOUND('',#1418,.T.);
#755=FACE_OUTER_BOUND('',#1419,.T.);
#756=FACE_OUTER_BOUND('',#1420,.T.);
#757=FACE_OUTER_BOUND('',#1421,.T.);
#758=FACE_OUTER_BOUND('',#1422,.T.);
#759=FACE_OUTER_BOUND('',#1423,.T.);
#760=FACE_OUTER_BOUND('',#1424,.T.);
#761=FACE_OUTER_BOUND('',#1425,.T.);
#762=FACE_OUTER_BOUND('',#1426,.T.);
#763=FACE_OUTER_BOUND('',#1427,.T.);
#764=FACE_OUTER_BOUND('',#1428,.T.);
#765=FACE_OUTER_BOUND('',#1429,.T.);
#766=FACE_OUTER_BOUND('',#1430,.T.);
#767=FACE_OUTER_BOUND('',#1431,.T.);
#768=FACE_OUTER_BOUND('',#1432,.T.);
#769=FACE_OUTER_BOUND('',#1433,.T.);
#770=FACE_OUTER_BOUND('',#1434,.T.);
#771=FACE_OUTER_BOUND('',#1435,.T.);
#772=FACE_OUTER_BOUND('',#1436,.T.);
#773=FACE_OUTER_BOUND('',#1437,.T.);
#774=FACE_OUTER_BOUND('',#1438,.T.);
#775=FACE_OUTER_BOUND('',#1439,.T.);
#776=FACE_OUTER_BOUND('',#1440,.T.);
#777=FACE_OUTER_BOUND('',#1441,.T.);
#778=FACE_OUTER_BOUND('',#1442,.T.);
#779=FACE_OUTER_BOUND('',#1443,.T.);
#780=FACE_OUTER_BOUND('',#1444,.T.);
#781=FACE_OUTER_BOUND('',#1445,.T.);
#782=FACE_OUTER_BOUND('',#1446,.T.);
#783=FACE_OUTER_BOUND('',#1447,.T.);
#784=FACE_OUTER_BOUND('',#1448,.T.);
#785=FACE_OUTER_BOUND('',#1449,.T.);
#786=FACE_OUTER_BOUND('',#1450,.T.);
#787=FACE_OUTER_BOUND('',#1451,.T.);
#788=FACE_OUTER_BOUND('',#1452,.T.);
#789=FACE_OUTER_BOUND('',#1453,.T.);
#790=FACE_OUTER_BOUND('',#1454,.T.);
#791=FACE_OUTER_BOUND('',#1455,.T.);
#792=FACE_OUTER_BOUND('',#1456,.T.);
#793=FACE_OUTER_BOUND('',#1457,.T.);
#794=FACE_OUTER_BOUND('',#1458,.T.);
#795=FACE_OUTER_BOUND('',#1459,.T.);
#796=FACE_OUTER_BOUND('',#1460,.T.);
#797=FACE_OUTER_BOUND('',#1461,.T.);
#798=FACE_OUTER_BOUND('',#1462,.T.);
#799=FACE_OUTER_BOUND('',#1463,.T.);
#800=FACE_OUTER_BOUND('',#1464,.T.);
#801=FACE_OUTER_BOUND('',#1465,.T.);
#802=FACE_OUTER_BOUND('',#1466,.T.);
#803=FACE_OUTER_BOUND('',#1467,.T.);
#804=FACE_OUTER_BOUND('',#1468,.T.);
#805=FACE_OUTER_BOUND('',#1469,.T.);
#806=FACE_OUTER_BOUND('',#1470,.T.);
#807=FACE_OUTER_BOUND('',#1471,.T.);
#808=FACE_OUTER_BOUND('',#1472,.T.);
#809=FACE_OUTER_BOUND('',#1473,.T.);
#810=FACE_OUTER_BOUND('',#1474,.T.);
#811=FACE_OUTER_BOUND('',#1475,.T.);
#812=FACE_OUTER_BOUND('',#1476,.T.);
#813=FACE_OUTER_BOUND('',#1477,.T.);
#814=FACE_OUTER_BOUND('',#1478,.T.);
#815=FACE_OUTER_BOUND('',#1479,.T.);
#816=FACE_OUTER_BOUND('',#1480,.T.);
#817=FACE_OUTER_BOUND('',#1481,.T.);
#818=FACE_OUTER_BOUND('',#1482,.T.);
#819=FACE_OUTER_BOUND('',#1483,.T.);
#820=FACE_OUTER_BOUND('',#1484,.T.);
#821=FACE_OUTER_BOUND('',#1485,.T.);
#822=FACE_OUTER_BOUND('',#1486,.T.);
#823=FACE_OUTER_BOUND('',#1487,.T.);
#824=FACE_OUTER_BOUND('',#1488,.T.);
#825=FACE_OUTER_BOUND('',#1489,.T.);
#826=FACE_OUTER_BOUND('',#1490,.T.);
#827=FACE_OUTER_BOUND('',#1491,.T.);
#828=FACE_OUTER_BOUND('',#1492,.T.);
#829=FACE_OUTER_BOUND('',#1493,.T.);
#830=FACE_OUTER_BOUND('',#1494,.T.);
#831=FACE_OUTER_BOUND('',#1495,.T.);
#832=FACE_OUTER_BOUND('',#1496,.T.);
#833=FACE_OUTER_BOUND('',#1497,.T.);
#834=FACE_OUTER_BOUND('',#1498,.T.);
#835=FACE_OUTER_BOUND('',#1499,.T.);
#836=FACE_OUTER_BOUND('',#1500,.T.);
#837=FACE_OUTER_BOUND('',#1501,.T.);
#838=FACE_OUTER_BOUND('',#1502,.T.);
#839=FACE_OUTER_BOUND('',#1503,.T.);
#840=FACE_OUTER_BOUND('',#1504,.T.);
#841=FACE_OUTER_BOUND('',#1505,.T.);
#842=FACE_OUTER_BOUND('',#1506,.T.);
#843=FACE_OUTER_BOUND('',#1507,.T.);
#844=FACE_OUTER_BOUND('',#1508,.T.);
#845=FACE_OUTER_BOUND('',#1509,.T.);
#846=FACE_OUTER_BOUND('',#1510,.T.);
#847=FACE_OUTER_BOUND('',#1511,.T.);
#848=FACE_OUTER_BOUND('',#1512,.T.);
#849=FACE_OUTER_BOUND('',#1513,.T.);
#850=FACE_OUTER_BOUND('',#1514,.T.);
#851=FACE_OUTER_BOUND('',#1515,.T.);
#852=FACE_OUTER_BOUND('',#1516,.T.);
#853=FACE_OUTER_BOUND('',#1517,.T.);
#854=FACE_OUTER_BOUND('',#1518,.T.);
#855=FACE_OUTER_BOUND('',#1519,.T.);
#856=FACE_OUTER_BOUND('',#1520,.T.);
#857=FACE_OUTER_BOUND('',#1521,.T.);
#858=FACE_OUTER_BOUND('',#1522,.T.);
#859=FACE_OUTER_BOUND('',#1523,.T.);
#860=FACE_OUTER_BOUND('',#1524,.T.);
#861=FACE_OUTER_BOUND('',#1525,.T.);
#862=FACE_OUTER_BOUND('',#1526,.T.);
#863=FACE_OUTER_BOUND('',#1527,.T.);
#864=FACE_OUTER_BOUND('',#1528,.T.);
#865=FACE_OUTER_BOUND('',#1529,.T.);
#866=FACE_OUTER_BOUND('',#1530,.T.);
#867=FACE_OUTER_BOUND('',#1531,.T.);
#868=FACE_OUTER_BOUND('',#1532,.T.);
#869=FACE_OUTER_BOUND('',#1533,.T.);
#870=FACE_OUTER_BOUND('',#1534,.T.);
#871=FACE_OUTER_BOUND('',#1535,.T.);
#872=FACE_OUTER_BOUND('',#1536,.T.);
#873=FACE_OUTER_BOUND('',#1537,.T.);
#874=FACE_OUTER_BOUND('',#1538,.T.);
#875=FACE_OUTER_BOUND('',#1539,.T.);
#876=FACE_OUTER_BOUND('',#1540,.T.);
#877=FACE_OUTER_BOUND('',#1541,.T.);
#878=FACE_OUTER_BOUND('',#1542,.T.);
#879=FACE_OUTER_BOUND('',#1543,.T.);
#880=FACE_OUTER_BOUND('',#1544,.T.);
#881=FACE_OUTER_BOUND('',#1545,.T.);
#882=FACE_OUTER_BOUND('',#1546,.T.);
#883=FACE_OUTER_BOUND('',#1547,.T.);
#884=FACE_OUTER_BOUND('',#1548,.T.);
#885=FACE_OUTER_BOUND('',#1549,.T.);
#886=FACE_OUTER_BOUND('',#1550,.T.);
#887=FACE_OUTER_BOUND('',#1551,.T.);
#888=FACE_OUTER_BOUND('',#1552,.T.);
#889=FACE_OUTER_BOUND('',#1553,.T.);
#890=FACE_OUTER_BOUND('',#1554,.T.);
#891=FACE_OUTER_BOUND('',#1555,.T.);
#892=FACE_OUTER_BOUND('',#1556,.T.);
#893=FACE_OUTER_BOUND('',#1557,.T.);
#894=FACE_OUTER_BOUND('',#1558,.T.);
#895=FACE_OUTER_BOUND('',#1559,.T.);
#896=FACE_OUTER_BOUND('',#1560,.T.);
#897=FACE_OUTER_BOUND('',#1561,.T.);
#898=FACE_OUTER_BOUND('',#1562,.T.);
#899=FACE_OUTER_BOUND('',#1563,.T.);
#900=FACE_OUTER_BOUND('',#1564,.T.);
#901=FACE_OUTER_BOUND('',#1565,.T.);
#902=FACE_OUTER_BOUND('',#1566,.T.);
#903=FACE_OUTER_BOUND('',#1567,.T.);
#904=FACE_OUTER_BOUND('',#1568,.T.);
#905=FACE_OUTER_BOUND('',#1569,.T.);
#906=FACE_OUTER_BOUND('',#1570,.T.);
#907=FACE_OUTER_BOUND('',#1571,.T.);
#908=FACE_OUTER_BOUND('',#1572,.T.);
#909=FACE_OUTER_BOUND('',#1573,.T.);
#910=FACE_OUTER_BOUND('',#1574,.T.);
#911=FACE_OUTER_BOUND('',#1575,.T.);
#912=FACE_OUTER_BOUND('',#1576,.T.);
#913=FACE_OUTER_BOUND('',#1577,.T.);
#914=FACE_OUTER_BOUND('',#1578,.T.);
#915=FACE_OUTER_BOUND('',#1579,.T.);
#916=FACE_OUTER_BOUND('',#1580,.T.);
#917=FACE_OUTER_BOUND('',#1581,.T.);
#918=FACE_OUTER_BOUND('',#1582,.T.);
#919=FACE_OUTER_BOUND('',#1583,.T.);
#920=FACE_OUTER_BOUND('',#1584,.T.);
#921=FACE_OUTER_BOUND('',#1585,.T.);
#922=FACE_OUTER_BOUND('',#1586,.T.);
#923=FACE_OUTER_BOUND('',#1587,.T.);
#924=FACE_OUTER_BOUND('',#1588,.T.);
#925=FACE_OUTER_BOUND('',#1589,.T.);
#926=FACE_OUTER_BOUND('',#1590,.T.);
#927=FACE_OUTER_BOUND('',#1591,.T.);
#928=FACE_OUTER_BOUND('',#1592,.T.);
#929=FACE_OUTER_BOUND('',#1593,.T.);
#930=FACE_OUTER_BOUND('',#1594,.T.);
#931=FACE_OUTER_BOUND('',#1595,.T.);
#932=FACE_OUTER_BOUND('',#1596,.T.);
#933=FACE_OUTER_BOUND('',#1597,.T.);
#934=FACE_OUTER_BOUND('',#1598,.T.);
#935=FACE_OUTER_BOUND('',#1599,.T.);
#936=FACE_OUTER_BOUND('',#1600,.T.);
#937=FACE_OUTER_BOUND('',#1601,.T.);
#938=FACE_OUTER_BOUND('',#1602,.T.);
#939=FACE_OUTER_BOUND('',#1603,.T.);
#940=FACE_OUTER_BOUND('',#1604,.T.);
#941=FACE_OUTER_BOUND('',#1605,.T.);
#942=FACE_OUTER_BOUND('',#1606,.T.);
#943=FACE_OUTER_BOUND('',#1607,.T.);
#944=FACE_OUTER_BOUND('',#1608,.T.);
#945=FACE_OUTER_BOUND('',#1609,.T.);
#946=FACE_OUTER_BOUND('',#1610,.T.);
#947=FACE_OUTER_BOUND('',#1611,.T.);
#948=FACE_OUTER_BOUND('',#1612,.T.);
#949=FACE_OUTER_BOUND('',#1613,.T.);
#950=FACE_OUTER_BOUND('',#1614,.T.);
#951=FACE_OUTER_BOUND('',#1615,.T.);
#952=FACE_OUTER_BOUND('',#1616,.T.);
#953=FACE_OUTER_BOUND('',#1617,.T.);
#954=FACE_OUTER_BOUND('',#1618,.T.);
#955=FACE_OUTER_BOUND('',#1619,.T.);
#956=FACE_OUTER_BOUND('',#1620,.T.);
#957=FACE_OUTER_BOUND('',#1621,.T.);
#958=FACE_OUTER_BOUND('',#1622,.T.);
#959=FACE_OUTER_BOUND('',#1623,.T.);
#960=FACE_OUTER_BOUND('',#1624,.T.);
#961=FACE_OUTER_BOUND('',#1625,.T.);
#962=FACE_OUTER_BOUND('',#1626,.T.);
#963=FACE_OUTER_BOUND('',#1627,.T.);
#964=FACE_OUTER_BOUND('',#1628,.T.);
#965=FACE_OUTER_BOUND('',#1629,.T.);
#966=FACE_OUTER_BOUND('',#1630,.T.);
#967=FACE_OUTER_BOUND('',#1631,.T.);
#968=FACE_OUTER_BOUND('',#1632,.T.);
#969=FACE_OUTER_BOUND('',#1633,.T.);
#970=FACE_OUTER_BOUND('',#1634,.T.);
#971=FACE_OUTER_BOUND('',#1635,.T.);
#972=FACE_OUTER_BOUND('',#1636,.T.);
#973=FACE_OUTER_BOUND('',#1637,.T.);
#974=FACE_OUTER_BOUND('',#1638,.T.);
#975=FACE_OUTER_BOUND('',#1639,.T.);
#976=FACE_OUTER_BOUND('',#1640,.T.);
#977=FACE_OUTER_BOUND('',#1641,.T.);
#978=FACE_OUTER_BOUND('',#1642,.T.);
#979=FACE_OUTER_BOUND('',#1643,.T.);
#980=FACE_OUTER_BOUND('',#1644,.T.);
#981=FACE_OUTER_BOUND('',#1645,.T.);
#982=FACE_OUTER_BOUND('',#1646,.T.);
#983=FACE_OUTER_BOUND('',#1647,.T.);
#984=FACE_OUTER_BOUND('',#1648,.T.);
#985=FACE_OUTER_BOUND('',#1649,.T.);
#986=FACE_OUTER_BOUND('',#1650,.T.);
#987=FACE_OUTER_BOUND('',#1651,.T.);
#988=FACE_OUTER_BOUND('',#1652,.T.);
#989=FACE_OUTER_BOUND('',#1653,.T.);
#990=FACE_OUTER_BOUND('',#1654,.T.);
#991=FACE_OUTER_BOUND('',#1655,.T.);
#992=FACE_OUTER_BOUND('',#1656,.T.);
#993=FACE_OUTER_BOUND('',#1657,.T.);
#994=FACE_OUTER_BOUND('',#1658,.T.);
#995=FACE_OUTER_BOUND('',#1659,.T.);
#996=FACE_OUTER_BOUND('',#1660,.T.);
#997=FACE_OUTER_BOUND('',#1661,.T.);
#998=FACE_OUTER_BOUND('',#1662,.T.);
#999=FACE_OUTER_BOUND('',#1663,.T.);
#1000=FACE_OUTER_BOUND('',#1664,.T.);
#1001=FACE_OUTER_BOUND('',#1665,.T.);
#1002=FACE_OUTER_BOUND('',#1666,.T.);
#1003=FACE_OUTER_BOUND('',#1667,.T.);
#1004=FACE_OUTER_BOUND('',#1668,.T.);
#1005=FACE_OUTER_BOUND('',#1669,.T.);
#1006=FACE_OUTER_BOUND('',#1670,.T.);
#1007=FACE_OUTER_BOUND('',#1671,.T.);
#1008=FACE_OUTER_BOUND('',#1672,.T.);
#1009=FACE_OUTER_BOUND('',#1673,.T.);
#1010=FACE_OUTER_BOUND('',#1674,.T.);
#1011=FACE_OUTER_BOUND('',#1675,.T.);
#1012=FACE_OUTER_BOUND('',#1676,.T.);
#1013=FACE_OUTER_BOUND('',#1677,.T.);
#1014=FACE_OUTER_BOUND('',#1678,.T.);
#1015=FACE_OUTER_BOUND('',#1679,.T.);
#1016=FACE_OUTER_BOUND('',#1680,.T.);
#1017=FACE_OUTER_BOUND('',#1681,.T.);
#1018=FACE_OUTER_BOUND('',#1682,.T.);
#1019=FACE_OUTER_BOUND('',#1683,.T.);
#1020=FACE_OUTER_BOUND('',#1684,.T.);
#1021=FACE_OUTER_BOUND('',#1685,.T.);
#1022=FACE_OUTER_BOUND('',#1686,.T.);
#1023=FACE_OUTER_BOUND('',#1687,.T.);
#1024=FACE_OUTER_BOUND('',#1688,.T.);
#1025=FACE_OUTER_BOUND('',#1689,.T.);
#1026=FACE_OUTER_BOUND('',#1690,.T.);
#1027=FACE_OUTER_BOUND('',#1691,.T.);
#1028=FACE_OUTER_BOUND('',#1692,.T.);
#1029=FACE_OUTER_BOUND('',#1693,.T.);
#1030=FACE_OUTER_BOUND('',#1694,.T.);
#1031=FACE_OUTER_BOUND('',#1695,.T.);
#1032=FACE_OUTER_BOUND('',#1696,.T.);
#1033=FACE_OUTER_BOUND('',#1697,.T.);
#1034=FACE_OUTER_BOUND('',#1698,.T.);
#1035=FACE_OUTER_BOUND('',#1699,.T.);
#1036=FACE_OUTER_BOUND('',#1700,.T.);
#1037=FACE_OUTER_BOUND('',#1701,.T.);
#1038=FACE_OUTER_BOUND('',#1702,.T.);
#1039=FACE_OUTER_BOUND('',#1703,.T.);
#1040=FACE_OUTER_BOUND('',#1704,.T.);
#1041=FACE_OUTER_BOUND('',#1705,.T.);
#1042=FACE_OUTER_BOUND('',#1706,.T.);
#1043=FACE_OUTER_BOUND('',#1707,.T.);
#1044=FACE_OUTER_BOUND('',#1708,.T.);
#1045=FACE_OUTER_BOUND('',#1709,.T.);
#1046=FACE_OUTER_BOUND('',#1710,.T.);
#1047=FACE_OUTER_BOUND('',#1711,.T.);
#1048=FACE_OUTER_BOUND('',#1712,.T.);
#1049=FACE_OUTER_BOUND('',#1713,.T.);
#1050=FACE_OUTER_BOUND('',#1714,.T.);
#1051=FACE_OUTER_BOUND('',#1715,.T.);
#1052=FACE_OUTER_BOUND('',#1716,.T.);
#1053=FACE_OUTER_BOUND('',#1717,.T.);
#1054=FACE_OUTER_BOUND('',#1718,.T.);
#1055=FACE_OUTER_BOUND('',#1719,.T.);
#1056=FACE_OUTER_BOUND('',#1720,.T.);
#1057=FACE_OUTER_BOUND('',#1721,.T.);
#1058=FACE_OUTER_BOUND('',#1722,.T.);
#1059=FACE_OUTER_BOUND('',#1723,.T.);
#1060=FACE_OUTER_BOUND('',#1724,.T.);
#1061=FACE_OUTER_BOUND('',#1725,.T.);
#1062=FACE_OUTER_BOUND('',#1726,.T.);
#1063=FACE_OUTER_BOUND('',#1727,.T.);
#1064=FACE_OUTER_BOUND('',#1728,.T.);
#1065=FACE_OUTER_BOUND('',#1729,.T.);
#1066=FACE_OUTER_BOUND('',#1730,.T.);
#1067=FACE_OUTER_BOUND('',#1731,.T.);
#1068=FACE_OUTER_BOUND('',#1732,.T.);
#1069=FACE_OUTER_BOUND('',#1733,.T.);
#1070=FACE_OUTER_BOUND('',#1734,.T.);
#1071=FACE_OUTER_BOUND('',#1735,.T.);
#1072=FACE_OUTER_BOUND('',#1736,.T.);
#1073=FACE_OUTER_BOUND('',#1737,.T.);
#1074=FACE_OUTER_BOUND('',#1738,.T.);
#1075=FACE_OUTER_BOUND('',#1739,.T.);
#1076=FACE_OUTER_BOUND('',#1740,.T.);
#1077=FACE_OUTER_BOUND('',#1741,.T.);
#1078=FACE_OUTER_BOUND('',#1742,.T.);
#1079=FACE_OUTER_BOUND('',#1743,.T.);
#1080=FACE_OUTER_BOUND('',#1744,.T.);
#1081=FACE_OUTER_BOUND('',#1745,.T.);
#1082=FACE_OUTER_BOUND('',#1746,.T.);
#1083=FACE_OUTER_BOUND('',#1747,.T.);
#1084=FACE_OUTER_BOUND('',#1748,.T.);
#1085=FACE_OUTER_BOUND('',#1749,.T.);
#1086=FACE_OUTER_BOUND('',#1750,.T.);
#1087=FACE_OUTER_BOUND('',#1751,.T.);
#1088=FACE_OUTER_BOUND('',#1752,.T.);
#1089=FACE_OUTER_BOUND('',#1753,.T.);
#1090=FACE_OUTER_BOUND('',#1754,.T.);
#1091=FACE_OUTER_BOUND('',#1755,.T.);
#1092=FACE_OUTER_BOUND('',#1756,.T.);
#1093=FACE_OUTER_BOUND('',#1757,.T.);
#1094=FACE_OUTER_BOUND('',#1758,.T.);
#1095=FACE_OUTER_BOUND('',#1759,.T.);
#1096=FACE_OUTER_BOUND('',#1760,.T.);
#1097=FACE_OUTER_BOUND('',#1761,.T.);
#1098=FACE_OUTER_BOUND('',#1762,.T.);
#1099=FACE_OUTER_BOUND('',#1763,.T.);
#1100=FACE_OUTER_BOUND('',#1764,.T.);
#1101=FACE_OUTER_BOUND('',#1765,.T.);
#1102=FACE_OUTER_BOUND('',#1766,.T.);
#1103=FACE_OUTER_BOUND('',#1767,.T.);
#1104=FACE_OUTER_BOUND('',#1768,.T.);
#1105=FACE_OUTER_BOUND('',#1769,.T.);
#1106=FACE_OUTER_BOUND('',#1770,.T.);
#1107=FACE_OUTER_BOUND('',#1771,.T.);
#1108=FACE_OUTER_BOUND('',#1772,.T.);
#1109=FACE_OUTER_BOUND('',#1773,.T.);
#1110=FACE_OUTER_BOUND('',#1774,.T.);
#1111=FACE_OUTER_BOUND('',#1775,.T.);
#1112=FACE_OUTER_BOUND('',#1776,.T.);
#1113=FACE_OUTER_BOUND('',#1777,.T.);
#1114=FACE_OUTER_BOUND('',#1778,.T.);
#1115=FACE_OUTER_BOUND('',#1779,.T.);
#1116=FACE_OUTER_BOUND('',#1780,.T.);
#1117=FACE_OUTER_BOUND('',#1781,.T.);
#1118=FACE_OUTER_BOUND('',#1782,.T.);
#1119=FACE_OUTER_BOUND('',#1783,.T.);
#1120=FACE_OUTER_BOUND('',#1784,.T.);
#1121=FACE_OUTER_BOUND('',#1785,.T.);
#1122=FACE_OUTER_BOUND('',#1786,.T.);
#1123=FACE_OUTER_BOUND('',#1787,.T.);
#1124=FACE_OUTER_BOUND('',#1788,.T.);
#1125=FACE_OUTER_BOUND('',#1789,.T.);
#1126=FACE_OUTER_BOUND('',#1790,.T.);
#1127=FACE_OUTER_BOUND('',#1791,.T.);
#1128=FACE_OUTER_BOUND('',#1792,.T.);
#1129=FACE_OUTER_BOUND('',#1793,.T.);
#1130=FACE_OUTER_BOUND('',#1794,.T.);
#1131=FACE_OUTER_BOUND('',#1795,.T.);
#1132=FACE_OUTER_BOUND('',#1796,.T.);
#1133=FACE_OUTER_BOUND('',#1797,.T.);
#1134=FACE_OUTER_BOUND('',#1798,.T.);
#1135=FACE_OUTER_BOUND('',#1799,.T.);
#1136=FACE_OUTER_BOUND('',#1800,.T.);
#1137=FACE_OUTER_BOUND('',#1801,.T.);
#1138=FACE_OUTER_BOUND('',#1802,.T.);
#1139=FACE_OUTER_BOUND('',#1803,.T.);
#1140=FACE_OUTER_BOUND('',#1804,.T.);
#1141=FACE_OUTER_BOUND('',#1805,.T.);
#1142=FACE_OUTER_BOUND('',#1806,.T.);
#1143=FACE_OUTER_BOUND('',#1807,.T.);
#1144=FACE_OUTER_BOUND('',#1808,.T.);
#1145=FACE_OUTER_BOUND('',#1809,.T.);
#1146=FACE_OUTER_BOUND('',#1810,.T.);
#1147=FACE_OUTER_BOUND('',#1811,.T.);
#1148=FACE_OUTER_BOUND('',#1812,.T.);
#1149=FACE_OUTER_BOUND('',#1813,.T.);
#1150=FACE_OUTER_BOUND('',#1814,.T.);
#1151=FACE_OUTER_BOUND('',#1815,.T.);
#1152=FACE_OUTER_BOUND('',#1816,.T.);
#1153=FACE_OUTER_BOUND('',#1817,.T.);
#1154=FACE_OUTER_BOUND('',#1818,.T.);
#1155=FACE_OUTER_BOUND('',#1819,.T.);
#1156=FACE_OUTER_BOUND('',#1820,.T.);
#1157=FACE_OUTER_BOUND('',#1821,.T.);
#1158=FACE_OUTER_BOUND('',#1822,.T.);
#1159=FACE_OUTER_BOUND('',#1823,.T.);
#1160=FACE_OUTER_BOUND('',#1824,.T.);
#1161=FACE_OUTER_BOUND('',#1825,.T.);
#1162=FACE_OUTER_BOUND('',#1826,.T.);
#1163=FACE_OUTER_BOUND('',#1827,.T.);
#1164=FACE_OUTER_BOUND('',#1828,.T.);
#1165=FACE_OUTER_BOUND('',#1829,.T.);
#1166=FACE_OUTER_BOUND('',#1830,.T.);
#1167=FACE_OUTER_BOUND('',#1831,.T.);
#1168=FACE_OUTER_BOUND('',#1832,.T.);
#1169=FACE_OUTER_BOUND('',#1833,.T.);
#1170=FACE_OUTER_BOUND('',#1834,.T.);
#1171=FACE_OUTER_BOUND('',#1835,.T.);
#1172=FACE_OUTER_BOUND('',#1836,.T.);
#1173=FACE_OUTER_BOUND('',#1837,.T.);
#1174=FACE_OUTER_BOUND('',#1838,.T.);
#1175=FACE_OUTER_BOUND('',#1839,.T.);
#1176=FACE_OUTER_BOUND('',#1840,.T.);
#1177=FACE_OUTER_BOUND('',#1841,.T.);
#1178=FACE_OUTER_BOUND('',#1842,.T.);
#1179=FACE_OUTER_BOUND('',#1843,.T.);
#1180=FACE_OUTER_BOUND('',#1844,.T.);
#1181=FACE_OUTER_BOUND('',#1845,.T.);
#1182=FACE_OUTER_BOUND('',#1846,.T.);
#1183=FACE_OUTER_BOUND('',#1847,.T.);
#1184=FACE_OUTER_BOUND('',#1848,.T.);
#1185=FACE_OUTER_BOUND('',#1849,.T.);
#1186=FACE_OUTER_BOUND('',#1850,.T.);
#1187=FACE_OUTER_BOUND('',#1851,.T.);
#1188=FACE_OUTER_BOUND('',#1852,.T.);
#1189=FACE_OUTER_BOUND('',#1853,.T.);
#1190=FACE_OUTER_BOUND('',#1854,.T.);
#1191=FACE_OUTER_BOUND('',#1855,.T.);
#1192=FACE_OUTER_BOUND('',#1856,.T.);
#1193=FACE_OUTER_BOUND('',#1857,.T.);
#1194=FACE_OUTER_BOUND('',#1858,.T.);
#1195=FACE_OUTER_BOUND('',#1859,.T.);
#1196=FACE_OUTER_BOUND('',#1860,.T.);
#1197=FACE_OUTER_BOUND('',#1861,.T.);
#1198=FACE_OUTER_BOUND('',#1862,.T.);
#1199=FACE_OUTER_BOUND('',#1863,.T.);
#1200=FACE_OUTER_BOUND('',#1864,.T.);
#1201=FACE_OUTER_BOUND('',#1865,.T.);
#1202=FACE_OUTER_BOUND('',#1866,.T.);
#1203=FACE_OUTER_BOUND('',#1867,.T.);
#1204=FACE_OUTER_BOUND('',#1868,.T.);
#1205=FACE_OUTER_BOUND('',#1869,.T.);
#1206=FACE_OUTER_BOUND('',#1870,.T.);
#1207=FACE_OUTER_BOUND('',#1871,.T.);
#1208=FACE_OUTER_BOUND('',#1872,.T.);
#1209=FACE_OUTER_BOUND('',#1873,.T.);
#1210=FACE_OUTER_BOUND('',#1874,.T.);
#1211=FACE_OUTER_BOUND('',#1875,.T.);
#1212=FACE_OUTER_BOUND('',#1876,.T.);
#1213=FACE_OUTER_BOUND('',#1877,.T.);
#1214=FACE_OUTER_BOUND('',#1878,.T.);
#1215=FACE_OUTER_BOUND('',#1879,.T.);
#1216=FACE_OUTER_BOUND('',#1880,.T.);
#1217=FACE_OUTER_BOUND('',#1881,.T.);
#1218=FACE_OUTER_BOUND('',#1882,.T.);
#1219=FACE_OUTER_BOUND('',#1883,.T.);
#1220=FACE_OUTER_BOUND('',#1884,.T.);
#1221=FACE_OUTER_BOUND('',#1885,.T.);
#1222=FACE_OUTER_BOUND('',#1886,.T.);
#1223=FACE_OUTER_BOUND('',#1887,.T.);
#1224=FACE_OUTER_BOUND('',#1888,.T.);
#1225=FACE_OUTER_BOUND('',#1889,.T.);
#1226=FACE_OUTER_BOUND('',#1890,.T.);
#1227=FACE_OUTER_BOUND('',#1891,.T.);
#1228=FACE_OUTER_BOUND('',#1892,.T.);
#1229=FACE_OUTER_BOUND('',#1893,.T.);
#1230=FACE_OUTER_BOUND('',#1894,.T.);
#1231=FACE_OUTER_BOUND('',#1895,.T.);
#1232=FACE_OUTER_BOUND('',#1896,.T.);
#1233=FACE_OUTER_BOUND('',#1897,.T.);
#1234=FACE_OUTER_BOUND('',#1898,.T.);
#1235=FACE_OUTER_BOUND('',#1899,.T.);
#1236=FACE_OUTER_BOUND('',#1900,.T.);
#1237=FACE_OUTER_BOUND('',#1901,.T.);
#1238=FACE_OUTER_BOUND('',#1902,.T.);
#1239=FACE_OUTER_BOUND('',#1903,.T.);
#1240=FACE_OUTER_BOUND('',#1904,.T.);
#1241=FACE_OUTER_BOUND('',#1905,.T.);
#1242=FACE_OUTER_BOUND('',#1906,.T.);
#1243=FACE_OUTER_BOUND('',#1907,.T.);
#1244=FACE_OUTER_BOUND('',#1908,.T.);
#1245=FACE_OUTER_BOUND('',#1909,.T.);
#1246=FACE_OUTER_BOUND('',#1910,.T.);
#1247=FACE_OUTER_BOUND('',#1911,.T.);
#1248=FACE_OUTER_BOUND('',#1912,.T.);
#1249=FACE_OUTER_BOUND('',#1913,.T.);
#1250=FACE_OUTER_BOUND('',#1914,.T.);
#1251=FACE_OUTER_BOUND('',#1915,.T.);
#1252=FACE_OUTER_BOUND('',#1916,.T.);
#1253=FACE_OUTER_BOUND('',#1917,.T.);
#1254=FACE_OUTER_BOUND('',#1918,.T.);
#1255=FACE_OUTER_BOUND('',#1919,.T.);
#1256=FACE_OUTER_BOUND('',#1920,.T.);
#1257=FACE_OUTER_BOUND('',#1921,.T.);
#1258=FACE_OUTER_BOUND('',#1922,.T.);
#1259=FACE_OUTER_BOUND('',#1923,.T.);
#1260=FACE_OUTER_BOUND('',#1924,.T.);
#1261=FACE_OUTER_BOUND('',#1925,.T.);
#1262=FACE_OUTER_BOUND('',#1926,.T.);
#1263=FACE_OUTER_BOUND('',#1927,.T.);
#1264=FACE_OUTER_BOUND('',#1928,.T.);
#1265=FACE_OUTER_BOUND('',#1929,.T.);
#1266=FACE_OUTER_BOUND('',#1930,.T.);
#1267=FACE_OUTER_BOUND('',#1931,.T.);
#1268=FACE_OUTER_BOUND('',#1932,.T.);
#1269=FACE_OUTER_BOUND('',#1933,.T.);
#1270=FACE_OUTER_BOUND('',#1934,.T.);
#1271=FACE_OUTER_BOUND('',#1935,.T.);
#1272=FACE_OUTER_BOUND('',#1936,.T.);
#1273=FACE_OUTER_BOUND('',#1937,.T.);
#1274=FACE_OUTER_BOUND('',#1938,.T.);
#1275=FACE_OUTER_BOUND('',#1939,.T.);
#1276=FACE_OUTER_BOUND('',#1940,.T.);
#1277=FACE_OUTER_BOUND('',#1941,.T.);
#1278=FACE_OUTER_BOUND('',#1942,.T.);
#1279=FACE_OUTER_BOUND('',#1943,.T.);
#1280=FACE_OUTER_BOUND('',#1944,.T.);
#1281=FACE_OUTER_BOUND('',#1945,.T.);
#1282=FACE_OUTER_BOUND('',#1946,.T.);
#1283=FACE_OUTER_BOUND('',#1947,.T.);
#1284=FACE_OUTER_BOUND('',#1948,.T.);
#1285=FACE_OUTER_BOUND('',#1949,.T.);
#1286=FACE_OUTER_BOUND('',#1950,.T.);
#1287=FACE_OUTER_BOUND('',#1951,.T.);
#1288=FACE_OUTER_BOUND('',#1952,.T.);
#1289=FACE_OUTER_BOUND('',#1953,.T.);
#1290=FACE_OUTER_BOUND('',#1954,.T.);
#1291=FACE_OUTER_BOUND('',#1955,.T.);
#1292=FACE_OUTER_BOUND('',#1956,.T.);
#1293=FACE_OUTER_BOUND('',#1957,.T.);
#1294=FACE_OUTER_BOUND('',#1958,.T.);
#1295=FACE_OUTER_BOUND('',#1959,.T.);
#1296=FACE_OUTER_BOUND('',#1960,.T.);
#1297=FACE_OUTER_BOUND('',#1961,.T.);
#1298=FACE_OUTER_BOUND('',#1962,.T.);
#1299=FACE_OUTER_BOUND('',#1963,.T.);
#1300=FACE_OUTER_BOUND('',#1964,.T.);
#1301=FACE_OUTER_BOUND('',#1965,.T.);
#1302=FACE_OUTER_BOUND('',#1966,.T.);
#1303=FACE_OUTER_BOUND('',#1967,.T.);
#1304=FACE_OUTER_BOUND('',#1968,.T.);
#1305=FACE_OUTER_BOUND('',#1969,.T.);
#1306=FACE_OUTER_BOUND('',#1970,.T.);
#1307=FACE_OUTER_BOUND('',#1971,.T.);
#1308=FACE_OUTER_BOUND('',#1972,.T.);
#1309=FACE_OUTER_BOUND('',#1973,.T.);
#1310=FACE_OUTER_BOUND('',#1974,.T.);
#1311=FACE_OUTER_BOUND('',#1975,.T.);
#1312=FACE_OUTER_BOUND('',#1976,.T.);
#1313=FACE_OUTER_BOUND('',#1977,.T.);
#1314=FACE_OUTER_BOUND('',#1978,.T.);
#1315=FACE_OUTER_BOUND('',#1979,.T.);
#1316=EDGE_LOOP('',(#5876,#5877,#5878,#5879));
#1317=EDGE_LOOP('',(#5880));
#1318=EDGE_LOOP('',(#5881,#5882,#5883,#5884));
#1319=EDGE_LOOP('',(#5885));
#1320=EDGE_LOOP('',(#5886,#5887,#5888,#5889));
#1321=EDGE_LOOP('',(#5890));
#1322=EDGE_LOOP('',(#5891,#5892,#5893,#5894));
#1323=EDGE_LOOP('',(#5895));
#1324=EDGE_LOOP('',(#5896,#5897,#5898,#5899));
#1325=EDGE_LOOP('',(#5900));
#1326=EDGE_LOOP('',(#5901,#5902,#5903,#5904));
#1327=EDGE_LOOP('',(#5905));
#1328=EDGE_LOOP('',(#5906));
#1329=EDGE_LOOP('',(#5907));
#1330=EDGE_LOOP('',(#5908));
#1331=EDGE_LOOP('',(#5909));
#1332=EDGE_LOOP('',(#5910));
#1333=EDGE_LOOP('',(#5911,#5912,#5913,#5914,#5915,#5916,#5917,#5918));
#1334=EDGE_LOOP('',(#5919,#5920,#5921,#5922,#5923,#5924));
#1335=EDGE_LOOP('',(#5925,#5926,#5927,#5928,#5929,#5930));
#1336=EDGE_LOOP('',(#5931,#5932,#5933,#5934));
#1337=EDGE_LOOP('',(#5935,#5936,#5937,#5938));
#1338=EDGE_LOOP('',(#5939,#5940,#5941,#5942));
#1339=EDGE_LOOP('',(#5943,#5944,#5945,#5946));
#1340=EDGE_LOOP('',(#5947,#5948,#5949,#5950));
#1341=EDGE_LOOP('',(#5951,#5952,#5953,#5954));
#1342=EDGE_LOOP('',(#5955,#5956,#5957,#5958));
#1343=EDGE_LOOP('',(#5959,#5960,#5961,#5962,#5963,#5964,#5965,#5966,#5967,
#5968,#5969,#5970,#5971,#5972,#5973,#5974));
#1344=EDGE_LOOP('',(#5975,#5976,#5977,#5978,#5979,#5980,#5981,#5982,#5983,
#5984,#5985,#5986,#5987,#5988,#5989,#5990));
#1345=EDGE_LOOP('',(#5991,#5992,#5993,#5994));
#1346=EDGE_LOOP('',(#5995,#5996,#5997,#5998));
#1347=EDGE_LOOP('',(#5999));
#1348=EDGE_LOOP('',(#6000));
#1349=EDGE_LOOP('',(#6001));
#1350=EDGE_LOOP('',(#6002));
#1351=EDGE_LOOP('',(#6003));
#1352=EDGE_LOOP('',(#6004));
#1353=EDGE_LOOP('',(#6005));
#1354=EDGE_LOOP('',(#6006));
#1355=EDGE_LOOP('',(#6007));
#1356=EDGE_LOOP('',(#6008));
#1357=EDGE_LOOP('',(#6009));
#1358=EDGE_LOOP('',(#6010,#6011,#6012,#6013));
#1359=EDGE_LOOP('',(#6014,#6015,#6016,#6017,#6018));
#1360=EDGE_LOOP('',(#6019,#6020,#6021,#6022));
#1361=EDGE_LOOP('',(#6023,#6024,#6025,#6026));
#1362=EDGE_LOOP('',(#6027,#6028,#6029));
#1363=EDGE_LOOP('',(#6030,#6031,#6032));
#1364=EDGE_LOOP('',(#6033,#6034,#6035,#6036,#6037,#6038,#6039,#6040,#6041,
#6042,#6043,#6044,#6045,#6046,#6047,#6048,#6049,#6050,#6051,#6052,#6053,
#6054,#6055,#6056,#6057,#6058,#6059,#6060,#6061,#6062,#6063,#6064,#6065,
#6066,#6067,#6068,#6069,#6070,#6071,#6072,#6073,#6074,#6075,#6076,#6077,
#6078,#6079,#6080,#6081,#6082,#6083,#6084,#6085,#6086,#6087,#6088,#6089,
#6090,#6091,#6092,#6093,#6094,#6095,#6096,#6097,#6098,#6099,#6100,#6101,
#6102,#6103,#6104,#6105,#6106,#6107,#6108,#6109,#6110,#6111,#6112,#6113,
#6114,#6115,#6116,#6117,#6118,#6119,#6120,#6121,#6122,#6123,#6124,#6125,
#6126,#6127,#6128,#6129,#6130,#6131,#6132,#6133,#6134,#6135,#6136,#6137,
#6138,#6139,#6140,#6141,#6142));
#1365=EDGE_LOOP('',(#6143,#6144,#6145,#6146,#6147,#6148,#6149,#6150,#6151,
#6152,#6153,#6154,#6155,#6156,#6157,#6158,#6159,#6160,#6161,#6162,#6163,
#6164,#6165));
#1366=EDGE_LOOP('',(#6166,#6167,#6168,#6169,#6170,#6171,#6172,#6173,#6174,
#6175,#6176,#6177,#6178,#6179,#6180,#6181,#6182,#6183,#6184,#6185,#6186,
#6187,#6188,#6189,#6190,#6191,#6192,#6193,#6194,#6195,#6196,#6197,#6198,
#6199,#6200,#6201,#6202,#6203,#6204,#6205,#6206,#6207,#6208,#6209,#6210,
#6211,#6212,#6213,#6214,#6215,#6216,#6217,#6218,#6219,#6220,#6221,#6222,
#6223,#6224,#6225,#6226,#6227,#6228,#6229,#6230,#6231,#6232,#6233,#6234,
#6235,#6236,#6237,#6238,#6239,#6240,#6241,#6242,#6243,#6244,#6245,#6246,
#6247,#6248,#6249,#6250,#6251,#6252,#6253,#6254,#6255));
#1367=EDGE_LOOP('',(#6256,#6257,#6258,#6259,#6260,#6261,#6262,#6263,#6264,
#6265,#6266,#6267,#6268,#6269,#6270,#6271,#6272,#6273,#6274,#6275,#6276,
#6277));
#1368=EDGE_LOOP('',(#6278,#6279,#6280,#6281,#6282,#6283,#6284,#6285,#6286,
#6287,#6288,#6289,#6290,#6291,#6292,#6293,#6294,#6295,#6296,#6297,#6298,
#6299,#6300));
#1369=EDGE_LOOP('',(#6301,#6302,#6303,#6304));
#1370=EDGE_LOOP('',(#6305,#6306,#6307,#6308));
#1371=EDGE_LOOP('',(#6309,#6310,#6311));
#1372=EDGE_LOOP('',(#6312,#6313,#6314));
#1373=EDGE_LOOP('',(#6315,#6316,#6317,#6318,#6319,#6320,#6321,#6322));
#1374=EDGE_LOOP('',(#6323,#6324,#6325));
#1375=EDGE_LOOP('',(#6326,#6327,#6328));
#1376=EDGE_LOOP('',(#6329,#6330,#6331));
#1377=EDGE_LOOP('',(#6332,#6333,#6334));
#1378=EDGE_LOOP('',(#6335,#6336,#6337));
#1379=EDGE_LOOP('',(#6338,#6339,#6340));
#1380=EDGE_LOOP('',(#6341,#6342,#6343));
#1381=EDGE_LOOP('',(#6344,#6345,#6346));
#1382=EDGE_LOOP('',(#6347,#6348,#6349));
#1383=EDGE_LOOP('',(#6350,#6351,#6352));
#1384=EDGE_LOOP('',(#6353,#6354,#6355));
#1385=EDGE_LOOP('',(#6356,#6357,#6358));
#1386=EDGE_LOOP('',(#6359,#6360,#6361));
#1387=EDGE_LOOP('',(#6362,#6363,#6364));
#1388=EDGE_LOOP('',(#6365,#6366,#6367));
#1389=EDGE_LOOP('',(#6368,#6369,#6370));
#1390=EDGE_LOOP('',(#6371,#6372,#6373));
#1391=EDGE_LOOP('',(#6374,#6375,#6376));
#1392=EDGE_LOOP('',(#6377,#6378,#6379));
#1393=EDGE_LOOP('',(#6380,#6381,#6382));
#1394=EDGE_LOOP('',(#6383,#6384,#6385));
#1395=EDGE_LOOP('',(#6386,#6387,#6388));
#1396=EDGE_LOOP('',(#6389,#6390,#6391));
#1397=EDGE_LOOP('',(#6392,#6393,#6394));
#1398=EDGE_LOOP('',(#6395,#6396,#6397));
#1399=EDGE_LOOP('',(#6398,#6399,#6400));
#1400=EDGE_LOOP('',(#6401,#6402,#6403));
#1401=EDGE_LOOP('',(#6404,#6405,#6406));
#1402=EDGE_LOOP('',(#6407,#6408,#6409));
#1403=EDGE_LOOP('',(#6410,#6411,#6412));
#1404=EDGE_LOOP('',(#6413,#6414,#6415));
#1405=EDGE_LOOP('',(#6416,#6417,#6418));
#1406=EDGE_LOOP('',(#6419,#6420,#6421));
#1407=EDGE_LOOP('',(#6422,#6423,#6424));
#1408=EDGE_LOOP('',(#6425,#6426,#6427));
#1409=EDGE_LOOP('',(#6428,#6429,#6430));
#1410=EDGE_LOOP('',(#6431,#6432,#6433));
#1411=EDGE_LOOP('',(#6434,#6435,#6436));
#1412=EDGE_LOOP('',(#6437,#6438,#6439));
#1413=EDGE_LOOP('',(#6440,#6441,#6442));
#1414=EDGE_LOOP('',(#6443,#6444,#6445));
#1415=EDGE_LOOP('',(#6446,#6447,#6448,#6449));
#1416=EDGE_LOOP('',(#6450,#6451,#6452));
#1417=EDGE_LOOP('',(#6453,#6454,#6455));
#1418=EDGE_LOOP('',(#6456,#6457,#6458));
#1419=EDGE_LOOP('',(#6459,#6460,#6461));
#1420=EDGE_LOOP('',(#6462,#6463,#6464));
#1421=EDGE_LOOP('',(#6465,#6466,#6467));
#1422=EDGE_LOOP('',(#6468,#6469,#6470));
#1423=EDGE_LOOP('',(#6471,#6472,#6473));
#1424=EDGE_LOOP('',(#6474,#6475,#6476));
#1425=EDGE_LOOP('',(#6477,#6478,#6479));
#1426=EDGE_LOOP('',(#6480,#6481,#6482));
#1427=EDGE_LOOP('',(#6483,#6484,#6485));
#1428=EDGE_LOOP('',(#6486,#6487,#6488));
#1429=EDGE_LOOP('',(#6489,#6490,#6491));
#1430=EDGE_LOOP('',(#6492,#6493,#6494));
#1431=EDGE_LOOP('',(#6495,#6496,#6497));
#1432=EDGE_LOOP('',(#6498,#6499,#6500));
#1433=EDGE_LOOP('',(#6501,#6502,#6503));
#1434=EDGE_LOOP('',(#6504,#6505,#6506));
#1435=EDGE_LOOP('',(#6507,#6508,#6509));
#1436=EDGE_LOOP('',(#6510,#6511,#6512));
#1437=EDGE_LOOP('',(#6513,#6514,#6515));
#1438=EDGE_LOOP('',(#6516,#6517,#6518));
#1439=EDGE_LOOP('',(#6519,#6520,#6521));
#1440=EDGE_LOOP('',(#6522,#6523,#6524));
#1441=EDGE_LOOP('',(#6525,#6526,#6527));
#1442=EDGE_LOOP('',(#6528,#6529,#6530));
#1443=EDGE_LOOP('',(#6531,#6532,#6533));
#1444=EDGE_LOOP('',(#6534,#6535,#6536));
#1445=EDGE_LOOP('',(#6537,#6538,#6539));
#1446=EDGE_LOOP('',(#6540,#6541,#6542));
#1447=EDGE_LOOP('',(#6543,#6544,#6545));
#1448=EDGE_LOOP('',(#6546,#6547,#6548));
#1449=EDGE_LOOP('',(#6549,#6550,#6551));
#1450=EDGE_LOOP('',(#6552,#6553,#6554));
#1451=EDGE_LOOP('',(#6555,#6556,#6557));
#1452=EDGE_LOOP('',(#6558,#6559,#6560));
#1453=EDGE_LOOP('',(#6561,#6562,#6563));
#1454=EDGE_LOOP('',(#6564,#6565,#6566));
#1455=EDGE_LOOP('',(#6567,#6568,#6569));
#1456=EDGE_LOOP('',(#6570,#6571,#6572));
#1457=EDGE_LOOP('',(#6573,#6574,#6575));
#1458=EDGE_LOOP('',(#6576,#6577,#6578));
#1459=EDGE_LOOP('',(#6579,#6580,#6581));
#1460=EDGE_LOOP('',(#6582,#6583,#6584));
#1461=EDGE_LOOP('',(#6585,#6586,#6587));
#1462=EDGE_LOOP('',(#6588,#6589,#6590));
#1463=EDGE_LOOP('',(#6591,#6592,#6593));
#1464=EDGE_LOOP('',(#6594,#6595,#6596));
#1465=EDGE_LOOP('',(#6597,#6598,#6599));
#1466=EDGE_LOOP('',(#6600,#6601,#6602));
#1467=EDGE_LOOP('',(#6603,#6604,#6605));
#1468=EDGE_LOOP('',(#6606,#6607,#6608));
#1469=EDGE_LOOP('',(#6609,#6610,#6611));
#1470=EDGE_LOOP('',(#6612,#6613,#6614));
#1471=EDGE_LOOP('',(#6615,#6616,#6617));
#1472=EDGE_LOOP('',(#6618,#6619,#6620));
#1473=EDGE_LOOP('',(#6621,#6622,#6623));
#1474=EDGE_LOOP('',(#6624,#6625,#6626));
#1475=EDGE_LOOP('',(#6627,#6628,#6629));
#1476=EDGE_LOOP('',(#6630,#6631,#6632));
#1477=EDGE_LOOP('',(#6633,#6634,#6635));
#1478=EDGE_LOOP('',(#6636,#6637,#6638));
#1479=EDGE_LOOP('',(#6639,#6640,#6641));
#1480=EDGE_LOOP('',(#6642,#6643,#6644));
#1481=EDGE_LOOP('',(#6645,#6646,#6647));
#1482=EDGE_LOOP('',(#6648,#6649,#6650));
#1483=EDGE_LOOP('',(#6651,#6652,#6653));
#1484=EDGE_LOOP('',(#6654,#6655,#6656));
#1485=EDGE_LOOP('',(#6657,#6658,#6659));
#1486=EDGE_LOOP('',(#6660,#6661,#6662));
#1487=EDGE_LOOP('',(#6663,#6664,#6665));
#1488=EDGE_LOOP('',(#6666,#6667,#6668));
#1489=EDGE_LOOP('',(#6669,#6670,#6671));
#1490=EDGE_LOOP('',(#6672,#6673,#6674));
#1491=EDGE_LOOP('',(#6675,#6676,#6677));
#1492=EDGE_LOOP('',(#6678,#6679,#6680));
#1493=EDGE_LOOP('',(#6681,#6682,#6683));
#1494=EDGE_LOOP('',(#6684,#6685,#6686));
#1495=EDGE_LOOP('',(#6687,#6688,#6689));
#1496=EDGE_LOOP('',(#6690,#6691,#6692));
#1497=EDGE_LOOP('',(#6693,#6694,#6695));
#1498=EDGE_LOOP('',(#6696,#6697,#6698));
#1499=EDGE_LOOP('',(#6699,#6700,#6701));
#1500=EDGE_LOOP('',(#6702,#6703,#6704));
#1501=EDGE_LOOP('',(#6705,#6706,#6707));
#1502=EDGE_LOOP('',(#6708,#6709,#6710));
#1503=EDGE_LOOP('',(#6711,#6712,#6713));
#1504=EDGE_LOOP('',(#6714,#6715,#6716));
#1505=EDGE_LOOP('',(#6717,#6718,#6719));
#1506=EDGE_LOOP('',(#6720,#6721,#6722));
#1507=EDGE_LOOP('',(#6723,#6724,#6725));
#1508=EDGE_LOOP('',(#6726,#6727,#6728));
#1509=EDGE_LOOP('',(#6729,#6730,#6731));
#1510=EDGE_LOOP('',(#6732,#6733,#6734));
#1511=EDGE_LOOP('',(#6735,#6736,#6737));
#1512=EDGE_LOOP('',(#6738,#6739,#6740));
#1513=EDGE_LOOP('',(#6741,#6742,#6743));
#1514=EDGE_LOOP('',(#6744,#6745,#6746));
#1515=EDGE_LOOP('',(#6747,#6748,#6749));
#1516=EDGE_LOOP('',(#6750,#6751,#6752));
#1517=EDGE_LOOP('',(#6753,#6754,#6755));
#1518=EDGE_LOOP('',(#6756,#6757,#6758));
#1519=EDGE_LOOP('',(#6759,#6760,#6761));
#1520=EDGE_LOOP('',(#6762,#6763,#6764));
#1521=EDGE_LOOP('',(#6765,#6766,#6767));
#1522=EDGE_LOOP('',(#6768,#6769,#6770));
#1523=EDGE_LOOP('',(#6771,#6772,#6773));
#1524=EDGE_LOOP('',(#6774,#6775,#6776));
#1525=EDGE_LOOP('',(#6777,#6778,#6779));
#1526=EDGE_LOOP('',(#6780,#6781,#6782));
#1527=EDGE_LOOP('',(#6783,#6784,#6785));
#1528=EDGE_LOOP('',(#6786,#6787,#6788));
#1529=EDGE_LOOP('',(#6789,#6790,#6791));
#1530=EDGE_LOOP('',(#6792,#6793,#6794));
#1531=EDGE_LOOP('',(#6795,#6796,#6797));
#1532=EDGE_LOOP('',(#6798,#6799,#6800));
#1533=EDGE_LOOP('',(#6801,#6802,#6803));
#1534=EDGE_LOOP('',(#6804,#6805,#6806));
#1535=EDGE_LOOP('',(#6807,#6808,#6809));
#1536=EDGE_LOOP('',(#6810,#6811,#6812));
#1537=EDGE_LOOP('',(#6813,#6814,#6815));
#1538=EDGE_LOOP('',(#6816,#6817,#6818));
#1539=EDGE_LOOP('',(#6819,#6820,#6821));
#1540=EDGE_LOOP('',(#6822,#6823,#6824));
#1541=EDGE_LOOP('',(#6825,#6826,#6827));
#1542=EDGE_LOOP('',(#6828,#6829,#6830));
#1543=EDGE_LOOP('',(#6831,#6832,#6833));
#1544=EDGE_LOOP('',(#6834,#6835,#6836));
#1545=EDGE_LOOP('',(#6837,#6838,#6839));
#1546=EDGE_LOOP('',(#6840,#6841,#6842));
#1547=EDGE_LOOP('',(#6843,#6844,#6845));
#1548=EDGE_LOOP('',(#6846,#6847,#6848));
#1549=EDGE_LOOP('',(#6849,#6850,#6851));
#1550=EDGE_LOOP('',(#6852,#6853,#6854));
#1551=EDGE_LOOP('',(#6855,#6856,#6857));
#1552=EDGE_LOOP('',(#6858,#6859,#6860));
#1553=EDGE_LOOP('',(#6861,#6862,#6863));
#1554=EDGE_LOOP('',(#6864,#6865,#6866));
#1555=EDGE_LOOP('',(#6867,#6868,#6869));
#1556=EDGE_LOOP('',(#6870,#6871,#6872));
#1557=EDGE_LOOP('',(#6873,#6874,#6875));
#1558=EDGE_LOOP('',(#6876,#6877,#6878));
#1559=EDGE_LOOP('',(#6879,#6880,#6881));
#1560=EDGE_LOOP('',(#6882,#6883,#6884));
#1561=EDGE_LOOP('',(#6885,#6886,#6887));
#1562=EDGE_LOOP('',(#6888,#6889,#6890));
#1563=EDGE_LOOP('',(#6891,#6892,#6893));
#1564=EDGE_LOOP('',(#6894,#6895,#6896));
#1565=EDGE_LOOP('',(#6897,#6898,#6899));
#1566=EDGE_LOOP('',(#6900,#6901,#6902));
#1567=EDGE_LOOP('',(#6903,#6904,#6905,#6906));
#1568=EDGE_LOOP('',(#6907,#6908,#6909));
#1569=EDGE_LOOP('',(#6910,#6911,#6912));
#1570=EDGE_LOOP('',(#6913,#6914,#6915));
#1571=EDGE_LOOP('',(#6916,#6917,#6918));
#1572=EDGE_LOOP('',(#6919,#6920,#6921));
#1573=EDGE_LOOP('',(#6922,#6923,#6924));
#1574=EDGE_LOOP('',(#6925,#6926,#6927));
#1575=EDGE_LOOP('',(#6928,#6929,#6930));
#1576=EDGE_LOOP('',(#6931,#6932,#6933));
#1577=EDGE_LOOP('',(#6934,#6935,#6936));
#1578=EDGE_LOOP('',(#6937,#6938,#6939));
#1579=EDGE_LOOP('',(#6940,#6941,#6942));
#1580=EDGE_LOOP('',(#6943,#6944,#6945));
#1581=EDGE_LOOP('',(#6946,#6947,#6948));
#1582=EDGE_LOOP('',(#6949,#6950,#6951));
#1583=EDGE_LOOP('',(#6952,#6953,#6954));
#1584=EDGE_LOOP('',(#6955,#6956,#6957));
#1585=EDGE_LOOP('',(#6958,#6959,#6960));
#1586=EDGE_LOOP('',(#6961,#6962,#6963));
#1587=EDGE_LOOP('',(#6964,#6965,#6966));
#1588=EDGE_LOOP('',(#6967,#6968,#6969));
#1589=EDGE_LOOP('',(#6970,#6971,#6972));
#1590=EDGE_LOOP('',(#6973,#6974,#6975));
#1591=EDGE_LOOP('',(#6976,#6977,#6978));
#1592=EDGE_LOOP('',(#6979,#6980,#6981));
#1593=EDGE_LOOP('',(#6982,#6983,#6984));
#1594=EDGE_LOOP('',(#6985,#6986,#6987));
#1595=EDGE_LOOP('',(#6988,#6989,#6990));
#1596=EDGE_LOOP('',(#6991,#6992,#6993));
#1597=EDGE_LOOP('',(#6994,#6995,#6996));
#1598=EDGE_LOOP('',(#6997,#6998,#6999));
#1599=EDGE_LOOP('',(#7000,#7001,#7002));
#1600=EDGE_LOOP('',(#7003,#7004,#7005));
#1601=EDGE_LOOP('',(#7006,#7007,#7008));
#1602=EDGE_LOOP('',(#7009,#7010,#7011));
#1603=EDGE_LOOP('',(#7012,#7013,#7014));
#1604=EDGE_LOOP('',(#7015,#7016,#7017));
#1605=EDGE_LOOP('',(#7018,#7019,#7020));
#1606=EDGE_LOOP('',(#7021,#7022,#7023));
#1607=EDGE_LOOP('',(#7024,#7025,#7026));
#1608=EDGE_LOOP('',(#7027,#7028,#7029));
#1609=EDGE_LOOP('',(#7030,#7031,#7032));
#1610=EDGE_LOOP('',(#7033,#7034,#7035));
#1611=EDGE_LOOP('',(#7036,#7037,#7038));
#1612=EDGE_LOOP('',(#7039,#7040,#7041));
#1613=EDGE_LOOP('',(#7042,#7043,#7044));
#1614=EDGE_LOOP('',(#7045,#7046,#7047));
#1615=EDGE_LOOP('',(#7048,#7049,#7050));
#1616=EDGE_LOOP('',(#7051,#7052,#7053));
#1617=EDGE_LOOP('',(#7054,#7055,#7056));
#1618=EDGE_LOOP('',(#7057,#7058,#7059));
#1619=EDGE_LOOP('',(#7060,#7061,#7062));
#1620=EDGE_LOOP('',(#7063,#7064,#7065));
#1621=EDGE_LOOP('',(#7066,#7067,#7068));
#1622=EDGE_LOOP('',(#7069,#7070,#7071));
#1623=EDGE_LOOP('',(#7072,#7073,#7074));
#1624=EDGE_LOOP('',(#7075,#7076,#7077));
#1625=EDGE_LOOP('',(#7078,#7079,#7080));
#1626=EDGE_LOOP('',(#7081,#7082,#7083));
#1627=EDGE_LOOP('',(#7084,#7085,#7086));
#1628=EDGE_LOOP('',(#7087,#7088,#7089));
#1629=EDGE_LOOP('',(#7090,#7091,#7092));
#1630=EDGE_LOOP('',(#7093,#7094,#7095));
#1631=EDGE_LOOP('',(#7096,#7097,#7098));
#1632=EDGE_LOOP('',(#7099,#7100,#7101));
#1633=EDGE_LOOP('',(#7102,#7103,#7104));
#1634=EDGE_LOOP('',(#7105,#7106,#7107));
#1635=EDGE_LOOP('',(#7108,#7109,#7110));
#1636=EDGE_LOOP('',(#7111,#7112,#7113));
#1637=EDGE_LOOP('',(#7114,#7115,#7116));
#1638=EDGE_LOOP('',(#7117,#7118,#7119));
#1639=EDGE_LOOP('',(#7120,#7121,#7122));
#1640=EDGE_LOOP('',(#7123,#7124,#7125));
#1641=EDGE_LOOP('',(#7126,#7127,#7128));
#1642=EDGE_LOOP('',(#7129,#7130,#7131));
#1643=EDGE_LOOP('',(#7132,#7133,#7134));
#1644=EDGE_LOOP('',(#7135,#7136,#7137));
#1645=EDGE_LOOP('',(#7138,#7139,#7140));
#1646=EDGE_LOOP('',(#7141,#7142,#7143));
#1647=EDGE_LOOP('',(#7144,#7145,#7146));
#1648=EDGE_LOOP('',(#7147,#7148,#7149));
#1649=EDGE_LOOP('',(#7150,#7151,#7152));
#1650=EDGE_LOOP('',(#7153,#7154,#7155));
#1651=EDGE_LOOP('',(#7156,#7157,#7158,#7159));
#1652=EDGE_LOOP('',(#7160,#7161,#7162));
#1653=EDGE_LOOP('',(#7163,#7164,#7165));
#1654=EDGE_LOOP('',(#7166,#7167,#7168));
#1655=EDGE_LOOP('',(#7169,#7170,#7171));
#1656=EDGE_LOOP('',(#7172,#7173,#7174,#7175));
#1657=EDGE_LOOP('',(#7176,#7177,#7178));
#1658=EDGE_LOOP('',(#7179,#7180,#7181));
#1659=EDGE_LOOP('',(#7182,#7183,#7184));
#1660=EDGE_LOOP('',(#7185,#7186,#7187));
#1661=EDGE_LOOP('',(#7188,#7189,#7190));
#1662=EDGE_LOOP('',(#7191,#7192,#7193));
#1663=EDGE_LOOP('',(#7194,#7195,#7196));
#1664=EDGE_LOOP('',(#7197,#7198,#7199));
#1665=EDGE_LOOP('',(#7200,#7201,#7202));
#1666=EDGE_LOOP('',(#7203,#7204,#7205));
#1667=EDGE_LOOP('',(#7206,#7207,#7208));
#1668=EDGE_LOOP('',(#7209,#7210,#7211));
#1669=EDGE_LOOP('',(#7212,#7213,#7214));
#1670=EDGE_LOOP('',(#7215,#7216,#7217));
#1671=EDGE_LOOP('',(#7218,#7219,#7220));
#1672=EDGE_LOOP('',(#7221,#7222,#7223));
#1673=EDGE_LOOP('',(#7224,#7225,#7226));
#1674=EDGE_LOOP('',(#7227,#7228,#7229));
#1675=EDGE_LOOP('',(#7230,#7231,#7232));
#1676=EDGE_LOOP('',(#7233,#7234,#7235));
#1677=EDGE_LOOP('',(#7236,#7237,#7238));
#1678=EDGE_LOOP('',(#7239,#7240,#7241));
#1679=EDGE_LOOP('',(#7242,#7243,#7244));
#1680=EDGE_LOOP('',(#7245,#7246,#7247));
#1681=EDGE_LOOP('',(#7248,#7249,#7250));
#1682=EDGE_LOOP('',(#7251,#7252,#7253));
#1683=EDGE_LOOP('',(#7254,#7255,#7256));
#1684=EDGE_LOOP('',(#7257,#7258,#7259));
#1685=EDGE_LOOP('',(#7260,#7261,#7262));
#1686=EDGE_LOOP('',(#7263,#7264,#7265));
#1687=EDGE_LOOP('',(#7266,#7267,#7268));
#1688=EDGE_LOOP('',(#7269,#7270,#7271));
#1689=EDGE_LOOP('',(#7272,#7273,#7274));
#1690=EDGE_LOOP('',(#7275,#7276,#7277));
#1691=EDGE_LOOP('',(#7278,#7279,#7280));
#1692=EDGE_LOOP('',(#7281,#7282,#7283));
#1693=EDGE_LOOP('',(#7284,#7285,#7286));
#1694=EDGE_LOOP('',(#7287,#7288,#7289));
#1695=EDGE_LOOP('',(#7290,#7291,#7292));
#1696=EDGE_LOOP('',(#7293,#7294,#7295));
#1697=EDGE_LOOP('',(#7296,#7297,#7298));
#1698=EDGE_LOOP('',(#7299,#7300,#7301));
#1699=EDGE_LOOP('',(#7302,#7303,#7304));
#1700=EDGE_LOOP('',(#7305,#7306,#7307));
#1701=EDGE_LOOP('',(#7308,#7309,#7310));
#1702=EDGE_LOOP('',(#7311,#7312,#7313));
#1703=EDGE_LOOP('',(#7314,#7315,#7316));
#1704=EDGE_LOOP('',(#7317,#7318,#7319));
#1705=EDGE_LOOP('',(#7320,#7321,#7322));
#1706=EDGE_LOOP('',(#7323,#7324,#7325));
#1707=EDGE_LOOP('',(#7326,#7327,#7328));
#1708=EDGE_LOOP('',(#7329,#7330,#7331));
#1709=EDGE_LOOP('',(#7332,#7333,#7334));
#1710=EDGE_LOOP('',(#7335,#7336,#7337));
#1711=EDGE_LOOP('',(#7338,#7339,#7340));
#1712=EDGE_LOOP('',(#7341,#7342,#7343));
#1713=EDGE_LOOP('',(#7344,#7345,#7346));
#1714=EDGE_LOOP('',(#7347,#7348,#7349));
#1715=EDGE_LOOP('',(#7350,#7351,#7352));
#1716=EDGE_LOOP('',(#7353,#7354,#7355));
#1717=EDGE_LOOP('',(#7356,#7357,#7358));
#1718=EDGE_LOOP('',(#7359,#7360,#7361));
#1719=EDGE_LOOP('',(#7362,#7363,#7364));
#1720=EDGE_LOOP('',(#7365,#7366,#7367));
#1721=EDGE_LOOP('',(#7368,#7369,#7370));
#1722=EDGE_LOOP('',(#7371,#7372,#7373));
#1723=EDGE_LOOP('',(#7374,#7375,#7376));
#1724=EDGE_LOOP('',(#7377,#7378,#7379,#7380));
#1725=EDGE_LOOP('',(#7381,#7382,#7383));
#1726=EDGE_LOOP('',(#7384,#7385,#7386));
#1727=EDGE_LOOP('',(#7387,#7388,#7389));
#1728=EDGE_LOOP('',(#7390,#7391,#7392));
#1729=EDGE_LOOP('',(#7393,#7394,#7395));
#1730=EDGE_LOOP('',(#7396,#7397,#7398));
#1731=EDGE_LOOP('',(#7399,#7400,#7401));
#1732=EDGE_LOOP('',(#7402,#7403,#7404));
#1733=EDGE_LOOP('',(#7405,#7406,#7407));
#1734=EDGE_LOOP('',(#7408,#7409,#7410));
#1735=EDGE_LOOP('',(#7411,#7412,#7413));
#1736=EDGE_LOOP('',(#7414,#7415,#7416));
#1737=EDGE_LOOP('',(#7417,#7418,#7419));
#1738=EDGE_LOOP('',(#7420,#7421,#7422));
#1739=EDGE_LOOP('',(#7423,#7424,#7425));
#1740=EDGE_LOOP('',(#7426,#7427,#7428));
#1741=EDGE_LOOP('',(#7429,#7430,#7431));
#1742=EDGE_LOOP('',(#7432,#7433,#7434));
#1743=EDGE_LOOP('',(#7435,#7436,#7437));
#1744=EDGE_LOOP('',(#7438,#7439,#7440));
#1745=EDGE_LOOP('',(#7441,#7442,#7443));
#1746=EDGE_LOOP('',(#7444,#7445,#7446));
#1747=EDGE_LOOP('',(#7447,#7448,#7449));
#1748=EDGE_LOOP('',(#7450,#7451,#7452));
#1749=EDGE_LOOP('',(#7453,#7454,#7455));
#1750=EDGE_LOOP('',(#7456,#7457,#7458));
#1751=EDGE_LOOP('',(#7459,#7460,#7461));
#1752=EDGE_LOOP('',(#7462,#7463,#7464));
#1753=EDGE_LOOP('',(#7465,#7466,#7467));
#1754=EDGE_LOOP('',(#7468,#7469,#7470));
#1755=EDGE_LOOP('',(#7471,#7472,#7473));
#1756=EDGE_LOOP('',(#7474,#7475,#7476,#7477));
#1757=EDGE_LOOP('',(#7478,#7479,#7480));
#1758=EDGE_LOOP('',(#7481,#7482,#7483));
#1759=EDGE_LOOP('',(#7484,#7485,#7486));
#1760=EDGE_LOOP('',(#7487,#7488,#7489));
#1761=EDGE_LOOP('',(#7490,#7491,#7492));
#1762=EDGE_LOOP('',(#7493,#7494,#7495));
#1763=EDGE_LOOP('',(#7496,#7497,#7498));
#1764=EDGE_LOOP('',(#7499,#7500,#7501));
#1765=EDGE_LOOP('',(#7502,#7503,#7504));
#1766=EDGE_LOOP('',(#7505,#7506,#7507));
#1767=EDGE_LOOP('',(#7508,#7509,#7510));
#1768=EDGE_LOOP('',(#7511,#7512,#7513));
#1769=EDGE_LOOP('',(#7514,#7515,#7516));
#1770=EDGE_LOOP('',(#7517,#7518,#7519));
#1771=EDGE_LOOP('',(#7520,#7521,#7522));
#1772=EDGE_LOOP('',(#7523,#7524,#7525));
#1773=EDGE_LOOP('',(#7526,#7527,#7528,#7529));
#1774=EDGE_LOOP('',(#7530,#7531,#7532));
#1775=EDGE_LOOP('',(#7533,#7534,#7535));
#1776=EDGE_LOOP('',(#7536,#7537,#7538));
#1777=EDGE_LOOP('',(#7539,#7540,#7541));
#1778=EDGE_LOOP('',(#7542,#7543,#7544));
#1779=EDGE_LOOP('',(#7545,#7546,#7547,#7548));
#1780=EDGE_LOOP('',(#7549,#7550,#7551));
#1781=EDGE_LOOP('',(#7552,#7553,#7554));
#1782=EDGE_LOOP('',(#7555,#7556,#7557));
#1783=EDGE_LOOP('',(#7558,#7559,#7560));
#1784=EDGE_LOOP('',(#7561,#7562,#7563));
#1785=EDGE_LOOP('',(#7564,#7565,#7566,#7567));
#1786=EDGE_LOOP('',(#7568,#7569,#7570));
#1787=EDGE_LOOP('',(#7571,#7572,#7573));
#1788=EDGE_LOOP('',(#7574,#7575,#7576));
#1789=EDGE_LOOP('',(#7577,#7578,#7579));
#1790=EDGE_LOOP('',(#7580,#7581,#7582));
#1791=EDGE_LOOP('',(#7583,#7584,#7585));
#1792=EDGE_LOOP('',(#7586,#7587,#7588));
#1793=EDGE_LOOP('',(#7589,#7590,#7591));
#1794=EDGE_LOOP('',(#7592,#7593,#7594));
#1795=EDGE_LOOP('',(#7595,#7596,#7597));
#1796=EDGE_LOOP('',(#7598,#7599,#7600));
#1797=EDGE_LOOP('',(#7601,#7602,#7603));
#1798=EDGE_LOOP('',(#7604,#7605,#7606));
#1799=EDGE_LOOP('',(#7607,#7608,#7609));
#1800=EDGE_LOOP('',(#7610,#7611,#7612));
#1801=EDGE_LOOP('',(#7613,#7614,#7615));
#1802=EDGE_LOOP('',(#7616,#7617,#7618));
#1803=EDGE_LOOP('',(#7619,#7620,#7621,#7622));
#1804=EDGE_LOOP('',(#7623,#7624,#7625));
#1805=EDGE_LOOP('',(#7626,#7627,#7628));
#1806=EDGE_LOOP('',(#7629,#7630,#7631));
#1807=EDGE_LOOP('',(#7632,#7633,#7634,#7635));
#1808=EDGE_LOOP('',(#7636,#7637,#7638));
#1809=EDGE_LOOP('',(#7639,#7640,#7641));
#1810=EDGE_LOOP('',(#7642,#7643,#7644));
#1811=EDGE_LOOP('',(#7645,#7646,#7647));
#1812=EDGE_LOOP('',(#7648,#7649,#7650));
#1813=EDGE_LOOP('',(#7651,#7652,#7653));
#1814=EDGE_LOOP('',(#7654,#7655,#7656));
#1815=EDGE_LOOP('',(#7657,#7658,#7659));
#1816=EDGE_LOOP('',(#7660,#7661,#7662));
#1817=EDGE_LOOP('',(#7663,#7664,#7665));
#1818=EDGE_LOOP('',(#7666,#7667,#7668));
#1819=EDGE_LOOP('',(#7669,#7670,#7671,#7672));
#1820=EDGE_LOOP('',(#7673,#7674,#7675));
#1821=EDGE_LOOP('',(#7676,#7677,#7678));
#1822=EDGE_LOOP('',(#7679,#7680,#7681));
#1823=EDGE_LOOP('',(#7682,#7683,#7684));
#1824=EDGE_LOOP('',(#7685,#7686,#7687));
#1825=EDGE_LOOP('',(#7688,#7689,#7690));
#1826=EDGE_LOOP('',(#7691,#7692,#7693));
#1827=EDGE_LOOP('',(#7694,#7695,#7696));
#1828=EDGE_LOOP('',(#7697,#7698,#7699));
#1829=EDGE_LOOP('',(#7700,#7701,#7702));
#1830=EDGE_LOOP('',(#7703,#7704,#7705));
#1831=EDGE_LOOP('',(#7706,#7707,#7708));
#1832=EDGE_LOOP('',(#7709,#7710,#7711));
#1833=EDGE_LOOP('',(#7712,#7713,#7714));
#1834=EDGE_LOOP('',(#7715,#7716,#7717));
#1835=EDGE_LOOP('',(#7718,#7719,#7720));
#1836=EDGE_LOOP('',(#7721,#7722,#7723));
#1837=EDGE_LOOP('',(#7724,#7725,#7726));
#1838=EDGE_LOOP('',(#7727,#7728,#7729));
#1839=EDGE_LOOP('',(#7730,#7731,#7732));
#1840=EDGE_LOOP('',(#7733,#7734,#7735));
#1841=EDGE_LOOP('',(#7736,#7737,#7738));
#1842=EDGE_LOOP('',(#7739,#7740,#7741));
#1843=EDGE_LOOP('',(#7742,#7743,#7744));
#1844=EDGE_LOOP('',(#7745,#7746,#7747));
#1845=EDGE_LOOP('',(#7748,#7749,#7750));
#1846=EDGE_LOOP('',(#7751,#7752,#7753));
#1847=EDGE_LOOP('',(#7754,#7755,#7756));
#1848=EDGE_LOOP('',(#7757,#7758,#7759));
#1849=EDGE_LOOP('',(#7760,#7761,#7762));
#1850=EDGE_LOOP('',(#7763,#7764,#7765));
#1851=EDGE_LOOP('',(#7766,#7767,#7768));
#1852=EDGE_LOOP('',(#7769,#7770,#7771));
#1853=EDGE_LOOP('',(#7772,#7773,#7774));
#1854=EDGE_LOOP('',(#7775,#7776,#7777));
#1855=EDGE_LOOP('',(#7778,#7779,#7780));
#1856=EDGE_LOOP('',(#7781,#7782,#7783));
#1857=EDGE_LOOP('',(#7784,#7785,#7786));
#1858=EDGE_LOOP('',(#7787,#7788,#7789));
#1859=EDGE_LOOP('',(#7790,#7791,#7792));
#1860=EDGE_LOOP('',(#7793,#7794,#7795));
#1861=EDGE_LOOP('',(#7796,#7797,#7798));
#1862=EDGE_LOOP('',(#7799,#7800,#7801));
#1863=EDGE_LOOP('',(#7802,#7803,#7804));
#1864=EDGE_LOOP('',(#7805,#7806,#7807));
#1865=EDGE_LOOP('',(#7808,#7809,#7810));
#1866=EDGE_LOOP('',(#7811,#7812,#7813));
#1867=EDGE_LOOP('',(#7814,#7815,#7816));
#1868=EDGE_LOOP('',(#7817,#7818,#7819));
#1869=EDGE_LOOP('',(#7820,#7821,#7822));
#1870=EDGE_LOOP('',(#7823,#7824,#7825));
#1871=EDGE_LOOP('',(#7826,#7827,#7828));
#1872=EDGE_LOOP('',(#7829,#7830,#7831));
#1873=EDGE_LOOP('',(#7832,#7833,#7834));
#1874=EDGE_LOOP('',(#7835,#7836,#7837));
#1875=EDGE_LOOP('',(#7838,#7839,#7840));
#1876=EDGE_LOOP('',(#7841,#7842,#7843));
#1877=EDGE_LOOP('',(#7844,#7845,#7846));
#1878=EDGE_LOOP('',(#7847,#7848,#7849));
#1879=EDGE_LOOP('',(#7850,#7851,#7852));
#1880=EDGE_LOOP('',(#7853,#7854,#7855));
#1881=EDGE_LOOP('',(#7856,#7857,#7858));
#1882=EDGE_LOOP('',(#7859,#7860,#7861));
#1883=EDGE_LOOP('',(#7862,#7863,#7864));
#1884=EDGE_LOOP('',(#7865,#7866,#7867));
#1885=EDGE_LOOP('',(#7868,#7869,#7870));
#1886=EDGE_LOOP('',(#7871,#7872,#7873,#7874));
#1887=EDGE_LOOP('',(#7875,#7876,#7877));
#1888=EDGE_LOOP('',(#7878,#7879,#7880));
#1889=EDGE_LOOP('',(#7881,#7882,#7883));
#1890=EDGE_LOOP('',(#7884,#7885,#7886));
#1891=EDGE_LOOP('',(#7887,#7888,#7889));
#1892=EDGE_LOOP('',(#7890,#7891,#7892));
#1893=EDGE_LOOP('',(#7893,#7894,#7895));
#1894=EDGE_LOOP('',(#7896,#7897,#7898));
#1895=EDGE_LOOP('',(#7899,#7900,#7901));
#1896=EDGE_LOOP('',(#7902,#7903,#7904));
#1897=EDGE_LOOP('',(#7905,#7906,#7907));
#1898=EDGE_LOOP('',(#7908,#7909,#7910));
#1899=EDGE_LOOP('',(#7911,#7912,#7913));
#1900=EDGE_LOOP('',(#7914,#7915,#7916));
#1901=EDGE_LOOP('',(#7917,#7918,#7919));
#1902=EDGE_LOOP('',(#7920,#7921,#7922));
#1903=EDGE_LOOP('',(#7923,#7924,#7925));
#1904=EDGE_LOOP('',(#7926,#7927,#7928));
#1905=EDGE_LOOP('',(#7929,#7930,#7931));
#1906=EDGE_LOOP('',(#7932,#7933,#7934));
#1907=EDGE_LOOP('',(#7935,#7936,#7937));
#1908=EDGE_LOOP('',(#7938,#7939,#7940));
#1909=EDGE_LOOP('',(#7941,#7942,#7943));
#1910=EDGE_LOOP('',(#7944,#7945,#7946));
#1911=EDGE_LOOP('',(#7947,#7948,#7949));
#1912=EDGE_LOOP('',(#7950,#7951,#7952));
#1913=EDGE_LOOP('',(#7953,#7954,#7955));
#1914=EDGE_LOOP('',(#7956,#7957,#7958));
#1915=EDGE_LOOP('',(#7959,#7960,#7961));
#1916=EDGE_LOOP('',(#7962,#7963,#7964));
#1917=EDGE_LOOP('',(#7965,#7966,#7967));
#1918=EDGE_LOOP('',(#7968,#7969,#7970,#7971));
#1919=EDGE_LOOP('',(#7972,#7973,#7974));
#1920=EDGE_LOOP('',(#7975,#7976,#7977));
#1921=EDGE_LOOP('',(#7978,#7979,#7980));
#1922=EDGE_LOOP('',(#7981,#7982,#7983));
#1923=EDGE_LOOP('',(#7984,#7985,#7986));
#1924=EDGE_LOOP('',(#7987,#7988,#7989));
#1925=EDGE_LOOP('',(#7990,#7991,#7992));
#1926=EDGE_LOOP('',(#7993,#7994,#7995));
#1927=EDGE_LOOP('',(#7996,#7997,#7998,#7999));
#1928=EDGE_LOOP('',(#8000,#8001,#8002));
#1929=EDGE_LOOP('',(#8003,#8004,#8005));
#1930=EDGE_LOOP('',(#8006,#8007,#8008));
#1931=EDGE_LOOP('',(#8009,#8010,#8011));
#1932=EDGE_LOOP('',(#8012,#8013,#8014));
#1933=EDGE_LOOP('',(#8015,#8016,#8017));
#1934=EDGE_LOOP('',(#8018,#8019,#8020));
#1935=EDGE_LOOP('',(#8021,#8022,#8023));
#1936=EDGE_LOOP('',(#8024,#8025,#8026));
#1937=EDGE_LOOP('',(#8027,#8028,#8029));
#1938=EDGE_LOOP('',(#8030,#8031,#8032));
#1939=EDGE_LOOP('',(#8033,#8034,#8035));
#1940=EDGE_LOOP('',(#8036,#8037,#8038));
#1941=EDGE_LOOP('',(#8039,#8040,#8041));
#1942=EDGE_LOOP('',(#8042,#8043,#8044));
#1943=EDGE_LOOP('',(#8045,#8046,#8047));
#1944=EDGE_LOOP('',(#8048,#8049,#8050));
#1945=EDGE_LOOP('',(#8051,#8052,#8053));
#1946=EDGE_LOOP('',(#8054,#8055,#8056));
#1947=EDGE_LOOP('',(#8057,#8058,#8059));
#1948=EDGE_LOOP('',(#8060,#8061,#8062));
#1949=EDGE_LOOP('',(#8063,#8064,#8065));
#1950=EDGE_LOOP('',(#8066,#8067,#8068));
#1951=EDGE_LOOP('',(#8069,#8070,#8071));
#1952=EDGE_LOOP('',(#8072,#8073,#8074));
#1953=EDGE_LOOP('',(#8075,#8076,#8077));
#1954=EDGE_LOOP('',(#8078,#8079,#8080));
#1955=EDGE_LOOP('',(#8081,#8082,#8083));
#1956=EDGE_LOOP('',(#8084,#8085,#8086));
#1957=EDGE_LOOP('',(#8087,#8088,#8089));
#1958=EDGE_LOOP('',(#8090,#8091,#8092));
#1959=EDGE_LOOP('',(#8093,#8094,#8095));
#1960=EDGE_LOOP('',(#8096,#8097,#8098));
#1961=EDGE_LOOP('',(#8099,#8100,#8101));
#1962=EDGE_LOOP('',(#8102,#8103,#8104));
#1963=EDGE_LOOP('',(#8105,#8106,#8107));
#1964=EDGE_LOOP('',(#8108,#8109,#8110));
#1965=EDGE_LOOP('',(#8111,#8112,#8113));
#1966=EDGE_LOOP('',(#8114,#8115,#8116));
#1967=EDGE_LOOP('',(#8117,#8118,#8119));
#1968=EDGE_LOOP('',(#8120,#8121,#8122));
#1969=EDGE_LOOP('',(#8123,#8124,#8125));
#1970=EDGE_LOOP('',(#8126,#8127,#8128));
#1971=EDGE_LOOP('',(#8129,#8130,#8131));
#1972=EDGE_LOOP('',(#8132,#8133,#8134));
#1973=EDGE_LOOP('',(#8135,#8136,#8137));
#1974=EDGE_LOOP('',(#8138,#8139,#8140));
#1975=EDGE_LOOP('',(#8141,#8142,#8143));
#1976=EDGE_LOOP('',(#8144,#8145,#8146));
#1977=EDGE_LOOP('',(#8147,#8148,#8149));
#1978=EDGE_LOOP('',(#8150,#8151,#8152));
#1979=EDGE_LOOP('',(#8153,#8154,#8155));
#1980=LINE('',#11970,#3094);
#1981=LINE('',#11977,#3095);
#1982=LINE('',#11984,#3096);
#1983=LINE('',#11991,#3097);
#1984=LINE('',#11998,#3098);
#1985=LINE('',#12005,#3099);
#1986=LINE('',#12026,#3100);
#1987=LINE('',#12028,#3101);
#1988=LINE('',#12030,#3102);
#1989=LINE('',#12032,#3103);
#1990=LINE('',#12034,#3104);
#1991=LINE('',#12036,#3105);
#1992=LINE('',#12038,#3106);
#1993=LINE('',#12039,#3107);
#1994=LINE('',#12042,#3108);
#1995=LINE('',#12044,#3109);
#1996=LINE('',#12046,#3110);
#1997=LINE('',#12048,#3111);
#1998=LINE('',#12049,#3112);
#1999=LINE('',#12052,#3113);
#2000=LINE('',#12054,#3114);
#2001=LINE('',#12056,#3115);
#2002=LINE('',#12058,#3116);
#2003=LINE('',#12059,#3117);
#2004=LINE('',#12063,#3118);
#2005=LINE('',#12065,#3119);
#2006=LINE('',#12067,#3120);
#2007=LINE('',#12068,#3121);
#2008=LINE('',#12072,#3122);
#2009=LINE('',#12076,#3123);
#2010=LINE('',#12080,#3124);
#2011=LINE('',#12084,#3125);
#2012=LINE('',#12088,#3126);
#2013=LINE('',#12091,#3127);
#2014=LINE('',#12093,#3128);
#2015=LINE('',#12094,#3129);
#2016=LINE('',#12097,#3130);
#2017=LINE('',#12101,#3131);
#2018=LINE('',#12103,#3132);
#2019=LINE('',#12105,#3133);
#2020=LINE('',#12108,#3134);
#2021=LINE('',#12109,#3135);
#2022=LINE('',#12113,#3136);
#2023=LINE('',#12116,#3137);
#2024=LINE('',#12117,#3138);
#2025=LINE('',#12119,#3139);
#2026=LINE('',#12123,#3140);
#2027=LINE('',#12124,#3141);
#2028=LINE('',#12126,#3142);
#2029=LINE('',#12128,#3143);
#2030=LINE('',#12133,#3144);
#2031=LINE('',#12135,#3145);
#2032=LINE('',#12137,#3146);
#2033=LINE('',#12139,#3147);
#2034=LINE('',#12140,#3148);
#2035=LINE('',#12143,#3149);
#2036=LINE('',#12145,#3150);
#2037=LINE('',#12146,#3151);
#2038=LINE('',#12149,#3152);
#2039=LINE('',#12151,#3153);
#2040=LINE('',#12152,#3154);
#2041=LINE('',#12155,#3155);
#2042=LINE('',#12156,#3156);
#2043=LINE('',#12159,#3157);
#2044=LINE('',#12160,#3158);
#2045=LINE('',#12163,#3159);
#2046=LINE('',#12165,#3160);
#2047=LINE('',#12167,#3161);
#2048=LINE('',#12169,#3162);
#2049=LINE('',#12171,#3163);
#2050=LINE('',#12173,#3164);
#2051=LINE('',#12175,#3165);
#2052=LINE('',#12177,#3166);
#2053=LINE('',#12179,#3167);
#2054=LINE('',#12181,#3168);
#2055=LINE('',#12183,#3169);
#2056=LINE('',#12185,#3170);
#2057=LINE('',#12187,#3171);
#2058=LINE('',#12189,#3172);
#2059=LINE('',#12191,#3173);
#2060=LINE('',#12193,#3174);
#2061=LINE('',#12195,#3175);
#2062=LINE('',#12197,#3176);
#2063=LINE('',#12199,#3177);
#2064=LINE('',#12201,#3178);
#2065=LINE('',#12203,#3179);
#2066=LINE('',#12205,#3180);
#2067=LINE('',#12207,#3181);
#2068=LINE('',#12209,#3182);
#2069=LINE('',#12211,#3183);
#2070=LINE('',#12213,#3184);
#2071=LINE('',#12215,#3185);
#2072=LINE('',#12217,#3186);
#2073=LINE('',#12219,#3187);
#2074=LINE('',#12221,#3188);
#2075=LINE('',#12223,#3189);
#2076=LINE('',#12225,#3190);
#2077=LINE('',#12227,#3191);
#2078=LINE('',#12229,#3192);
#2079=LINE('',#12231,#3193);
#2080=LINE('',#12233,#3194);
#2081=LINE('',#12235,#3195);
#2082=LINE('',#12237,#3196);
#2083=LINE('',#12239,#3197);
#2084=LINE('',#12241,#3198);
#2085=LINE('',#12243,#3199);
#2086=LINE('',#12245,#3200);
#2087=LINE('',#12247,#3201);
#2088=LINE('',#12249,#3202);
#2089=LINE('',#12251,#3203);
#2090=LINE('',#12253,#3204);
#2091=LINE('',#12255,#3205);
#2092=LINE('',#12257,#3206);
#2093=LINE('',#12259,#3207);
#2094=LINE('',#12261,#3208);
#2095=LINE('',#12263,#3209);
#2096=LINE('',#12265,#3210);
#2097=LINE('',#12267,#3211);
#2098=LINE('',#12269,#3212);
#2099=LINE('',#12271,#3213);
#2100=LINE('',#12273,#3214);
#2101=LINE('',#12275,#3215);
#2102=LINE('',#12277,#3216);
#2103=LINE('',#12279,#3217);
#2104=LINE('',#12281,#3218);
#2105=LINE('',#12283,#3219);
#2106=LINE('',#12285,#3220);
#2107=LINE('',#12287,#3221);
#2108=LINE('',#12289,#3222);
#2109=LINE('',#12291,#3223);
#2110=LINE('',#12293,#3224);
#2111=LINE('',#12295,#3225);
#2112=LINE('',#12297,#3226);
#2113=LINE('',#12299,#3227);
#2114=LINE('',#12301,#3228);
#2115=LINE('',#12303,#3229);
#2116=LINE('',#12305,#3230);
#2117=LINE('',#12307,#3231);
#2118=LINE('',#12309,#3232);
#2119=LINE('',#12311,#3233);
#2120=LINE('',#12313,#3234);
#2121=LINE('',#12315,#3235);
#2122=LINE('',#12317,#3236);
#2123=LINE('',#12319,#3237);
#2124=LINE('',#12321,#3238);
#2125=LINE('',#12323,#3239);
#2126=LINE('',#12325,#3240);
#2127=LINE('',#12327,#3241);
#2128=LINE('',#12329,#3242);
#2129=LINE('',#12331,#3243);
#2130=LINE('',#12333,#3244);
#2131=LINE('',#12335,#3245);
#2132=LINE('',#12337,#3246);
#2133=LINE('',#12339,#3247);
#2134=LINE('',#12341,#3248);
#2135=LINE('',#12343,#3249);
#2136=LINE('',#12345,#3250);
#2137=LINE('',#12347,#3251);
#2138=LINE('',#12349,#3252);
#2139=LINE('',#12350,#3253);
#2140=LINE('',#12352,#3254);
#2141=LINE('',#12354,#3255);
#2142=LINE('',#12356,#3256);
#2143=LINE('',#12358,#3257);
#2144=LINE('',#12360,#3258);
#2145=LINE('',#12362,#3259);
#2146=LINE('',#12364,#3260);
#2147=LINE('',#12366,#3261);
#2148=LINE('',#12368,#3262);
#2149=LINE('',#12370,#3263);
#2150=LINE('',#12371,#3264);
#2151=LINE('',#12374,#3265);
#2152=LINE('',#12376,#3266);
#2153=LINE('',#12378,#3267);
#2154=LINE('',#12380,#3268);
#2155=LINE('',#12382,#3269);
#2156=LINE('',#12384,#3270);
#2157=LINE('',#12386,#3271);
#2158=LINE('',#12388,#3272);
#2159=LINE('',#12390,#3273);
#2160=LINE('',#12392,#3274);
#2161=LINE('',#12394,#3275);
#2162=LINE('',#12396,#3276);
#2163=LINE('',#12398,#3277);
#2164=LINE('',#12400,#3278);
#2165=LINE('',#12402,#3279);
#2166=LINE('',#12404,#3280);
#2167=LINE('',#12406,#3281);
#2168=LINE('',#12408,#3282);
#2169=LINE('',#12410,#3283);
#2170=LINE('',#12412,#3284);
#2171=LINE('',#12414,#3285);
#2172=LINE('',#12416,#3286);
#2173=LINE('',#12417,#3287);
#2174=LINE('',#12420,#3288);
#2175=LINE('',#12422,#3289);
#2176=LINE('',#12424,#3290);
#2177=LINE('',#12426,#3291);
#2178=LINE('',#12428,#3292);
#2179=LINE('',#12430,#3293);
#2180=LINE('',#12432,#3294);
#2181=LINE('',#12434,#3295);
#2182=LINE('',#12436,#3296);
#2183=LINE('',#12438,#3297);
#2184=LINE('',#12440,#3298);
#2185=LINE('',#12442,#3299);
#2186=LINE('',#12444,#3300);
#2187=LINE('',#12446,#3301);
#2188=LINE('',#12448,#3302);
#2189=LINE('',#12450,#3303);
#2190=LINE('',#12452,#3304);
#2191=LINE('',#12454,#3305);
#2192=LINE('',#12456,#3306);
#2193=LINE('',#12458,#3307);
#2194=LINE('',#12460,#3308);
#2195=LINE('',#12462,#3309);
#2196=LINE('',#12464,#3310);
#2197=LINE('',#12466,#3311);
#2198=LINE('',#12468,#3312);
#2199=LINE('',#12470,#3313);
#2200=LINE('',#12472,#3314);
#2201=LINE('',#12474,#3315);
#2202=LINE('',#12476,#3316);
#2203=LINE('',#12478,#3317);
#2204=LINE('',#12480,#3318);
#2205=LINE('',#12482,#3319);
#2206=LINE('',#12484,#3320);
#2207=LINE('',#12486,#3321);
#2208=LINE('',#12488,#3322);
#2209=LINE('',#12490,#3323);
#2210=LINE('',#12492,#3324);
#2211=LINE('',#12494,#3325);
#2212=LINE('',#12496,#3326);
#2213=LINE('',#12498,#3327);
#2214=LINE('',#12500,#3328);
#2215=LINE('',#12502,#3329);
#2216=LINE('',#12504,#3330);
#2217=LINE('',#12506,#3331);
#2218=LINE('',#12508,#3332);
#2219=LINE('',#12510,#3333);
#2220=LINE('',#12512,#3334);
#2221=LINE('',#12514,#3335);
#2222=LINE('',#12516,#3336);
#2223=LINE('',#12518,#3337);
#2224=LINE('',#12520,#3338);
#2225=LINE('',#12522,#3339);
#2226=LINE('',#12524,#3340);
#2227=LINE('',#12526,#3341);
#2228=LINE('',#12528,#3342);
#2229=LINE('',#12530,#3343);
#2230=LINE('',#12532,#3344);
#2231=LINE('',#12534,#3345);
#2232=LINE('',#12536,#3346);
#2233=LINE('',#12538,#3347);
#2234=LINE('',#12540,#3348);
#2235=LINE('',#12542,#3349);
#2236=LINE('',#12544,#3350);
#2237=LINE('',#12546,#3351);
#2238=LINE('',#12548,#3352);
#2239=LINE('',#12550,#3353);
#2240=LINE('',#12552,#3354);
#2241=LINE('',#12554,#3355);
#2242=LINE('',#12556,#3356);
#2243=LINE('',#12558,#3357);
#2244=LINE('',#12560,#3358);
#2245=LINE('',#12562,#3359);
#2246=LINE('',#12564,#3360);
#2247=LINE('',#12566,#3361);
#2248=LINE('',#12568,#3362);
#2249=LINE('',#12570,#3363);
#2250=LINE('',#12572,#3364);
#2251=LINE('',#12574,#3365);
#2252=LINE('',#12576,#3366);
#2253=LINE('',#12578,#3367);
#2254=LINE('',#12580,#3368);
#2255=LINE('',#12582,#3369);
#2256=LINE('',#12584,#3370);
#2257=LINE('',#12586,#3371);
#2258=LINE('',#12588,#3372);
#2259=LINE('',#12590,#3373);
#2260=LINE('',#12591,#3374);
#2261=LINE('',#12594,#3375);
#2262=LINE('',#12596,#3376);
#2263=LINE('',#12598,#3377);
#2264=LINE('',#12600,#3378);
#2265=LINE('',#12602,#3379);
#2266=LINE('',#12604,#3380);
#2267=LINE('',#12606,#3381);
#2268=LINE('',#12608,#3382);
#2269=LINE('',#12610,#3383);
#2270=LINE('',#12612,#3384);
#2271=LINE('',#12614,#3385);
#2272=LINE('',#12616,#3386);
#2273=LINE('',#12618,#3387);
#2274=LINE('',#12620,#3388);
#2275=LINE('',#12622,#3389);
#2276=LINE('',#12624,#3390);
#2277=LINE('',#12626,#3391);
#2278=LINE('',#12628,#3392);
#2279=LINE('',#12630,#3393);
#2280=LINE('',#12632,#3394);
#2281=LINE('',#12634,#3395);
#2282=LINE('',#12635,#3396);
#2283=LINE('',#12638,#3397);
#2284=LINE('',#12640,#3398);
#2285=LINE('',#12642,#3399);
#2286=LINE('',#12644,#3400);
#2287=LINE('',#12646,#3401);
#2288=LINE('',#12648,#3402);
#2289=LINE('',#12650,#3403);
#2290=LINE('',#12652,#3404);
#2291=LINE('',#12654,#3405);
#2292=LINE('',#12656,#3406);
#2293=LINE('',#12658,#3407);
#2294=LINE('',#12660,#3408);
#2295=LINE('',#12662,#3409);
#2296=LINE('',#12664,#3410);
#2297=LINE('',#12666,#3411);
#2298=LINE('',#12668,#3412);
#2299=LINE('',#12670,#3413);
#2300=LINE('',#12672,#3414);
#2301=LINE('',#12674,#3415);
#2302=LINE('',#12676,#3416);
#2303=LINE('',#12678,#3417);
#2304=LINE('',#12680,#3418);
#2305=LINE('',#12681,#3419);
#2306=LINE('',#12683,#3420);
#2307=LINE('',#12685,#3421);
#2308=LINE('',#12687,#3422);
#2309=LINE('',#12689,#3423);
#2310=LINE('',#12691,#3424);
#2311=LINE('',#12693,#3425);
#2312=LINE('',#12694,#3426);
#2313=LINE('',#12696,#3427);
#2314=LINE('',#12700,#3428);
#2315=LINE('',#12702,#3429);
#2316=LINE('',#12703,#3430);
#2317=LINE('',#12706,#3431);
#2318=LINE('',#12707,#3432);
#2319=LINE('',#12709,#3433);
#2320=LINE('',#12710,#3434);
#2321=LINE('',#12712,#3435);
#2322=LINE('',#12714,#3436);
#2323=LINE('',#12716,#3437);
#2324=LINE('',#12718,#3438);
#2325=LINE('',#12720,#3439);
#2326=LINE('',#12722,#3440);
#2327=LINE('',#12723,#3441);
#2328=LINE('',#12725,#3442);
#2329=LINE('',#12726,#3443);
#2330=LINE('',#12728,#3444);
#2331=LINE('',#12731,#3445);
#2332=LINE('',#12733,#3446);
#2333=LINE('',#12734,#3447);
#2334=LINE('',#12736,#3448);
#2335=LINE('',#12738,#3449);
#2336=LINE('',#12739,#3450);
#2337=LINE('',#12741,#3451);
#2338=LINE('',#12742,#3452);
#2339=LINE('',#12744,#3453);
#2340=LINE('',#12749,#3454);
#2341=LINE('',#12751,#3455);
#2342=LINE('',#12752,#3456);
#2343=LINE('',#12756,#3457);
#2344=LINE('',#12757,#3458);
#2345=LINE('',#12758,#3459);
#2346=LINE('',#12761,#3460);
#2347=LINE('',#12762,#3461);
#2348=LINE('',#12765,#3462);
#2349=LINE('',#12766,#3463);
#2350=LINE('',#12769,#3464);
#2351=LINE('',#12771,#3465);
#2352=LINE('',#12772,#3466);
#2353=LINE('',#12775,#3467);
#2354=LINE('',#12777,#3468);
#2355=LINE('',#12778,#3469);
#2356=LINE('',#12781,#3470);
#2357=LINE('',#12782,#3471);
#2358=LINE('',#12785,#3472);
#2359=LINE('',#12786,#3473);
#2360=LINE('',#12789,#3474);
#2361=LINE('',#12790,#3475);
#2362=LINE('',#12792,#3476);
#2363=LINE('',#12793,#3477);
#2364=LINE('',#12795,#3478);
#2365=LINE('',#12796,#3479);
#2366=LINE('',#12799,#3480);
#2367=LINE('',#12801,#3481);
#2368=LINE('',#12802,#3482);
#2369=LINE('',#12804,#3483);
#2370=LINE('',#12805,#3484);
#2371=LINE('',#12807,#3485);
#2372=LINE('',#12812,#3486);
#2373=LINE('',#12814,#3487);
#2374=LINE('',#12815,#3488);
#2375=LINE('',#12818,#3489);
#2376=LINE('',#12820,#3490);
#2377=LINE('',#12821,#3491);
#2378=LINE('',#12824,#3492);
#2379=LINE('',#12825,#3493);
#2380=LINE('',#12826,#3494);
#2381=LINE('',#12829,#3495);
#2382=LINE('',#12830,#3496);
#2383=LINE('',#12833,#3497);
#2384=LINE('',#12834,#3498);
#2385=LINE('',#12836,#3499);
#2386=LINE('',#12837,#3500);
#2387=LINE('',#12840,#3501);
#2388=LINE('',#12841,#3502);
#2389=LINE('',#12844,#3503);
#2390=LINE('',#12845,#3504);
#2391=LINE('',#12848,#3505);
#2392=LINE('',#12849,#3506);
#2393=LINE('',#12852,#3507);
#2394=LINE('',#12853,#3508);
#2395=LINE('',#12856,#3509);
#2396=LINE('',#12857,#3510);
#2397=LINE('',#12860,#3511);
#2398=LINE('',#12861,#3512);
#2399=LINE('',#12864,#3513);
#2400=LINE('',#12865,#3514);
#2401=LINE('',#12868,#3515);
#2402=LINE('',#12869,#3516);
#2403=LINE('',#12872,#3517);
#2404=LINE('',#12873,#3518);
#2405=LINE('',#12876,#3519);
#2406=LINE('',#12877,#3520);
#2407=LINE('',#12881,#3521);
#2408=LINE('',#12884,#3522);
#2409=LINE('',#12885,#3523);
#2410=LINE('',#12888,#3524);
#2411=LINE('',#12890,#3525);
#2412=LINE('',#12891,#3526);
#2413=LINE('',#12893,#3527);
#2414=LINE('',#12895,#3528);
#2415=LINE('',#12897,#3529);
#2416=LINE('',#12898,#3530);
#2417=LINE('',#12900,#3531);
#2418=LINE('',#12903,#3532);
#2419=LINE('',#12904,#3533);
#2420=LINE('',#12906,#3534);
#2421=LINE('',#12907,#3535);
#2422=LINE('',#12910,#3536);
#2423=LINE('',#12912,#3537);
#2424=LINE('',#12915,#3538);
#2425=LINE('',#12916,#3539);
#2426=LINE('',#12918,#3540);
#2427=LINE('',#12920,#3541);
#2428=LINE('',#12921,#3542);
#2429=LINE('',#12923,#3543);
#2430=LINE('',#12926,#3544);
#2431=LINE('',#12928,#3545);
#2432=LINE('',#12932,#3546);
#2433=LINE('',#12934,#3547);
#2434=LINE('',#12935,#3548);
#2435=LINE('',#12937,#3549);
#2436=LINE('',#12940,#3550);
#2437=LINE('',#12941,#3551);
#2438=LINE('',#12944,#3552);
#2439=LINE('',#12945,#3553);
#2440=LINE('',#12948,#3554);
#2441=LINE('',#12949,#3555);
#2442=LINE('',#12951,#3556);
#2443=LINE('',#12953,#3557);
#2444=LINE('',#12956,#3558);
#2445=LINE('',#12957,#3559);
#2446=LINE('',#12958,#3560);
#2447=LINE('',#12962,#3561);
#2448=LINE('',#12963,#3562);
#2449=LINE('',#12964,#3563);
#2450=LINE('',#12967,#3564);
#2451=LINE('',#12970,#3565);
#2452=LINE('',#12971,#3566);
#2453=LINE('',#12974,#3567);
#2454=LINE('',#12975,#3568);
#2455=LINE('',#12977,#3569);
#2456=LINE('',#12980,#3570);
#2457=LINE('',#12981,#3571);
#2458=LINE('',#12983,#3572);
#2459=LINE('',#12986,#3573);
#2460=LINE('',#12990,#3574);
#2461=LINE('',#12991,#3575);
#2462=LINE('',#12992,#3576);
#2463=LINE('',#12994,#3577);
#2464=LINE('',#12995,#3578);
#2465=LINE('',#12997,#3579);
#2466=LINE('',#12999,#3580);
#2467=LINE('',#13001,#3581);
#2468=LINE('',#13005,#3582);
#2469=LINE('',#13006,#3583);
#2470=LINE('',#13007,#3584);
#2471=LINE('',#13009,#3585);
#2472=LINE('',#13010,#3586);
#2473=LINE('',#13012,#3587);
#2474=LINE('',#13014,#3588);
#2475=LINE('',#13015,#3589);
#2476=LINE('',#13017,#3590);
#2477=LINE('',#13018,#3591);
#2478=LINE('',#13020,#3592);
#2479=LINE('',#13021,#3593);
#2480=LINE('',#13023,#3594);
#2481=LINE('',#13025,#3595);
#2482=LINE('',#13027,#3596);
#2483=LINE('',#13029,#3597);
#2484=LINE('',#13031,#3598);
#2485=LINE('',#13033,#3599);
#2486=LINE('',#13035,#3600);
#2487=LINE('',#13037,#3601);
#2488=LINE('',#13038,#3602);
#2489=LINE('',#13042,#3603);
#2490=LINE('',#13044,#3604);
#2491=LINE('',#13047,#3605);
#2492=LINE('',#13048,#3606);
#2493=LINE('',#13050,#3607);
#2494=LINE('',#13051,#3608);
#2495=LINE('',#13053,#3609);
#2496=LINE('',#13055,#3610);
#2497=LINE('',#13056,#3611);
#2498=LINE('',#13059,#3612);
#2499=LINE('',#13061,#3613);
#2500=LINE('',#13063,#3614);
#2501=LINE('',#13065,#3615);
#2502=LINE('',#13068,#3616);
#2503=LINE('',#13069,#3617);
#2504=LINE('',#13071,#3618);
#2505=LINE('',#13073,#3619);
#2506=LINE('',#13075,#3620);
#2507=LINE('',#13077,#3621);
#2508=LINE('',#13082,#3622);
#2509=LINE('',#13083,#3623);
#2510=LINE('',#13087,#3624);
#2511=LINE('',#13088,#3625);
#2512=LINE('',#13089,#3626);
#2513=LINE('',#13091,#3627);
#2514=LINE('',#13094,#3628);
#2515=LINE('',#13095,#3629);
#2516=LINE('',#13097,#3630);
#2517=LINE('',#13100,#3631);
#2518=LINE('',#13101,#3632);
#2519=LINE('',#13103,#3633);
#2520=LINE('',#13105,#3634);
#2521=LINE('',#13108,#3635);
#2522=LINE('',#13109,#3636);
#2523=LINE('',#13112,#3637);
#2524=LINE('',#13113,#3638);
#2525=LINE('',#13116,#3639);
#2526=LINE('',#13117,#3640);
#2527=LINE('',#13119,#3641);
#2528=LINE('',#13122,#3642);
#2529=LINE('',#13123,#3643);
#2530=LINE('',#13126,#3644);
#2531=LINE('',#13127,#3645);
#2532=LINE('',#13129,#3646);
#2533=LINE('',#13132,#3647);
#2534=LINE('',#13133,#3648);
#2535=LINE('',#13135,#3649);
#2536=LINE('',#13138,#3650);
#2537=LINE('',#13139,#3651);
#2538=LINE('',#13142,#3652);
#2539=LINE('',#13143,#3653);
#2540=LINE('',#13146,#3654);
#2541=LINE('',#13147,#3655);
#2542=LINE('',#13149,#3656);
#2543=LINE('',#13151,#3657);
#2544=LINE('',#13153,#3658);
#2545=LINE('',#13156,#3659);
#2546=LINE('',#13157,#3660);
#2547=LINE('',#13159,#3661);
#2548=LINE('',#13162,#3662);
#2549=LINE('',#13163,#3663);
#2550=LINE('',#13166,#3664);
#2551=LINE('',#13167,#3665);
#2552=LINE('',#13170,#3666);
#2553=LINE('',#13171,#3667);
#2554=LINE('',#13174,#3668);
#2555=LINE('',#13175,#3669);
#2556=LINE('',#13178,#3670);
#2557=LINE('',#13179,#3671);
#2558=LINE('',#13181,#3672);
#2559=LINE('',#13183,#3673);
#2560=LINE('',#13185,#3674);
#2561=LINE('',#13186,#3675);
#2562=LINE('',#13188,#3676);
#2563=LINE('',#13191,#3677);
#2564=LINE('',#13194,#3678);
#2565=LINE('',#13195,#3679);
#2566=LINE('',#13198,#3680);
#2567=LINE('',#13199,#3681);
#2568=LINE('',#13201,#3682);
#2569=LINE('',#13204,#3683);
#2570=LINE('',#13205,#3684);
#2571=LINE('',#13208,#3685);
#2572=LINE('',#13209,#3686);
#2573=LINE('',#13211,#3687);
#2574=LINE('',#13213,#3688);
#2575=LINE('',#13216,#3689);
#2576=LINE('',#13217,#3690);
#2577=LINE('',#13219,#3691);
#2578=LINE('',#13222,#3692);
#2579=LINE('',#13224,#3693);
#2580=LINE('',#13225,#3694);
#2581=LINE('',#13227,#3695);
#2582=LINE('',#13229,#3696);
#2583=LINE('',#13230,#3697);
#2584=LINE('',#13232,#3698);
#2585=LINE('',#13234,#3699);
#2586=LINE('',#13235,#3700);
#2587=LINE('',#13237,#3701);
#2588=LINE('',#13238,#3702);
#2589=LINE('',#13240,#3703);
#2590=LINE('',#13242,#3704);
#2591=LINE('',#13244,#3705);
#2592=LINE('',#13245,#3706);
#2593=LINE('',#13247,#3707);
#2594=LINE('',#13249,#3708);
#2595=LINE('',#13251,#3709);
#2596=LINE('',#13253,#3710);
#2597=LINE('',#13258,#3711);
#2598=LINE('',#13259,#3712);
#2599=LINE('',#13261,#3713);
#2600=LINE('',#13263,#3714);
#2601=LINE('',#13266,#3715);
#2602=LINE('',#13267,#3716);
#2603=LINE('',#13269,#3717);
#2604=LINE('',#13271,#3718);
#2605=LINE('',#13273,#3719);
#2606=LINE('',#13275,#3720);
#2607=LINE('',#13277,#3721);
#2608=LINE('',#13278,#3722);
#2609=LINE('',#13281,#3723);
#2610=LINE('',#13282,#3724);
#2611=LINE('',#13284,#3725);
#2612=LINE('',#13286,#3726);
#2613=LINE('',#13288,#3727);
#2614=LINE('',#13290,#3728);
#2615=LINE('',#13293,#3729);
#2616=LINE('',#13294,#3730);
#2617=LINE('',#13297,#3731);
#2618=LINE('',#13298,#3732);
#2619=LINE('',#13299,#3733);
#2620=LINE('',#13303,#3734);
#2621=LINE('',#13304,#3735);
#2622=LINE('',#13307,#3736);
#2623=LINE('',#13308,#3737);
#2624=LINE('',#13311,#3738);
#2625=LINE('',#13312,#3739);
#2626=LINE('',#13314,#3740);
#2627=LINE('',#13316,#3741);
#2628=LINE('',#13317,#3742);
#2629=LINE('',#13319,#3743);
#2630=LINE('',#13323,#3744);
#2631=LINE('',#13326,#3745);
#2632=LINE('',#13328,#3746);
#2633=LINE('',#13329,#3747);
#2634=LINE('',#13331,#3748);
#2635=LINE('',#13332,#3749);
#2636=LINE('',#13334,#3750);
#2637=LINE('',#13335,#3751);
#2638=LINE('',#13337,#3752);
#2639=LINE('',#13339,#3753);
#2640=LINE('',#13341,#3754);
#2641=LINE('',#13343,#3755);
#2642=LINE('',#13344,#3756);
#2643=LINE('',#13346,#3757);
#2644=LINE('',#13349,#3758);
#2645=LINE('',#13351,#3759);
#2646=LINE('',#13352,#3760);
#2647=LINE('',#13355,#3761);
#2648=LINE('',#13356,#3762);
#2649=LINE('',#13358,#3763);
#2650=LINE('',#13360,#3764);
#2651=LINE('',#13361,#3765);
#2652=LINE('',#13366,#3766);
#2653=LINE('',#13367,#3767);
#2654=LINE('',#13370,#3768);
#2655=LINE('',#13371,#3769);
#2656=LINE('',#13373,#3770);
#2657=LINE('',#13374,#3771);
#2658=LINE('',#13376,#3772);
#2659=LINE('',#13379,#3773);
#2660=LINE('',#13380,#3774);
#2661=LINE('',#13382,#3775);
#2662=LINE('',#13383,#3776);
#2663=LINE('',#13385,#3777);
#2664=LINE('',#13387,#3778);
#2665=LINE('',#13389,#3779);
#2666=LINE('',#13391,#3780);
#2667=LINE('',#13394,#3781);
#2668=LINE('',#13395,#3782);
#2669=LINE('',#13397,#3783);
#2670=LINE('',#13399,#3784);
#2671=LINE('',#13402,#3785);
#2672=LINE('',#13403,#3786);
#2673=LINE('',#13406,#3787);
#2674=LINE('',#13411,#3788);
#2675=LINE('',#13415,#3789);
#2676=LINE('',#13417,#3790);
#2677=LINE('',#13418,#3791);
#2678=LINE('',#13420,#3792);
#2679=LINE('',#13421,#3793);
#2680=LINE('',#13423,#3794);
#2681=LINE('',#13425,#3795);
#2682=LINE('',#13430,#3796);
#2683=LINE('',#13431,#3797);
#2684=LINE('',#13434,#3798);
#2685=LINE('',#13435,#3799);
#2686=LINE('',#13438,#3800);
#2687=LINE('',#13439,#3801);
#2688=LINE('',#13440,#3802);
#2689=LINE('',#13442,#3803);
#2690=LINE('',#13445,#3804);
#2691=LINE('',#13446,#3805);
#2692=LINE('',#13447,#3806);
#2693=LINE('',#13451,#3807);
#2694=LINE('',#13455,#3808);
#2695=LINE('',#13458,#3809);
#2696=LINE('',#13459,#3810);
#2697=LINE('',#13461,#3811);
#2698=LINE('',#13464,#3812);
#2699=LINE('',#13465,#3813);
#2700=LINE('',#13468,#3814);
#2701=LINE('',#13469,#3815);
#2702=LINE('',#13471,#3816);
#2703=LINE('',#13474,#3817);
#2704=LINE('',#13475,#3818);
#2705=LINE('',#13477,#3819);
#2706=LINE('',#13479,#3820);
#2707=LINE('',#13480,#3821);
#2708=LINE('',#13482,#3822);
#2709=LINE('',#13484,#3823);
#2710=LINE('',#13486,#3824);
#2711=LINE('',#13488,#3825);
#2712=LINE('',#13490,#3826);
#2713=LINE('',#13492,#3827);
#2714=LINE('',#13494,#3828);
#2715=LINE('',#13496,#3829);
#2716=LINE('',#13498,#3830);
#2717=LINE('',#13500,#3831);
#2718=LINE('',#13502,#3832);
#2719=LINE('',#13504,#3833);
#2720=LINE('',#13506,#3834);
#2721=LINE('',#13508,#3835);
#2722=LINE('',#13510,#3836);
#2723=LINE('',#13512,#3837);
#2724=LINE('',#13514,#3838);
#2725=LINE('',#13516,#3839);
#2726=LINE('',#13518,#3840);
#2727=LINE('',#13520,#3841);
#2728=LINE('',#13522,#3842);
#2729=LINE('',#13524,#3843);
#2730=LINE('',#13526,#3844);
#2731=LINE('',#13528,#3845);
#2732=LINE('',#13530,#3846);
#2733=LINE('',#13532,#3847);
#2734=LINE('',#13534,#3848);
#2735=LINE('',#13537,#3849);
#2736=LINE('',#13539,#3850);
#2737=LINE('',#13541,#3851);
#2738=LINE('',#13543,#3852);
#2739=LINE('',#13545,#3853);
#2740=LINE('',#13547,#3854);
#2741=LINE('',#13549,#3855);
#2742=LINE('',#13551,#3856);
#2743=LINE('',#13553,#3857);
#2744=LINE('',#13554,#3858);
#2745=LINE('',#13557,#3859);
#2746=LINE('',#13559,#3860);
#2747=LINE('',#13562,#3861);
#2748=LINE('',#13563,#3862);
#2749=LINE('',#13565,#3863);
#2750=LINE('',#13567,#3864);
#2751=LINE('',#13570,#3865);
#2752=LINE('',#13571,#3866);
#2753=LINE('',#13573,#3867);
#2754=LINE('',#13576,#3868);
#2755=LINE('',#13577,#3869);
#2756=LINE('',#13580,#3870);
#2757=LINE('',#13581,#3871);
#2758=LINE('',#13584,#3872);
#2759=LINE('',#13585,#3873);
#2760=LINE('',#13587,#3874);
#2761=LINE('',#13589,#3875);
#2762=LINE('',#13592,#3876);
#2763=LINE('',#13593,#3877);
#2764=LINE('',#13597,#3878);
#2765=LINE('',#13598,#3879);
#2766=LINE('',#13599,#3880);
#2767=LINE('',#13601,#3881);
#2768=LINE('',#13603,#3882);
#2769=LINE('',#13605,#3883);
#2770=LINE('',#13608,#3884);
#2771=LINE('',#13609,#3885);
#2772=LINE('',#13611,#3886);
#2773=LINE('',#13614,#3887);
#2774=LINE('',#13615,#3888);
#2775=LINE('',#13617,#3889);
#2776=LINE('',#13619,#3890);
#2777=LINE('',#13622,#3891);
#2778=LINE('',#13623,#3892);
#2779=LINE('',#13626,#3893);
#2780=LINE('',#13627,#3894);
#2781=LINE('',#13628,#3895);
#2782=LINE('',#13632,#3896);
#2783=LINE('',#13633,#3897);
#2784=LINE('',#13634,#3898);
#2785=LINE('',#13636,#3899);
#2786=LINE('',#13637,#3900);
#2787=LINE('',#13640,#3901);
#2788=LINE('',#13642,#3902);
#2789=LINE('',#13643,#3903);
#2790=LINE('',#13645,#3904);
#2791=LINE('',#13648,#3905);
#2792=LINE('',#13649,#3906);
#2793=LINE('',#13651,#3907);
#2794=LINE('',#13654,#3908);
#2795=LINE('',#13655,#3909);
#2796=LINE('',#13657,#3910);
#2797=LINE('',#13660,#3911);
#2798=LINE('',#13661,#3912);
#2799=LINE('',#13662,#3913);
#2800=LINE('',#13665,#3914);
#2801=LINE('',#13666,#3915);
#2802=LINE('',#13670,#3916);
#2803=LINE('',#13671,#3917);
#2804=LINE('',#13674,#3918);
#2805=LINE('',#13675,#3919);
#2806=LINE('',#13679,#3920);
#2807=LINE('',#13681,#3921);
#2808=LINE('',#13682,#3922);
#2809=LINE('',#13685,#3923);
#2810=LINE('',#13686,#3924);
#2811=LINE('',#13689,#3925);
#2812=LINE('',#13690,#3926);
#2813=LINE('',#13693,#3927);
#2814=LINE('',#13694,#3928);
#2815=LINE('',#13696,#3929);
#2816=LINE('',#13698,#3930);
#2817=LINE('',#13701,#3931);
#2818=LINE('',#13702,#3932);
#2819=LINE('',#13705,#3933);
#2820=LINE('',#13706,#3934);
#2821=LINE('',#13708,#3935);
#2822=LINE('',#13710,#3936);
#2823=LINE('',#13713,#3937);
#2824=LINE('',#13714,#3938);
#2825=LINE('',#13718,#3939);
#2826=LINE('',#13721,#3940);
#2827=LINE('',#13722,#3941);
#2828=LINE('',#13725,#3942);
#2829=LINE('',#13726,#3943);
#2830=LINE('',#13728,#3944);
#2831=LINE('',#13730,#3945);
#2832=LINE('',#13732,#3946);
#2833=LINE('',#13734,#3947);
#2834=LINE('',#13737,#3948);
#2835=LINE('',#13738,#3949);
#2836=LINE('',#13740,#3950);
#2837=LINE('',#13743,#3951);
#2838=LINE('',#13744,#3952);
#2839=LINE('',#13747,#3953);
#2840=LINE('',#13748,#3954);
#2841=LINE('',#13751,#3955);
#2842=LINE('',#13753,#3956);
#2843=LINE('',#13754,#3957);
#2844=LINE('',#13756,#3958);
#2845=LINE('',#13758,#3959);
#2846=LINE('',#13760,#3960);
#2847=LINE('',#13762,#3961);
#2848=LINE('',#13764,#3962);
#2849=LINE('',#13765,#3963);
#2850=LINE('',#13767,#3964);
#2851=LINE('',#13769,#3965);
#2852=LINE('',#13770,#3966);
#2853=LINE('',#13772,#3967);
#2854=LINE('',#13774,#3968);
#2855=LINE('',#13777,#3969);
#2856=LINE('',#13778,#3970);
#2857=LINE('',#13782,#3971);
#2858=LINE('',#13783,#3972);
#2859=LINE('',#13785,#3973);
#2860=LINE('',#13789,#3974);
#2861=LINE('',#13790,#3975);
#2862=LINE('',#13791,#3976);
#2863=LINE('',#13793,#3977);
#2864=LINE('',#13797,#3978);
#2865=LINE('',#13798,#3979);
#2866=LINE('',#13799,#3980);
#2867=LINE('',#13801,#3981);
#2868=LINE('',#13804,#3982);
#2869=LINE('',#13806,#3983);
#2870=LINE('',#13807,#3984);
#2871=LINE('',#13809,#3985);
#2872=LINE('',#13811,#3986);
#2873=LINE('',#13813,#3987);
#2874=LINE('',#13815,#3988);
#2875=LINE('',#13817,#3989);
#2876=LINE('',#13819,#3990);
#2877=LINE('',#13820,#3991);
#2878=LINE('',#13822,#3992);
#2879=LINE('',#13823,#3993);
#2880=LINE('',#13826,#3994);
#2881=LINE('',#13827,#3995);
#2882=LINE('',#13830,#3996);
#2883=LINE('',#13831,#3997);
#2884=LINE('',#13834,#3998);
#2885=LINE('',#13835,#3999);
#2886=LINE('',#13837,#4000);
#2887=LINE('',#13839,#4001);
#2888=LINE('',#13841,#4002);
#2889=LINE('',#13843,#4003);
#2890=LINE('',#13845,#4004);
#2891=LINE('',#13847,#4005);
#2892=LINE('',#13848,#4006);
#2893=LINE('',#13851,#4007);
#2894=LINE('',#13853,#4008);
#2895=LINE('',#13856,#4009);
#2896=LINE('',#13857,#4010);
#2897=LINE('',#13860,#4011);
#2898=LINE('',#13861,#4012);
#2899=LINE('',#13863,#4013);
#2900=LINE('',#13865,#4014);
#2901=LINE('',#13867,#4015);
#2902=LINE('',#13870,#4016);
#2903=LINE('',#13871,#4017);
#2904=LINE('',#13873,#4018);
#2905=LINE('',#13874,#4019);
#2906=LINE('',#13877,#4020);
#2907=LINE('',#13878,#4021);
#2908=LINE('',#13882,#4022);
#2909=LINE('',#13884,#4023);
#2910=LINE('',#13885,#4024);
#2911=LINE('',#13887,#4025);
#2912=LINE('',#13889,#4026);
#2913=LINE('',#13892,#4027);
#2914=LINE('',#13893,#4028);
#2915=LINE('',#13895,#4029);
#2916=LINE('',#13898,#4030);
#2917=LINE('',#13899,#4031);
#2918=LINE('',#13902,#4032);
#2919=LINE('',#13903,#4033);
#2920=LINE('',#13907,#4034);
#2921=LINE('',#13908,#4035);
#2922=LINE('',#13909,#4036);
#2923=LINE('',#13911,#4037);
#2924=LINE('',#13913,#4038);
#2925=LINE('',#13916,#4039);
#2926=LINE('',#13917,#4040);
#2927=LINE('',#13919,#4041);
#2928=LINE('',#13920,#4042);
#2929=LINE('',#13922,#4043);
#2930=LINE('',#13924,#4044);
#2931=LINE('',#13926,#4045);
#2932=LINE('',#13929,#4046);
#2933=LINE('',#13930,#4047);
#2934=LINE('',#13932,#4048);
#2935=LINE('',#13934,#4049);
#2936=LINE('',#13937,#4050);
#2937=LINE('',#13939,#4051);
#2938=LINE('',#13941,#4052);
#2939=LINE('',#13942,#4053);
#2940=LINE('',#13944,#4054);
#2941=LINE('',#13945,#4055);
#2942=LINE('',#13949,#4056);
#2943=LINE('',#13951,#4057);
#2944=LINE('',#13953,#4058);
#2945=LINE('',#13954,#4059);
#2946=LINE('',#13957,#4060);
#2947=LINE('',#13959,#4061);
#2948=LINE('',#13961,#4062);
#2949=LINE('',#13964,#4063);
#2950=LINE('',#13965,#4064);
#2951=LINE('',#13968,#4065);
#2952=LINE('',#13970,#4066);
#2953=LINE('',#13972,#4067);
#2954=LINE('',#13973,#4068);
#2955=LINE('',#13975,#4069);
#2956=LINE('',#13977,#4070);
#2957=LINE('',#13979,#4071);
#2958=LINE('',#13980,#4072);
#2959=LINE('',#13982,#4073);
#2960=LINE('',#13985,#4074);
#2961=LINE('',#13987,#4075);
#2962=LINE('',#13989,#4076);
#2963=LINE('',#13992,#4077);
#2964=LINE('',#13994,#4078);
#2965=LINE('',#13996,#4079);
#2966=LINE('',#13999,#4080);
#2967=LINE('',#14000,#4081);
#2968=LINE('',#14003,#4082);
#2969=LINE('',#14004,#4083);
#2970=LINE('',#14006,#4084);
#2971=LINE('',#14008,#4085);
#2972=LINE('',#14010,#4086);
#2973=LINE('',#14012,#4087);
#2974=LINE('',#14014,#4088);
#2975=LINE('',#14017,#4089);
#2976=LINE('',#14018,#4090);
#2977=LINE('',#14020,#4091);
#2978=LINE('',#14023,#4092);
#2979=LINE('',#14024,#4093);
#2980=LINE('',#14026,#4094);
#2981=LINE('',#14029,#4095);
#2982=LINE('',#14030,#4096);
#2983=LINE('',#14032,#4097);
#2984=LINE('',#14035,#4098);
#2985=LINE('',#14036,#4099);
#2986=LINE('',#14039,#4100);
#2987=LINE('',#14040,#4101);
#2988=LINE('',#14043,#4102);
#2989=LINE('',#14044,#4103);
#2990=LINE('',#14046,#4104);
#2991=LINE('',#14049,#4105);
#2992=LINE('',#14050,#4106);
#2993=LINE('',#14051,#4107);
#2994=LINE('',#14054,#4108);
#2995=LINE('',#14056,#4109);
#2996=LINE('',#14057,#4110);
#2997=LINE('',#14060,#4111);
#2998=LINE('',#14063,#4112);
#2999=LINE('',#14064,#4113);
#3000=LINE('',#14066,#4114);
#3001=LINE('',#14069,#4115);
#3002=LINE('',#14070,#4116);
#3003=LINE('',#14073,#4117);
#3004=LINE('',#14074,#4118);
#3005=LINE('',#14076,#4119);
#3006=LINE('',#14079,#4120);
#3007=LINE('',#14080,#4121);
#3008=LINE('',#14082,#4122);
#3009=LINE('',#14083,#4123);
#3010=LINE('',#14085,#4124);
#3011=LINE('',#14086,#4125);
#3012=LINE('',#14088,#4126);
#3013=LINE('',#14091,#4127);
#3014=LINE('',#14092,#4128);
#3015=LINE('',#14095,#4129);
#3016=LINE('',#14096,#4130);
#3017=LINE('',#14098,#4131);
#3018=LINE('',#14101,#4132);
#3019=LINE('',#14103,#4133);
#3020=LINE('',#14104,#4134);
#3021=LINE('',#14106,#4135);
#3022=LINE('',#14109,#4136);
#3023=LINE('',#14112,#4137);
#3024=LINE('',#14114,#4138);
#3025=LINE('',#14117,#4139);
#3026=LINE('',#14119,#4140);
#3027=LINE('',#14121,#4141);
#3028=LINE('',#14123,#4142);
#3029=LINE('',#14125,#4143);
#3030=LINE('',#14126,#4144);
#3031=LINE('',#14129,#4145);
#3032=LINE('',#14131,#4146);
#3033=LINE('',#14135,#4147);
#3034=LINE('',#14136,#4148);
#3035=LINE('',#14138,#4149);
#3036=LINE('',#14140,#4150);
#3037=LINE('',#14142,#4151);
#3038=LINE('',#14144,#4152);
#3039=LINE('',#14146,#4153);
#3040=LINE('',#14147,#4154);
#3041=LINE('',#14150,#4155);
#3042=LINE('',#14151,#4156);
#3043=LINE('',#14155,#4157);
#3044=LINE('',#14156,#4158);
#3045=LINE('',#14158,#4159);
#3046=LINE('',#14160,#4160);
#3047=LINE('',#14162,#4161);
#3048=LINE('',#14164,#4162);
#3049=LINE('',#14166,#4163);
#3050=LINE('',#14168,#4164);
#3051=LINE('',#14171,#4165);
#3052=LINE('',#14172,#4166);
#3053=LINE('',#14174,#4167);
#3054=LINE('',#14175,#4168);
#3055=LINE('',#14177,#4169);
#3056=LINE('',#14179,#4170);
#3057=LINE('',#14181,#4171);
#3058=LINE('',#14182,#4172);
#3059=LINE('',#14185,#4173);
#3060=LINE('',#14187,#4174);
#3061=LINE('',#14189,#4175);
#3062=LINE('',#14191,#4176);
#3063=LINE('',#14193,#4177);
#3064=LINE('',#14195,#4178);
#3065=LINE('',#14199,#4179);
#3066=LINE('',#14200,#4180);
#3067=LINE('',#14202,#4181);
#3068=LINE('',#14205,#4182);
#3069=LINE('',#14207,#4183);
#3070=LINE('',#14208,#4184);
#3071=LINE('',#14210,#4185);
#3072=LINE('',#14212,#4186);
#3073=LINE('',#14213,#4187);
#3074=LINE('',#14216,#4188);
#3075=LINE('',#14217,#4189);
#3076=LINE('',#14220,#4190);
#3077=LINE('',#14222,#4191);
#3078=LINE('',#14224,#4192);
#3079=LINE('',#14226,#4193);
#3080=LINE('',#14227,#4194);
#3081=LINE('',#14230,#4195);
#3082=LINE('',#14233,#4196);
#3083=LINE('',#14234,#4197);
#3084=LINE('',#14237,#4198);
#3085=LINE('',#14239,#4199);
#3086=LINE('',#14241,#4200);
#3087=LINE('',#14243,#4201);
#3088=LINE('',#14245,#4202);
#3089=LINE('',#14246,#4203);
#3090=LINE('',#14250,#4204);
#3091=LINE('',#14252,#4205);
#3092=LINE('',#14254,#4206);
#3093=LINE('',#14256,#4207);
#3094=VECTOR('',#9503,1.24999999999999);
#3095=VECTOR('',#9512,1.24999999999999);
#3096=VECTOR('',#9521,1.24999999999999);
#3097=VECTOR('',#9530,1.24999999999999);
#3098=VECTOR('',#9539,1.24999999999999);
#3099=VECTOR('',#9548,1.24999999999999);
#3100=VECTOR('',#9575,10.);
#3101=VECTOR('',#9576,10.);
#3102=VECTOR('',#9577,10.);
#3103=VECTOR('',#9578,5.);
#3104=VECTOR('',#9579,10.);
#3105=VECTOR('',#9580,5.);
#3106=VECTOR('',#9581,10.);
#3107=VECTOR('',#9582,5.);
#3108=VECTOR('',#9585,10.);
#3109=VECTOR('',#9586,5.);
#3110=VECTOR('',#9587,10.);
#3111=VECTOR('',#9588,10.);
#3112=VECTOR('',#9589,10.);
#3113=VECTOR('',#9592,10.);
#3114=VECTOR('',#9593,10.);
#3115=VECTOR('',#9594,10.);
#3116=VECTOR('',#9595,10.);
#3117=VECTOR('',#9596,5.);
#3118=VECTOR('',#9599,10.);
#3119=VECTOR('',#9600,1000.);
#3120=VECTOR('',#9601,1000.);
#3121=VECTOR('',#9602,1000.);
#3122=VECTOR('',#9607,1.24999999999999);
#3123=VECTOR('',#9612,1.24999999999999);
#3124=VECTOR('',#9617,1.24999999999999);
#3125=VECTOR('',#9622,1.24999999999999);
#3126=VECTOR('',#9627,4.5);
#3127=VECTOR('',#9630,1000.);
#3128=VECTOR('',#9631,1000.);
#3129=VECTOR('',#9632,1000.);
#3130=VECTOR('',#9635,1000.);
#3131=VECTOR('',#9638,1000.);
#3132=VECTOR('',#9639,1000.);
#3133=VECTOR('',#9640,1000.);
#3134=VECTOR('',#9643,1000.);
#3135=VECTOR('',#9644,10.);
#3136=VECTOR('',#9647,1000.);
#3137=VECTOR('',#9650,1000.);
#3138=VECTOR('',#9651,10.);
#3139=VECTOR('',#9652,1000.);
#3140=VECTOR('',#9655,1000.);
#3141=VECTOR('',#9656,1000.);
#3142=VECTOR('',#9659,1000.);
#3143=VECTOR('',#9662,1000.);
#3144=VECTOR('',#9667,10.);
#3145=VECTOR('',#9668,10.);
#3146=VECTOR('',#9669,8.14220367348266);
#3147=VECTOR('',#9670,10.);
#3148=VECTOR('',#9671,10.);
#3149=VECTOR('',#9674,10.);
#3150=VECTOR('',#9675,9.86474611634715);
#3151=VECTOR('',#9676,10.);
#3152=VECTOR('',#9679,10.);
#3153=VECTOR('',#9680,9.86474639026553);
#3154=VECTOR('',#9681,10.);
#3155=VECTOR('',#9684,10.);
#3156=VECTOR('',#9685,7.9079013948507);
#3157=VECTOR('',#9688,10.);
#3158=VECTOR('',#9689,7.90789892165741);
#3159=VECTOR('',#9692,10.);
#3160=VECTOR('',#9693,10.);
#3161=VECTOR('',#9694,10.);
#3162=VECTOR('',#9695,10.);
#3163=VECTOR('',#9696,10.);
#3164=VECTOR('',#9697,10.);
#3165=VECTOR('',#9698,10.);
#3166=VECTOR('',#9699,10.);
#3167=VECTOR('',#9700,10.);
#3168=VECTOR('',#9701,10.);
#3169=VECTOR('',#9702,10.);
#3170=VECTOR('',#9703,10.);
#3171=VECTOR('',#9704,10.);
#3172=VECTOR('',#9705,10.);
#3173=VECTOR('',#9706,10.);
#3174=VECTOR('',#9707,10.);
#3175=VECTOR('',#9708,10.);
#3176=VECTOR('',#9709,10.);
#3177=VECTOR('',#9710,10.);
#3178=VECTOR('',#9711,10.);
#3179=VECTOR('',#9712,10.);
#3180=VECTOR('',#9713,10.);
#3181=VECTOR('',#9714,10.);
#3182=VECTOR('',#9715,10.);
#3183=VECTOR('',#9716,10.);
#3184=VECTOR('',#9717,10.);
#3185=VECTOR('',#9718,10.);
#3186=VECTOR('',#9719,10.);
#3187=VECTOR('',#9720,10.);
#3188=VECTOR('',#9721,10.);
#3189=VECTOR('',#9722,10.);
#3190=VECTOR('',#9723,10.);
#3191=VECTOR('',#9724,10.);
#3192=VECTOR('',#9725,10.);
#3193=VECTOR('',#9726,10.);
#3194=VECTOR('',#9727,10.);
#3195=VECTOR('',#9728,10.);
#3196=VECTOR('',#9729,10.);
#3197=VECTOR('',#9730,10.);
#3198=VECTOR('',#9731,10.);
#3199=VECTOR('',#9732,10.);
#3200=VECTOR('',#9733,10.);
#3201=VECTOR('',#9734,10.);
#3202=VECTOR('',#9735,10.);
#3203=VECTOR('',#9736,10.);
#3204=VECTOR('',#9737,10.);
#3205=VECTOR('',#9738,10.);
#3206=VECTOR('',#9739,10.);
#3207=VECTOR('',#9740,10.);
#3208=VECTOR('',#9741,10.);
#3209=VECTOR('',#9742,10.);
#3210=VECTOR('',#9743,10.);
#3211=VECTOR('',#9744,10.);
#3212=VECTOR('',#9745,10.);
#3213=VECTOR('',#9746,10.);
#3214=VECTOR('',#9747,10.);
#3215=VECTOR('',#9748,10.);
#3216=VECTOR('',#9749,10.);
#3217=VECTOR('',#9750,10.);
#3218=VECTOR('',#9751,10.);
#3219=VECTOR('',#9752,10.);
#3220=VECTOR('',#9753,10.);
#3221=VECTOR('',#9754,10.);
#3222=VECTOR('',#9755,10.);
#3223=VECTOR('',#9756,10.);
#3224=VECTOR('',#9757,10.);
#3225=VECTOR('',#9758,10.);
#3226=VECTOR('',#9759,10.);
#3227=VECTOR('',#9760,10.);
#3228=VECTOR('',#9761,10.);
#3229=VECTOR('',#9762,10.);
#3230=VECTOR('',#9763,10.);
#3231=VECTOR('',#9764,10.);
#3232=VECTOR('',#9765,10.);
#3233=VECTOR('',#9766,10.);
#3234=VECTOR('',#9767,10.);
#3235=VECTOR('',#9768,10.);
#3236=VECTOR('',#9769,10.);
#3237=VECTOR('',#9770,10.);
#3238=VECTOR('',#9771,10.);
#3239=VECTOR('',#9772,10.);
#3240=VECTOR('',#9773,10.);
#3241=VECTOR('',#9774,10.);
#3242=VECTOR('',#9775,10.);
#3243=VECTOR('',#9776,10.);
#3244=VECTOR('',#9777,10.);
#3245=VECTOR('',#9778,10.);
#3246=VECTOR('',#9779,10.);
#3247=VECTOR('',#9780,10.);
#3248=VECTOR('',#9781,10.);
#3249=VECTOR('',#9782,10.);
#3250=VECTOR('',#9783,10.);
#3251=VECTOR('',#9784,10.);
#3252=VECTOR('',#9785,10.);
#3253=VECTOR('',#9786,10.);
#3254=VECTOR('',#9787,10.);
#3255=VECTOR('',#9788,10.);
#3256=VECTOR('',#9789,10.);
#3257=VECTOR('',#9790,10.);
#3258=VECTOR('',#9791,10.);
#3259=VECTOR('',#9792,10.);
#3260=VECTOR('',#9793,10.);
#3261=VECTOR('',#9794,10.);
#3262=VECTOR('',#9795,10.);
#3263=VECTOR('',#9796,10.);
#3264=VECTOR('',#9797,10.);
#3265=VECTOR('',#9798,10.);
#3266=VECTOR('',#9799,10.);
#3267=VECTOR('',#9800,10.);
#3268=VECTOR('',#9801,10.);
#3269=VECTOR('',#9802,10.);
#3270=VECTOR('',#9803,10.);
#3271=VECTOR('',#9804,10.);
#3272=VECTOR('',#9805,10.);
#3273=VECTOR('',#9806,10.);
#3274=VECTOR('',#9807,10.);
#3275=VECTOR('',#9808,10.);
#3276=VECTOR('',#9809,10.);
#3277=VECTOR('',#9810,10.);
#3278=VECTOR('',#9811,10.);
#3279=VECTOR('',#9812,10.);
#3280=VECTOR('',#9813,10.);
#3281=VECTOR('',#9814,10.);
#3282=VECTOR('',#9815,10.);
#3283=VECTOR('',#9816,10.);
#3284=VECTOR('',#9817,10.);
#3285=VECTOR('',#9818,10.);
#3286=VECTOR('',#9819,10.);
#3287=VECTOR('',#9820,10.);
#3288=VECTOR('',#9823,10.);
#3289=VECTOR('',#9824,10.);
#3290=VECTOR('',#9825,10.);
#3291=VECTOR('',#9826,10.);
#3292=VECTOR('',#9827,10.);
#3293=VECTOR('',#9828,10.);
#3294=VECTOR('',#9829,10.);
#3295=VECTOR('',#9830,10.);
#3296=VECTOR('',#9831,10.);
#3297=VECTOR('',#9832,10.);
#3298=VECTOR('',#9833,10.);
#3299=VECTOR('',#9834,10.);
#3300=VECTOR('',#9835,10.);
#3301=VECTOR('',#9836,10.);
#3302=VECTOR('',#9837,10.);
#3303=VECTOR('',#9838,10.);
#3304=VECTOR('',#9839,10.);
#3305=VECTOR('',#9840,10.);
#3306=VECTOR('',#9841,10.);
#3307=VECTOR('',#9842,10.);
#3308=VECTOR('',#9843,10.);
#3309=VECTOR('',#9844,10.);
#3310=VECTOR('',#9845,10.);
#3311=VECTOR('',#9846,10.);
#3312=VECTOR('',#9847,10.);
#3313=VECTOR('',#9848,10.);
#3314=VECTOR('',#9849,10.);
#3315=VECTOR('',#9850,10.);
#3316=VECTOR('',#9851,10.);
#3317=VECTOR('',#9852,10.);
#3318=VECTOR('',#9853,10.);
#3319=VECTOR('',#9854,10.);
#3320=VECTOR('',#9855,10.);
#3321=VECTOR('',#9856,10.);
#3322=VECTOR('',#9857,10.);
#3323=VECTOR('',#9858,10.);
#3324=VECTOR('',#9859,10.);
#3325=VECTOR('',#9860,10.);
#3326=VECTOR('',#9861,10.);
#3327=VECTOR('',#9862,10.);
#3328=VECTOR('',#9863,10.);
#3329=VECTOR('',#9864,10.);
#3330=VECTOR('',#9865,10.);
#3331=VECTOR('',#9866,10.);
#3332=VECTOR('',#9867,10.);
#3333=VECTOR('',#9868,10.);
#3334=VECTOR('',#9869,10.);
#3335=VECTOR('',#9870,10.);
#3336=VECTOR('',#9871,10.);
#3337=VECTOR('',#9872,10.);
#3338=VECTOR('',#9873,10.);
#3339=VECTOR('',#9874,10.);
#3340=VECTOR('',#9875,10.);
#3341=VECTOR('',#9876,10.);
#3342=VECTOR('',#9877,10.);
#3343=VECTOR('',#9878,10.);
#3344=VECTOR('',#9879,10.);
#3345=VECTOR('',#9880,10.);
#3346=VECTOR('',#9881,10.);
#3347=VECTOR('',#9882,10.);
#3348=VECTOR('',#9883,10.);
#3349=VECTOR('',#9884,10.);
#3350=VECTOR('',#9885,10.);
#3351=VECTOR('',#9886,10.);
#3352=VECTOR('',#9887,10.);
#3353=VECTOR('',#9888,10.);
#3354=VECTOR('',#9889,10.);
#3355=VECTOR('',#9890,10.);
#3356=VECTOR('',#9891,10.);
#3357=VECTOR('',#9892,10.);
#3358=VECTOR('',#9893,10.);
#3359=VECTOR('',#9894,10.);
#3360=VECTOR('',#9895,10.);
#3361=VECTOR('',#9896,10.);
#3362=VECTOR('',#9897,10.);
#3363=VECTOR('',#9898,10.);
#3364=VECTOR('',#9899,10.);
#3365=VECTOR('',#9900,10.);
#3366=VECTOR('',#9901,10.);
#3367=VECTOR('',#9902,10.);
#3368=VECTOR('',#9903,10.);
#3369=VECTOR('',#9904,10.);
#3370=VECTOR('',#9905,10.);
#3371=VECTOR('',#9906,10.);
#3372=VECTOR('',#9907,10.);
#3373=VECTOR('',#9908,10.);
#3374=VECTOR('',#9909,10.);
#3375=VECTOR('',#9910,10.);
#3376=VECTOR('',#9911,10.);
#3377=VECTOR('',#9912,10.);
#3378=VECTOR('',#9913,10.);
#3379=VECTOR('',#9914,10.);
#3380=VECTOR('',#9915,10.);
#3381=VECTOR('',#9916,10.);
#3382=VECTOR('',#9917,10.);
#3383=VECTOR('',#9918,10.);
#3384=VECTOR('',#9919,10.);
#3385=VECTOR('',#9920,10.);
#3386=VECTOR('',#9921,10.);
#3387=VECTOR('',#9922,10.);
#3388=VECTOR('',#9923,10.);
#3389=VECTOR('',#9924,10.);
#3390=VECTOR('',#9925,10.);
#3391=VECTOR('',#9926,10.);
#3392=VECTOR('',#9927,10.);
#3393=VECTOR('',#9928,10.);
#3394=VECTOR('',#9929,10.);
#3395=VECTOR('',#9930,10.);
#3396=VECTOR('',#9931,10.);
#3397=VECTOR('',#9932,10.);
#3398=VECTOR('',#9933,10.);
#3399=VECTOR('',#9934,10.);
#3400=VECTOR('',#9935,10.);
#3401=VECTOR('',#9936,10.);
#3402=VECTOR('',#9937,10.);
#3403=VECTOR('',#9938,10.);
#3404=VECTOR('',#9939,10.);
#3405=VECTOR('',#9940,10.);
#3406=VECTOR('',#9941,10.);
#3407=VECTOR('',#9942,10.);
#3408=VECTOR('',#9943,10.);
#3409=VECTOR('',#9944,10.);
#3410=VECTOR('',#9945,10.);
#3411=VECTOR('',#9946,10.);
#3412=VECTOR('',#9947,10.);
#3413=VECTOR('',#9948,10.);
#3414=VECTOR('',#9949,10.);
#3415=VECTOR('',#9950,10.);
#3416=VECTOR('',#9951,10.);
#3417=VECTOR('',#9952,10.);
#3418=VECTOR('',#9953,10.);
#3419=VECTOR('',#9954,10.);
#3420=VECTOR('',#9957,9.86423231010855);
#3421=VECTOR('',#9960,9.86423203518039);
#3422=VECTOR('',#9963,7.90474119798954);
#3423=VECTOR('',#9966,7.90474367217254);
#3424=VECTOR('',#9969,5.);
#3425=VECTOR('',#9972,5.00009464768237);
#3426=VECTOR('',#9973,5.00093869524139);
#3427=VECTOR('',#9976,5.00104475138743);
#3428=VECTOR('',#9979,10.);
#3429=VECTOR('',#9980,5.00000000207557);
#3430=VECTOR('',#9981,5.07285268331726);
#3431=VECTOR('',#9984,10.);
#3432=VECTOR('',#9985,5.07284046822013);
#3433=VECTOR('',#9988,5.00002308688226);
#3434=VECTOR('',#9989,5.00333814405248);
#3435=VECTOR('',#9992,5.00110042491988);
#3436=VECTOR('',#9995,5.00000234793681);
#3437=VECTOR('',#9998,5.00200799505867);
#3438=VECTOR('',#10001,5.00009441651908);
#3439=VECTOR('',#10004,5.00094287270262);
#3440=VECTOR('',#10007,5.00084246547354);
#3441=VECTOR('',#10008,5.00000055639993);
#3442=VECTOR('',#10011,5.00000067924809);
#3443=VECTOR('',#10012,5.00098429654638);
#3444=VECTOR('',#10015,5.00059158275195);
#3445=VECTOR('',#10020,5.00016920806908);
#3446=VECTOR('',#10023,5.00060449415298);
#3447=VECTOR('',#10024,5.00049419976447);
#3448=VECTOR('',#10027,5.00004225923153);
#3449=VECTOR('',#10030,5.001152015488);
#3450=VECTOR('',#10031,5.00002261166861);
#3451=VECTOR('',#10034,5.00001024058606);
#3452=VECTOR('',#10035,5.00051392398747);
#3453=VECTOR('',#10038,5.00012723970736);
#3454=VECTOR('',#10043,5.);
#3455=VECTOR('',#10044,10.);
#3456=VECTOR('',#10045,5.00370457420787);
#3457=VECTOR('',#10048,5.00000000210209);
#3458=VECTOR('',#10049,10.);
#3459=VECTOR('',#10050,5.00832336981429);
#3460=VECTOR('',#10053,10.);
#3461=VECTOR('',#10054,5.00833449230181);
#3462=VECTOR('',#10057,10.);
#3463=VECTOR('',#10058,5.00000000204921);
#3464=VECTOR('',#10061,5.00700610124149);
#3465=VECTOR('',#10062,5.00023488441216);
#3466=VECTOR('',#10063,10.);
#3467=VECTOR('',#10066,5.00701672205674);
#3468=VECTOR('',#10067,5.00023293535065);
#3469=VECTOR('',#10068,10.);
#3470=VECTOR('',#10071,5.00699979989552);
#3471=VECTOR('',#10072,10.);
#3472=VECTOR('',#10075,5.00052021007134);
#3473=VECTOR('',#10076,10.);
#3474=VECTOR('',#10079,5.00371680049452);
#3475=VECTOR('',#10080,10.);
#3476=VECTOR('',#10083,5.00174686642456);
#3477=VECTOR('',#10084,5.0001476953232);
#3478=VECTOR('',#10087,5.00037261409455);
#3479=VECTOR('',#10088,5.00272922455945);
#3480=VECTOR('',#10093,5.00021606104616);
#3481=VECTOR('',#10096,5.00004044391131);
#3482=VECTOR('',#10097,5.00103159055045);
#3483=VECTOR('',#10100,5.00003742460117);
#3484=VECTOR('',#10101,5.00258285024226);
#3485=VECTOR('',#10104,5.00042702638102);
#3486=VECTOR('',#10109,9.99999992322278);
#3487=VECTOR('',#10110,5.09939660976649);
#3488=VECTOR('',#10111,5.);
#3489=VECTOR('',#10114,10.);
#3490=VECTOR('',#10115,5.00093157126241);
#3491=VECTOR('',#10116,5.00144685959303);
#3492=VECTOR('',#10119,10.);
#3493=VECTOR('',#10120,5.00832616223106);
#3494=VECTOR('',#10121,5.00005873855383);
#3495=VECTOR('',#10124,5.00284124330707);
#3496=VECTOR('',#10125,10.);
#3497=VECTOR('',#10128,5.0014422956052);
#3498=VECTOR('',#10129,10.);
#3499=VECTOR('',#10132,10.);
#3500=VECTOR('',#10133,5.01475756457976);
#3501=VECTOR('',#10136,5.00000000204921);
#3502=VECTOR('',#10137,10.);
#3503=VECTOR('',#10140,5.00092871864268);
#3504=VECTOR('',#10141,10.);
#3505=VECTOR('',#10144,10.);
#3506=VECTOR('',#10145,5.00370431476967);
#3507=VECTOR('',#10148,5.00092713223509);
#3508=VECTOR('',#10149,10.);
#3509=VECTOR('',#10152,5.00833863515302);
#3510=VECTOR('',#10153,10.);
#3511=VECTOR('',#10156,5.00052545736031);
#3512=VECTOR('',#10157,10.);
#3513=VECTOR('',#10160,5.00370264470203);
#3514=VECTOR('',#10161,10.);
#3515=VECTOR('',#10164,5.00092674793733);
#3516=VECTOR('',#10165,9.99999905262916);
#3517=VECTOR('',#10168,10.);
#3518=VECTOR('',#10169,5.00834195760596);
#3519=VECTOR('',#10172,5.);
#3520=VECTOR('',#10173,9.99999905684353);
#3521=VECTOR('',#10180,5.);
#3522=VECTOR('',#10183,5.00047482981745);
#3523=VECTOR('',#10184,5.00028892315465);
#3524=VECTOR('',#10189,5.00079576643488);
#3525=VECTOR('',#10192,5.00298609603544);
#3526=VECTOR('',#10193,9.99999758163769);
#3527=VECTOR('',#10196,9.99999644363397);
#3528=VECTOR('',#10199,10.);
#3529=VECTOR('',#10202,5.00025822368065);
#3530=VECTOR('',#10203,5.);
#3531=VECTOR('',#10206,5.00095156300346);
#3532=VECTOR('',#10209,5.00273364726045);
#3533=VECTOR('',#10210,5.00124369496553);
#3534=VECTOR('',#10213,5.00014879638511);
#3535=VECTOR('',#10214,5.00013331616541);
#3536=VECTOR('',#10219,5.00063187133879);
#3537=VECTOR('',#10222,5.00000577108826);
#3538=VECTOR('',#10225,5.00000000210202);
#3539=VECTOR('',#10226,10.);
#3540=VECTOR('',#10229,5.00977621593165);
#3541=VECTOR('',#10230,5.00145635408805);
#3542=VECTOR('',#10231,10.);
#3543=VECTOR('',#10234,10.);
#3544=VECTOR('',#10239,10.);
#3545=VECTOR('',#10242,5.00009376315266);
#3546=VECTOR('',#10247,7.90816937557663);
#3547=VECTOR('',#10248,10.);
#3548=VECTOR('',#10249,9.82989784291349);
#3549=VECTOR('',#10252,9.82988899660644);
#3550=VECTOR('',#10255,9.83008768839233);
#3551=VECTOR('',#10256,7.90763208655238);
#3552=VECTOR('',#10259,7.90394888001648);
#3553=VECTOR('',#10260,9.99999989459241);
#3554=VECTOR('',#10263,5.0728093582817);
#3555=VECTOR('',#10264,5.);
#3556=VECTOR('',#10267,9.99999989451894);
#3557=VECTOR('',#10270,5.0728046667784);
#3558=VECTOR('',#10273,7.91112811497455);
#3559=VECTOR('',#10274,9.99999989448034);
#3560=VECTOR('',#10275,9.82980223292631);
#3561=VECTOR('',#10280,7.90550041623611);
#3562=VECTOR('',#10281,9.99999989454017);
#3563=VECTOR('',#10282,9.83020226970048);
#3564=VECTOR('',#10287,9.83001663392341);
#3565=VECTOR('',#10290,7.90700087241429);
#3566=VECTOR('',#10291,10.);
#3567=VECTOR('',#10294,10.);
#3568=VECTOR('',#10295,9.87079527688103);
#3569=VECTOR('',#10298,9.8298355777151);
#3570=VECTOR('',#10301,7.90433446566536);
#3571=VECTOR('',#10302,10.);
#3572=VECTOR('',#10305,10.);
#3573=VECTOR('',#10310,10.);
#3574=VECTOR('',#10313,10.);
#3575=VECTOR('',#10314,7.9051385645794);
#3576=VECTOR('',#10315,9.8708703093118);
#3577=VECTOR('',#10318,9.8710776605497);
#3578=VECTOR('',#10319,7.90849106468234);
#3579=VECTOR('',#10322,9.99999992324394);
#3580=VECTOR('',#10325,9.87098475761083);
#3581=VECTOR('',#10328,7.90533577396245);
#3582=VECTOR('',#10331,10.);
#3583=VECTOR('',#10332,5.09947442640367);
#3584=VECTOR('',#10333,5.00000000204921);
#3585=VECTOR('',#10336,5.00000000207557);
#3586=VECTOR('',#10337,5.09940238665096);
#3587=VECTOR('',#10340,10.);
#3588=VECTOR('',#10343,5.00579173443237);
#3589=VECTOR('',#10344,10.);
#3590=VECTOR('',#10347,8.9292543173069);
#3591=VECTOR('',#10348,7.905869485633);
#3592=VECTOR('',#10351,8.13841557877975);
#3593=VECTOR('',#10352,8.13931387782528);
#3594=VECTOR('',#10355,9.02258793282205);
#3595=VECTOR('',#10358,8.14511236958759);
#3596=VECTOR('',#10361,8.59572766574884);
#3597=VECTOR('',#10364,8.59866925453042);
#3598=VECTOR('',#10367,8.14336733485056);
#3599=VECTOR('',#10370,8.33685016993871);
#3600=VECTOR('',#10373,8.17390677346509);
#3601=VECTOR('',#10376,9.7887629589665);
#3602=VECTOR('',#10377,7.90812238598646);
#3603=VECTOR('',#10384,10.);
#3604=VECTOR('',#10387,9.8298943520749);
#3605=VECTOR('',#10390,10.);
#3606=VECTOR('',#10391,7.90563495223629);
#3607=VECTOR('',#10394,8.82984009872754);
#3608=VECTOR('',#10395,9.17853449290582);
#3609=VECTOR('',#10398,7.90638828537852);
#3610=VECTOR('',#10401,9.02779694489967);
#3611=VECTOR('',#10402,7.90326334744297);
#3612=VECTOR('',#10407,8.82315450339032);
#3613=VECTOR('',#10410,7.96161278328748);
#3614=VECTOR('',#10413,9.02110620503353);
#3615=VECTOR('',#10416,7.90929000610845);
#3616=VECTOR('',#10419,9.53089495345583);
#3617=VECTOR('',#10420,9.02206308184237);
#3618=VECTOR('',#10423,8.03325558424158);
#3619=VECTOR('',#10426,10.);
#3620=VECTOR('',#10429,10.);
#3621=VECTOR('',#10432,8.61230041142438);
#3622=VECTOR('',#10441,9.87077598987674);
#3623=VECTOR('',#10442,7.90791626510205);
#3624=VECTOR('',#10445,10.);
#3625=VECTOR('',#10446,7.90505797574911);
#3626=VECTOR('',#10447,8.60922047298329);
#3627=VECTOR('',#10450,8.35378040155083);
#3628=VECTOR('',#10453,10.);
#3629=VECTOR('',#10454,8.37586719378537);
#3630=VECTOR('',#10457,8.83201941734468);
#3631=VECTOR('',#10460,10.);
#3632=VECTOR('',#10461,9.10020428462438);
#3633=VECTOR('',#10464,8.24275558172624);
#3634=VECTOR('',#10467,8.48206489247615);
#3635=VECTOR('',#10470,7.97558478017375);
#3636=VECTOR('',#10471,10.);
#3637=VECTOR('',#10474,9.7902560992775);
#3638=VECTOR('',#10475,7.90508461716541);
#3639=VECTOR('',#10478,10.);
#3640=VECTOR('',#10479,8.15570866136455);
#3641=VECTOR('',#10482,10.);
#3642=VECTOR('',#10485,5.00577489208062);
#3643=VECTOR('',#10486,5.00000053330376);
#3644=VECTOR('',#10489,5.);
#3645=VECTOR('',#10490,10.);
#3646=VECTOR('',#10493,5.0036880539631);
#3647=VECTOR('',#10496,10.);
#3648=VECTOR('',#10497,5.00092471563978);
#3649=VECTOR('',#10500,5.00023358410357);
#3650=VECTOR('',#10503,5.00467837268831);
#3651=VECTOR('',#10504,5.0112685951132);
#3652=VECTOR('',#10507,5.00207553101119);
#3653=VECTOR('',#10508,5.00052281975645);
#3654=VECTOR('',#10511,5.00467223576644);
#3655=VECTOR('',#10512,10.);
#3656=VECTOR('',#10515,8.60989334487835);
#3657=VECTOR('',#10518,8.14257764005181);
#3658=VECTOR('',#10521,9.0208826278516);
#3659=VECTOR('',#10524,10.);
#3660=VECTOR('',#10525,7.90683776248044);
#3661=VECTOR('',#10528,8.72739986865059);
#3662=VECTOR('',#10531,10.);
#3663=VECTOR('',#10532,8.49549785630339);
#3664=VECTOR('',#10535,8.49855393570906);
#3665=VECTOR('',#10536,9.24567987807015);
#3666=VECTOR('',#10539,10.);
#3667=VECTOR('',#10540,8.13883859453757);
#3668=VECTOR('',#10543,5.0037066162767);
#3669=VECTOR('',#10544,5.00092731776071);
#3670=VECTOR('',#10547,10.);
#3671=VECTOR('',#10548,5.00208206523457);
#3672=VECTOR('',#10551,5.0057624909251);
#3673=VECTOR('',#10554,5.01859708628164);
#3674=VECTOR('',#10555,10.);
#3675=VECTOR('',#10556,5.00000000204921);
#3676=VECTOR('',#10559,10.);
#3677=VECTOR('',#10564,8.7276439175013);
#3678=VECTOR('',#10567,10.);
#3679=VECTOR('',#10568,8.05488060604467);
#3680=VECTOR('',#10571,10.);
#3681=VECTOR('',#10572,9.02371618589147);
#3682=VECTOR('',#10575,8.0541504270999);
#3683=VECTOR('',#10578,5.00005845288132);
#3684=VECTOR('',#10579,5.00696434496237);
#3685=VECTOR('',#10582,10.);
#3686=VECTOR('',#10583,5.00000000204921);
#3687=VECTOR('',#10586,5.00698389114725);
#3688=VECTOR('',#10589,10.);
#3689=VECTOR('',#10592,5.00022848599889);
#3690=VECTOR('',#10593,10.);
#3691=VECTOR('',#10596,5.00696022251932);
#3692=VECTOR('',#10599,5.);
#3693=VECTOR('',#10600,5.00829669282892);
#3694=VECTOR('',#10601,9.99999906026552);
#3695=VECTOR('',#10604,5.07282017272712);
#3696=VECTOR('',#10607,5.00001745007236);
#3697=VECTOR('',#10608,5.00114858832429);
#3698=VECTOR('',#10611,5.00058140719193);
#3699=VECTOR('',#10614,5.00410186023147);
#3700=VECTOR('',#10615,5.00066921046597);
#3701=VECTOR('',#10618,5.00001049779322);
#3702=VECTOR('',#10619,5.00149650961394);
#3703=VECTOR('',#10622,5.);
#3704=VECTOR('',#10625,5.00055084878831);
#3705=VECTOR('',#10626,5.00250798507729);
#3706=VECTOR('',#10627,5.00001183844211);
#3707=VECTOR('',#10630,5.00016687742907);
#3708=VECTOR('',#10633,7.9053382479597);
#3709=VECTOR('',#10636,9.10215680136876);
#3710=VECTOR('',#10639,8.24525941492582);
#3711=VECTOR('',#10648,7.90762797868955);
#3712=VECTOR('',#10649,9.87084744997149);
#3713=VECTOR('',#10652,9.87092054691062);
#3714=VECTOR('',#10655,7.9062696098471);
#3715=VECTOR('',#10660,5.00004259898244);
#3716=VECTOR('',#10661,5.00066753946057);
#3717=VECTOR('',#10664,5.00075485429253);
#3718=VECTOR('',#10667,5.00004243603656);
#3719=VECTOR('',#10670,5.00058608306172);
#3720=VECTOR('',#10673,5.0007118433649);
#3721=VECTOR('',#10676,5.);
#3722=VECTOR('',#10677,5.00104236394086);
#3723=VECTOR('',#10682,5.00043641850409);
#3724=VECTOR('',#10683,5.00119772519162);
#3725=VECTOR('',#10686,5.00151211990968);
#3726=VECTOR('',#10689,8.71708432983947);
#3727=VECTOR('',#10692,8.03246131225446);
#3728=VECTOR('',#10695,8.81926470756929);
#3729=VECTOR('',#10698,9.9999990601216);
#3730=VECTOR('',#10699,7.96437989524827);
#3731=VECTOR('',#10702,8.49963657895367);
#3732=VECTOR('',#10703,9.24664748454994);
#3733=VECTOR('',#10704,10.);
#3734=VECTOR('',#10709,8.23945480919867);
#3735=VECTOR('',#10710,9.17018920138915);
#3736=VECTOR('',#10713,10.);
#3737=VECTOR('',#10714,7.90659364498373);
#3738=VECTOR('',#10717,9.87023646545316);
#3739=VECTOR('',#10718,10.);
#3740=VECTOR('',#10721,7.90942964000711);
#3741=VECTOR('',#10724,9.99999995636534);
#3742=VECTOR('',#10725,9.99999995586141);
#3743=VECTOR('',#10728,9.9999999562563);
#3744=VECTOR('',#10735,10.);
#3745=VECTOR('',#10738,5.00697409166404);
#3746=VECTOR('',#10739,10.);
#3747=VECTOR('',#10740,5.00000050324324);
#3748=VECTOR('',#10743,5.00076004471278);
#3749=VECTOR('',#10744,5.00000000192701);
#3750=VECTOR('',#10747,5.00058744058725);
#3751=VECTOR('',#10748,5.0016291480839);
#3752=VECTOR('',#10751,5.00009311269166);
#3753=VECTOR('',#10754,5.00006697618413);
#3754=VECTOR('',#10757,5.00156751897659);
#3755=VECTOR('',#10760,5.00068748284011);
#3756=VECTOR('',#10761,5.00009587211194);
#3757=VECTOR('',#10764,5.00009278694511);
#3758=VECTOR('',#10769,5.00016982521378);
#3759=VECTOR('',#10772,5.00071413705053);
#3760=VECTOR('',#10773,5.);
#3761=VECTOR('',#10778,5.0000417702116);
#3762=VECTOR('',#10779,5.00104435960876);
#3763=VECTOR('',#10782,5.0000424356116);
#3764=VECTOR('',#10785,5.00149287472769);
#3765=VECTOR('',#10786,5.00004095641244);
#3766=VECTOR('',#10793,5.00093055581234);
#3767=VECTOR('',#10794,5.0036887490489);
#3768=VECTOR('',#10797,5.00000000204921);
#3769=VECTOR('',#10798,10.);
#3770=VECTOR('',#10801,10.);
#3771=VECTOR('',#10802,5.00468632062431);
#3772=VECTOR('',#10805,5.00005904702962);
#3773=VECTOR('',#10808,10.);
#3774=VECTOR('',#10809,5.01127904080602);
#3775=VECTOR('',#10812,5.00169617101997);
#3776=VECTOR('',#10813,5.00011493744931);
#3777=VECTOR('',#10816,5.00002439091419);
#3778=VECTOR('',#10819,5.00175237367032);
#3779=VECTOR('',#10822,5.00012050091598);
#3780=VECTOR('',#10825,10.);
#3781=VECTOR('',#10828,10.);
#3782=VECTOR('',#10829,5.00144683886661);
#3783=VECTOR('',#10832,10.);
#3784=VECTOR('',#10835,10.);
#3785=VECTOR('',#10838,5.00000000207557);
#3786=VECTOR('',#10839,10.);
#3787=VECTOR('',#10844,5.00352546960774);
#3788=VECTOR('',#10853,10.);
#3789=VECTOR('',#10856,5.);
#3790=VECTOR('',#10857,5.0727873831557);
#3791=VECTOR('',#10858,9.99999989353043);
#3792=VECTOR('',#10861,5.00000000208225);
#3793=VECTOR('',#10862,10.);
#3794=VECTOR('',#10865,9.99999989360231);
#3795=VECTOR('',#10868,5.00031581021633);
#3796=VECTOR('',#10875,5.0000000020755);
#3797=VECTOR('',#10876,10.);
#3798=VECTOR('',#10879,5.07285455000706);
#3799=VECTOR('',#10880,10.);
#3800=VECTOR('',#10883,10.);
#3801=VECTOR('',#10884,5.07277848410503);
#3802=VECTOR('',#10885,5.0000000020755);
#3803=VECTOR('',#10888,5.);
#3804=VECTOR('',#10891,10.);
#3805=VECTOR('',#10892,5.072798238592);
#3806=VECTOR('',#10893,5.00000000208881);
#3807=VECTOR('',#10900,5.07284685750357);
#3808=VECTOR('',#10907,5.00000000207557);
#3809=VECTOR('',#10910,5.00000000207557);
#3810=VECTOR('',#10911,10.);
#3811=VECTOR('',#10914,9.8703390320078);
#3812=VECTOR('',#10917,10.);
#3813=VECTOR('',#10918,7.90437946949828);
#3814=VECTOR('',#10921,9.87027011282732);
#3815=VECTOR('',#10922,7.90205173810762);
#3816=VECTOR('',#10925,10.);
#3817=VECTOR('',#10928,10.);
#3818=VECTOR('',#10929,5.00000000207557);
#3819=VECTOR('',#10932,5.09898206988839);
#3820=VECTOR('',#10935,9.82989190234861);
#3821=VECTOR('',#10936,8.15571103191468);
#3822=VECTOR('',#10939,7.90637896936431);
#3823=VECTOR('',#10942,8.33771442214147);
#3824=VECTOR('',#10945,8.47953903712046);
#3825=VECTOR('',#10948,8.26071596056703);
#3826=VECTOR('',#10951,8.62052585901469);
#3827=VECTOR('',#10954,8.05751349181304);
#3828=VECTOR('',#10957,9.02560762430288);
#3829=VECTOR('',#10960,7.90450573865098);
#3830=VECTOR('',#10963,8.92519964988094);
#3831=VECTOR('',#10966,8.13747836948566);
#3832=VECTOR('',#10969,8.25695845886773);
#3833=VECTOR('',#10972,10.);
#3834=VECTOR('',#10975,8.62258175851959);
#3835=VECTOR('',#10978,7.93180420748818);
#3836=VECTOR('',#10981,8.84172643805217);
#3837=VECTOR('',#10984,8.06017693238753);
#3838=VECTOR('',#10987,9.01942827531297);
#3839=VECTOR('',#10990,8.36590787833122);
#3840=VECTOR('',#10993,8.49790365030799);
#3841=VECTOR('',#10996,8.26086979660333);
#3842=VECTOR('',#10999,8.14070523682119);
#3843=VECTOR('',#11002,8.24525305242573);
#3844=VECTOR('',#11005,8.9251498766507);
#3845=VECTOR('',#11008,7.90581757444221);
#3846=VECTOR('',#11011,8.72903860305833);
#3847=VECTOR('',#11014,8.49697782500851);
#3848=VECTOR('',#11017,9.82980265246802);
#3849=VECTOR('',#11022,8.36495069290015);
#3850=VECTOR('',#11025,7.96295853856944);
#3851=VECTOR('',#11028,8.13981505809394);
#3852=VECTOR('',#11031,8.24431411568775);
#3853=VECTOR('',#11034,8.71543261536678);
#3854=VECTOR('',#11037,7.96097916943209);
#3855=VECTOR('',#11040,9.17545450796258);
#3856=VECTOR('',#11043,7.90534225279035);
#3857=VECTOR('',#11046,7.90824191397901);
#3858=VECTOR('',#11047,9.87025744437547);
#3859=VECTOR('',#11052,9.87030843294928);
#3860=VECTOR('',#11055,7.90325352796263);
#3861=VECTOR('',#11058,10.);
#3862=VECTOR('',#11059,9.870293971049);
#3863=VECTOR('',#11062,7.90098785272117);
#3864=VECTOR('',#11065,9.82983067150419);
#3865=VECTOR('',#11068,7.90450162272436);
#3866=VECTOR('',#11069,10.);
#3867=VECTOR('',#11072,9.82984011161073);
#3868=VECTOR('',#11075,9.82979460456957);
#3869=VECTOR('',#11076,7.90433031457043);
#3870=VECTOR('',#11079,7.90604373541201);
#3871=VECTOR('',#11080,9.99999989447429);
#3872=VECTOR('',#11083,9.82984035724439);
#3873=VECTOR('',#11084,7.90175411709179);
#3874=VECTOR('',#11087,9.9999998946251);
#3875=VECTOR('',#11090,10.);
#3876=VECTOR('',#11093,5.07279521880694);
#3877=VECTOR('',#11094,5.0000000020755);
#3878=VECTOR('',#11097,10.);
#3879=VECTOR('',#11098,7.90462627771313);
#3880=VECTOR('',#11099,9.82995635433648);
#3881=VECTOR('',#11102,9.83000242953635);
#3882=VECTOR('',#11105,9.99999989451997);
#3883=VECTOR('',#11108,7.9035732649433);
#3884=VECTOR('',#11111,10.);
#3885=VECTOR('',#11112,9.87021871672566);
#3886=VECTOR('',#11115,7.90435302298079);
#3887=VECTOR('',#11118,10.);
#3888=VECTOR('',#11119,9.87023064166542);
#3889=VECTOR('',#11122,7.90703414779493);
#3890=VECTOR('',#11125,9.87034312947516);
#3891=VECTOR('',#11128,10.);
#3892=VECTOR('',#11129,7.90737507873466);
#3893=VECTOR('',#11132,7.91298952486096);
#3894=VECTOR('',#11133,9.87029181949667);
#3895=VECTOR('',#11134,9.99999992289933);
#3896=VECTOR('',#11139,10.);
#3897=VECTOR('',#11140,5.09894286354247);
#3898=VECTOR('',#11141,5.00000000210209);
#3899=VECTOR('',#11144,5.00000000207557);
#3900=VECTOR('',#11145,5.09896582284587);
#3901=VECTOR('',#11148,5.00000000210209);
#3902=VECTOR('',#11149,10.);
#3903=VECTOR('',#11150,5.00000000210209);
#3904=VECTOR('',#11153,5.09896430312673);
#3905=VECTOR('',#11156,9.99999989460918);
#3906=VECTOR('',#11157,9.82980659133345);
#3907=VECTOR('',#11160,7.90565758371198);
#3908=VECTOR('',#11163,9.99999992286609);
#3909=VECTOR('',#11164,9.87030802347387);
#3910=VECTOR('',#11167,7.90715707102627);
#3911=VECTOR('',#11170,10.);
#3912=VECTOR('',#11171,7.90819191251306);
#3913=VECTOR('',#11172,9.87029987378571);
#3914=VECTOR('',#11177,10.);
#3915=VECTOR('',#11178,9.87033554379925);
#3916=VECTOR('',#11183,5.07275307141474);
#3917=VECTOR('',#11184,5.00000000208874);
#3918=VECTOR('',#11187,10.);
#3919=VECTOR('',#11188,5.00000000210202);
#3920=VECTOR('',#11191,10.);
#3921=VECTOR('',#11192,5.07283492407214);
#3922=VECTOR('',#11193,5.00000000208218);
#3923=VECTOR('',#11196,10.);
#3924=VECTOR('',#11197,5.00000000208301);
#3925=VECTOR('',#11200,7.90465792411519);
#3926=VECTOR('',#11201,9.82974494117574);
#3927=VECTOR('',#11204,7.9052476444541);
#3928=VECTOR('',#11205,9.82974012693809);
#3929=VECTOR('',#11208,10.);
#3930=VECTOR('',#11211,10.);
#3931=VECTOR('',#11214,5.09896379182466);
#3932=VECTOR('',#11215,5.00000000208888);
#3933=VECTOR('',#11218,5.);
#3934=VECTOR('',#11219,5.07286594542777);
#3935=VECTOR('',#11222,10.);
#3936=VECTOR('',#11225,5.07278959903589);
#3937=VECTOR('',#11228,5.00000000208881);
#3938=VECTOR('',#11229,10.);
#3939=VECTOR('',#11236,10.);
#3940=VECTOR('',#11239,10.);
#3941=VECTOR('',#11240,5.00000000208874);
#3942=VECTOR('',#11243,5.09894750303804);
#3943=VECTOR('',#11244,5.);
#3944=VECTOR('',#11247,10.);
#3945=VECTOR('',#11250,5.098994926278);
#3946=VECTOR('',#11253,9.9999999222002);
#3947=VECTOR('',#11256,9.99999992217515);
#3948=VECTOR('',#11259,5.00000000207557);
#3949=VECTOR('',#11260,10.);
#3950=VECTOR('',#11263,5.07280301154425);
#3951=VECTOR('',#11266,5.);
#3952=VECTOR('',#11267,5.07287677348452);
#3953=VECTOR('',#11270,5.);
#3954=VECTOR('',#11271,10.);
#3955=VECTOR('',#11274,5.07275018189487);
#3956=VECTOR('',#11275,10.);
#3957=VECTOR('',#11276,5.00000000208384);
#3958=VECTOR('',#11279,10.);
#3959=VECTOR('',#11282,7.90573634352311);
#3960=VECTOR('',#11285,10.);
#3961=VECTOR('',#11288,10.);
#3962=VECTOR('',#11291,10.);
#3963=VECTOR('',#11292,5.07280536139624);
#3964=VECTOR('',#11295,9.82980989825285);
#3965=VECTOR('',#11298,5.0728414987421);
#3966=VECTOR('',#11299,10.);
#3967=VECTOR('',#11302,10.);
#3968=VECTOR('',#11305,7.90433278888162);
#3969=VECTOR('',#11310,7.90536416707728);
#3970=VECTOR('',#11311,9.82979494660221);
#3971=VECTOR('',#11316,5.00000000208881);
#3972=VECTOR('',#11317,10.);
#3973=VECTOR('',#11320,9.82984069918857);
#3974=VECTOR('',#11323,5.00000000208218);
#3975=VECTOR('',#11324,5.07281202368504);
#3976=VECTOR('',#11325,10.);
#3977=VECTOR('',#11328,10.);
#3978=VECTOR('',#11331,5.00000000208218);
#3979=VECTOR('',#11332,5.07284306468836);
#3980=VECTOR('',#11333,10.);
#3981=VECTOR('',#11336,10.);
#3982=VECTOR('',#11339,10.);
#3983=VECTOR('',#11340,10.);
#3984=VECTOR('',#11341,5.00000000208218);
#3985=VECTOR('',#11344,7.90175659220368);
#3986=VECTOR('',#11347,9.82980662721238);
#3987=VECTOR('',#11350,7.90380865115065);
#3988=VECTOR('',#11353,9.82976158133651);
#3989=VECTOR('',#11356,7.90268058004097);
#3990=VECTOR('',#11359,10.);
#3991=VECTOR('',#11360,10.);
#3992=VECTOR('',#11363,9.870243721667);
#3993=VECTOR('',#11364,7.90336586911865);
#3994=VECTOR('',#11369,7.9061182971697);
#3995=VECTOR('',#11370,9.87025703066559);
#3996=VECTOR('',#11375,9.87030945665598);
#3997=VECTOR('',#11376,7.90653452100899);
#3998=VECTOR('',#11381,7.90489333886974);
#3999=VECTOR('',#11382,9.82986276239148);
#4000=VECTOR('',#11385,7.90626794910353);
#4001=VECTOR('',#11388,9.82970384924365);
#4002=VECTOR('',#11391,7.90817184868478);
#4003=VECTOR('',#11394,9.8298893384566);
#4004=VECTOR('',#11397,7.90563094648543);
#4005=VECTOR('',#11400,7.90395135444656);
#4006=VECTOR('',#11401,9.8297890845458);
#4007=VECTOR('',#11406,9.82980257494421);
#4008=VECTOR('',#11409,7.90895508420567);
#4009=VECTOR('',#11412,5.);
#4010=VECTOR('',#11413,10.);
#4011=VECTOR('',#11416,10.);
#4012=VECTOR('',#11417,5.);
#4013=VECTOR('',#11420,9.87079553889969);
#4014=VECTOR('',#11423,9.82990378122481);
#4015=VECTOR('',#11426,7.90501753097734);
#4016=VECTOR('',#11429,10.);
#4017=VECTOR('',#11430,5.);
#4018=VECTOR('',#11433,7.90700334588987);
#4019=VECTOR('',#11434,9.82996378242434);
#4020=VECTOR('',#11439,7.90433693997526);
#4021=VECTOR('',#11440,9.82983591966853);
#4022=VECTOR('',#11445,7.90332885198517);
#4023=VECTOR('',#11446,10.);
#4024=VECTOR('',#11447,9.82981806633219);
#4025=VECTOR('',#11450,7.91063516338685);
#4026=VECTOR('',#11453,9.82979686861713);
#4027=VECTOR('',#11456,7.9044411741832);
#4028=VECTOR('',#11457,10.);
#4029=VECTOR('',#11460,9.82989931509727);
#4030=VECTOR('',#11463,7.90489852733593);
#4031=VECTOR('',#11464,10.);
#4032=VECTOR('',#11467,10.);
#4033=VECTOR('',#11468,9.82977391497599);
#4034=VECTOR('',#11471,10.);
#4035=VECTOR('',#11472,5.00000000207557);
#4036=VECTOR('',#11473,5.00000000207557);
#4037=VECTOR('',#11476,7.91011843836265);
#4038=VECTOR('',#11479,5.07277659972658);
#4039=VECTOR('',#11482,10.);
#4040=VECTOR('',#11483,5.00000000210209);
#4041=VECTOR('',#11486,9.82974775026631);
#4042=VECTOR('',#11487,7.90686826349576);
#4043=VECTOR('',#11490,5.07280302000126);
#4044=VECTOR('',#11493,9.82992214725254);
#4045=VECTOR('',#11496,7.90682178717261);
#4046=VECTOR('',#11499,5.);
#4047=VECTOR('',#11500,5.07284580447592);
#4048=VECTOR('',#11503,10.);
#4049=VECTOR('',#11506,5.07280581548157);
#4050=VECTOR('',#11511,9.8702576058201);
#4051=VECTOR('',#11514,7.91045474503837);
#4052=VECTOR('',#11517,7.90566005760858);
#4053=VECTOR('',#11518,9.82980693334291);
#4054=VECTOR('',#11521,9.82979258641737);
#4055=VECTOR('',#11522,7.90597267596723);
#4056=VECTOR('',#11529,9.82979793146734);
#4057=VECTOR('',#11532,7.90530496926054);
#4058=VECTOR('',#11535,7.90715954445279);
#4059=VECTOR('',#11536,9.87030828645225);
#4060=VECTOR('',#11541,9.87030013678014);
#4061=VECTOR('',#11544,7.90580700526869);
#4062=VECTOR('',#11547,9.87011037751106);
#4063=VECTOR('',#11552,9.8297415308834);
#4064=VECTOR('',#11553,7.90192627365799);
#4065=VECTOR('',#11558,9.82979483369033);
#4066=VECTOR('',#11561,7.9024883752783);
#4067=VECTOR('',#11564,7.90654827022098);
#4068=VECTOR('',#11565,9.82979902168233);
#4069=VECTOR('',#11568,9.82985188275808);
#4070=VECTOR('',#11571,9.82967101082999);
#4071=VECTOR('',#11574,9.82972406767435);
#4072=VECTOR('',#11575,7.90581234147272);
#4073=VECTOR('',#11578,7.90542776868464);
#4074=VECTOR('',#11583,9.82983119121267);
#4075=VECTOR('',#11586,7.90702122868878);
#4076=VECTOR('',#11589,9.82977817816349);
#4077=VECTOR('',#11594,7.90749832820751);
#4078=VECTOR('',#11597,7.90780048946158);
#4079=VECTOR('',#11600,9.82990874115773);
#4080=VECTOR('',#11603,9.8301016072961);
#4081=VECTOR('',#11604,7.90996781635431);
#4082=VECTOR('',#11607,7.90573315366425);
#4083=VECTOR('',#11608,9.99999989454248);
#4084=VECTOR('',#11611,9.99999989451906);
#4085=VECTOR('',#11614,9.82988258862152);
#4086=VECTOR('',#11617,5.07280474861372);
#4087=VECTOR('',#11620,10.);
#4088=VECTOR('',#11623,7.90920900808233);
#4089=VECTOR('',#11626,9.87091047881823);
#4090=VECTOR('',#11627,7.90716140763166);
#4091=VECTOR('',#11630,10.);
#4092=VECTOR('',#11633,9.99999992318988);
#4093=VECTOR('',#11634,9.8709332164191);
#4094=VECTOR('',#11637,7.90289449679218);
#4095=VECTOR('',#11640,9.99999992326075);
#4096=VECTOR('',#11641,9.87084342185763);
#4097=VECTOR('',#11644,7.90653738096695);
#4098=VECTOR('',#11647,5.09938375268845);
#4099=VECTOR('',#11648,5.00000000210202);
#4100=VECTOR('',#11651,5.09944466819062);
#4101=VECTOR('',#11652,5.);
#4102=VECTOR('',#11655,9.87079029495818);
#4103=VECTOR('',#11656,7.90855227689408);
#4104=VECTOR('',#11659,10.);
#4105=VECTOR('',#11662,10.);
#4106=VECTOR('',#11663,7.90107673903246);
#4107=VECTOR('',#11664,9.87078930315789);
#4108=VECTOR('',#11669,9.87080694011838);
#4109=VECTOR('',#11672,10.);
#4110=VECTOR('',#11673,7.90657611407253);
#4111=VECTOR('',#11678,10.);
#4112=VECTOR('',#11681,5.09947739709875);
#4113=VECTOR('',#11682,5.00000000204921);
#4114=VECTOR('',#11685,10.);
#4115=VECTOR('',#11688,10.);
#4116=VECTOR('',#11689,5.00000000210202);
#4117=VECTOR('',#11692,5.);
#4118=VECTOR('',#11693,5.0728206401721);
#4119=VECTOR('',#11696,5.07283937997502);
#4120=VECTOR('',#11699,5.00000000207557);
#4121=VECTOR('',#11700,10.);
#4122=VECTOR('',#11703,10.);
#4123=VECTOR('',#11704,5.00000000207557);
#4124=VECTOR('',#11707,7.90236922117067);
#4125=VECTOR('',#11708,9.82976796783131);
#4126=VECTOR('',#11711,10.);
#4127=VECTOR('',#11716,7.90340123926626);
#4128=VECTOR('',#11717,9.82974768356462);
#4129=VECTOR('',#11722,7.90379451993221);
#4130=VECTOR('',#11723,9.82985089809502);
#4131=VECTOR('',#11726,9.82983537418593);
#4132=VECTOR('',#11731,7.9042317537745);
#4133=VECTOR('',#11734,7.91012091085551);
#4134=VECTOR('',#11735,9.82977425704863);
#4135=VECTOR('',#11738,9.82977845296163);
#4136=VECTOR('',#11743,9.82977208119232);
#4137=VECTOR('',#11748,7.90697395015199);
#4138=VECTOR('',#11751,9.82985732813985);
#4139=VECTOR('',#11756,10.);
#4140=VECTOR('',#11759,9.82990908296972);
#4141=VECTOR('',#11762,7.90745624548161);
#4142=VECTOR('',#11765,10.);
#4143=VECTOR('',#11768,7.90573562753721);
#4144=VECTOR('',#11769,9.8298039732895);
#4145=VECTOR('',#11774,9.82988293048406);
#4146=VECTOR('',#11777,7.9097530686359);
#4147=VECTOR('',#11782,10.);
#4148=VECTOR('',#11783,5.);
#4149=VECTOR('',#11786,10.);
#4150=VECTOR('',#11789,7.90921148086266);
#4151=VECTOR('',#11792,9.87091074060994);
#4152=VECTOR('',#11795,7.90716388105682);
#4153=VECTOR('',#11798,7.90188387784218);
#4154=VECTOR('',#11799,9.87077977862455);
#4155=VECTOR('',#11804,7.90653985458796);
#4156=VECTOR('',#11805,9.87084368378144);
#4157=VECTOR('',#11810,10.);
#4158=VECTOR('',#11811,5.);
#4159=VECTOR('',#11814,10.);
#4160=VECTOR('',#11817,9.87079055698665);
#4161=VECTOR('',#11820,7.90855474988159);
#4162=VECTOR('',#11823,9.87078956518831);
#4163=VECTOR('',#11826,7.90206692871922);
#4164=VECTOR('',#11829,9.87078278635073);
#4165=VECTOR('',#11834,9.78870182602274);
#4166=VECTOR('',#11835,8.17332104092327);
#4167=VECTOR('',#11838,8.61471761725866);
#4168=VECTOR('',#11839,8.1198338912967);
#4169=VECTOR('',#11842,9.01339567691836);
#4170=VECTOR('',#11845,7.90520612015477);
#4171=VECTOR('',#11848,7.91050507632687);
#4172=VECTOR('',#11849,8.61336513180109);
#4173=VECTOR('',#11854,8.93053279007468);
#4174=VECTOR('',#11857,7.90630283099567);
#4175=VECTOR('',#11860,9.0231515969547);
#4176=VECTOR('',#11863,8.14336495801671);
#4177=VECTOR('',#11866,8.33684790580894);
#4178=VECTOR('',#11869,10.);
#4179=VECTOR('',#11876,9.82972097187907);
#4180=VECTOR('',#11877,7.90444590125436);
#4181=VECTOR('',#11880,9.8298882463375);
#4182=VECTOR('',#11885,7.90709873727477);
#4183=VECTOR('',#11888,8.61117320291215);
#4184=VECTOR('',#11889,8.613259693852);
#4185=VECTOR('',#11892,7.90638581170998);
#4186=VECTOR('',#11895,7.99746319183811);
#4187=VECTOR('',#11896,8.78694321124766);
#4188=VECTOR('',#11901,7.96311486050239);
#4189=VECTOR('',#11902,8.82381579089541);
#4190=VECTOR('',#11907,8.14020584448561);
#4191=VECTOR('',#11910,8.24607320725132);
#4192=VECTOR('',#11913,8.72017960462249);
#4193=VECTOR('',#11916,8.84107434824541);
#4194=VECTOR('',#11917,8.16203825901457);
#4195=VECTOR('',#11922,7.90460381759804);
#4196=VECTOR('',#11927,8.61327527768064);
#4197=VECTOR('',#11928,7.90324745979024);
#4198=VECTOR('',#11933,8.82035544762597);
#4199=VECTOR('',#11936,8.3511133158499);
#4200=VECTOR('',#11939,8.48462444833007);
#4201=VECTOR('',#11942,8.48702373852968);
#4202=VECTOR('',#11945,8.24461447382719);
#4203=VECTOR('',#11946,8.03532752778847);
#4204=VECTOR('',#11953,9.82985698622781);
#4205=VECTOR('',#11956,7.90626547539727);
#4206=VECTOR('',#11959,9.82986242048995);
#4207=VECTOR('',#11962,7.90662661070664);
#4208=CIRCLE('',#8822,1.2645);
#4209=CIRCLE('',#8823,1.2645);
#4210=CIRCLE('',#8826,1.2645);
#4211=CIRCLE('',#8827,1.2645);
#4212=CIRCLE('',#8830,1.2645);
#4213=CIRCLE('',#8831,1.2645);
#4214=CIRCLE('',#8834,1.2645);
#4215=CIRCLE('',#8835,1.2645);
#4216=CIRCLE('',#8838,1.2645);
#4217=CIRCLE('',#8839,1.2645);
#4218=CIRCLE('',#8842,1.2645);
#4219=CIRCLE('',#8843,1.2645);
#4220=CIRCLE('',#8846,4.3);
#4221=CIRCLE('',#8848,1.04999999999999);
#4222=CIRCLE('',#8850,1.04999999999999);
#4223=CIRCLE('',#8852,1.04999999999999);
#4224=CIRCLE('',#8854,1.04999999999999);
#4225=CIRCLE('',#8860,1.04999999999999);
#4226=CIRCLE('',#8862,1.04999999999999);
#4227=CIRCLE('',#8864,1.04999999999999);
#4228=CIRCLE('',#8866,1.04999999999999);
#4229=CIRCLE('',#8868,4.3);
#4230=CIRCLE('',#8871,3.);
#4231=CIRCLE('',#8872,3.);
#4232=CIRCLE('',#8874,3.);
#4233=CIRCLE('',#8875,3.);
#4234=VERTEX_POINT('',#11967);
#4235=VERTEX_POINT('',#11969);
#4236=VERTEX_POINT('',#11974);
#4237=VERTEX_POINT('',#11976);
#4238=VERTEX_POINT('',#11981);
#4239=VERTEX_POINT('',#11983);
#4240=VERTEX_POINT('',#11988);
#4241=VERTEX_POINT('',#11990);
#4242=VERTEX_POINT('',#11995);
#4243=VERTEX_POINT('',#11997);
#4244=VERTEX_POINT('',#12002);
#4245=VERTEX_POINT('',#12004);
#4246=VERTEX_POINT('',#12009);
#4247=VERTEX_POINT('',#12012);
#4248=VERTEX_POINT('',#12015);
#4249=VERTEX_POINT('',#12018);
#4250=VERTEX_POINT('',#12021);
#4251=VERTEX_POINT('',#12024);
#4252=VERTEX_POINT('',#12025);
#4253=VERTEX_POINT('',#12027);
#4254=VERTEX_POINT('',#12029);
#4255=VERTEX_POINT('',#12031);
#4256=VERTEX_POINT('',#12033);
#4257=VERTEX_POINT('',#12035);
#4258=VERTEX_POINT('',#12037);
#4259=VERTEX_POINT('',#12041);
#4260=VERTEX_POINT('',#12043);
#4261=VERTEX_POINT('',#12045);
#4262=VERTEX_POINT('',#12047);
#4263=VERTEX_POINT('',#12051);
#4264=VERTEX_POINT('',#12053);
#4265=VERTEX_POINT('',#12055);
#4266=VERTEX_POINT('',#12057);
#4267=VERTEX_POINT('',#12061);
#4268=VERTEX_POINT('',#12062);
#4269=VERTEX_POINT('',#12064);
#4270=VERTEX_POINT('',#12066);
#4271=VERTEX_POINT('',#12070);
#4272=VERTEX_POINT('',#12074);
#4273=VERTEX_POINT('',#12078);
#4274=VERTEX_POINT('',#12082);
#4275=VERTEX_POINT('',#12086);
#4276=VERTEX_POINT('',#12090);
#4277=VERTEX_POINT('',#12092);
#4278=VERTEX_POINT('',#12096);
#4279=VERTEX_POINT('',#12098);
#4280=VERTEX_POINT('',#12100);
#4281=VERTEX_POINT('',#12102);
#4282=VERTEX_POINT('',#12104);
#4283=VERTEX_POINT('',#12107);
#4284=VERTEX_POINT('',#12111);
#4285=VERTEX_POINT('',#12112);
#4286=VERTEX_POINT('',#12115);
#4287=VERTEX_POINT('',#12118);
#4288=VERTEX_POINT('',#12120);
#4289=VERTEX_POINT('',#12122);
#4290=VERTEX_POINT('',#12131);
#4291=VERTEX_POINT('',#12132);
#4292=VERTEX_POINT('',#12134);
#4293=VERTEX_POINT('',#12136);
#4294=VERTEX_POINT('',#12138);
#4295=VERTEX_POINT('',#12142);
#4296=VERTEX_POINT('',#12144);
#4297=VERTEX_POINT('',#12148);
#4298=VERTEX_POINT('',#12150);
#4299=VERTEX_POINT('',#12154);
#4300=VERTEX_POINT('',#12158);
#4301=VERTEX_POINT('',#12162);
#4302=VERTEX_POINT('',#12164);
#4303=VERTEX_POINT('',#12166);
#4304=VERTEX_POINT('',#12168);
#4305=VERTEX_POINT('',#12170);
#4306=VERTEX_POINT('',#12172);
#4307=VERTEX_POINT('',#12174);
#4308=VERTEX_POINT('',#12176);
#4309=VERTEX_POINT('',#12178);
#4310=VERTEX_POINT('',#12180);
#4311=VERTEX_POINT('',#12182);
#4312=VERTEX_POINT('',#12184);
#4313=VERTEX_POINT('',#12186);
#4314=VERTEX_POINT('',#12188);
#4315=VERTEX_POINT('',#12190);
#4316=VERTEX_POINT('',#12192);
#4317=VERTEX_POINT('',#12194);
#4318=VERTEX_POINT('',#12196);
#4319=VERTEX_POINT('',#12198);
#4320=VERTEX_POINT('',#12200);
#4321=VERTEX_POINT('',#12202);
#4322=VERTEX_POINT('',#12204);
#4323=VERTEX_POINT('',#12206);
#4324=VERTEX_POINT('',#12208);
#4325=VERTEX_POINT('',#12210);
#4326=VERTEX_POINT('',#12212);
#4327=VERTEX_POINT('',#12214);
#4328=VERTEX_POINT('',#12216);
#4329=VERTEX_POINT('',#12218);
#4330=VERTEX_POINT('',#12220);
#4331=VERTEX_POINT('',#12222);
#4332=VERTEX_POINT('',#12224);
#4333=VERTEX_POINT('',#12226);
#4334=VERTEX_POINT('',#12228);
#4335=VERTEX_POINT('',#12230);
#4336=VERTEX_POINT('',#12232);
#4337=VERTEX_POINT('',#12234);
#4338=VERTEX_POINT('',#12236);
#4339=VERTEX_POINT('',#12238);
#4340=VERTEX_POINT('',#12240);
#4341=VERTEX_POINT('',#12242);
#4342=VERTEX_POINT('',#12244);
#4343=VERTEX_POINT('',#12246);
#4344=VERTEX_POINT('',#12248);
#4345=VERTEX_POINT('',#12250);
#4346=VERTEX_POINT('',#12252);
#4347=VERTEX_POINT('',#12254);
#4348=VERTEX_POINT('',#12256);
#4349=VERTEX_POINT('',#12258);
#4350=VERTEX_POINT('',#12260);
#4351=VERTEX_POINT('',#12262);
#4352=VERTEX_POINT('',#12264);
#4353=VERTEX_POINT('',#12266);
#4354=VERTEX_POINT('',#12268);
#4355=VERTEX_POINT('',#12270);
#4356=VERTEX_POINT('',#12272);
#4357=VERTEX_POINT('',#12274);
#4358=VERTEX_POINT('',#12276);
#4359=VERTEX_POINT('',#12278);
#4360=VERTEX_POINT('',#12280);
#4361=VERTEX_POINT('',#12282);
#4362=VERTEX_POINT('',#12284);
#4363=VERTEX_POINT('',#12286);
#4364=VERTEX_POINT('',#12288);
#4365=VERTEX_POINT('',#12290);
#4366=VERTEX_POINT('',#12292);
#4367=VERTEX_POINT('',#12294);
#4368=VERTEX_POINT('',#12296);
#4369=VERTEX_POINT('',#12298);
#4370=VERTEX_POINT('',#12300);
#4371=VERTEX_POINT('',#12302);
#4372=VERTEX_POINT('',#12304);
#4373=VERTEX_POINT('',#12306);
#4374=VERTEX_POINT('',#12308);
#4375=VERTEX_POINT('',#12310);
#4376=VERTEX_POINT('',#12312);
#4377=VERTEX_POINT('',#12314);
#4378=VERTEX_POINT('',#12316);
#4379=VERTEX_POINT('',#12318);
#4380=VERTEX_POINT('',#12320);
#4381=VERTEX_POINT('',#12322);
#4382=VERTEX_POINT('',#12324);
#4383=VERTEX_POINT('',#12326);
#4384=VERTEX_POINT('',#12328);
#4385=VERTEX_POINT('',#12330);
#4386=VERTEX_POINT('',#12332);
#4387=VERTEX_POINT('',#12334);
#4388=VERTEX_POINT('',#12336);
#4389=VERTEX_POINT('',#12338);
#4390=VERTEX_POINT('',#12340);
#4391=VERTEX_POINT('',#12342);
#4392=VERTEX_POINT('',#12344);
#4393=VERTEX_POINT('',#12346);
#4394=VERTEX_POINT('',#12348);
#4395=VERTEX_POINT('',#12351);
#4396=VERTEX_POINT('',#12353);
#4397=VERTEX_POINT('',#12355);
#4398=VERTEX_POINT('',#12357);
#4399=VERTEX_POINT('',#12359);
#4400=VERTEX_POINT('',#12361);
#4401=VERTEX_POINT('',#12363);
#4402=VERTEX_POINT('',#12365);
#4403=VERTEX_POINT('',#12367);
#4404=VERTEX_POINT('',#12369);
#4405=VERTEX_POINT('',#12372);
#4406=VERTEX_POINT('',#12373);
#4407=VERTEX_POINT('',#12375);
#4408=VERTEX_POINT('',#12377);
#4409=VERTEX_POINT('',#12379);
#4410=VERTEX_POINT('',#12381);
#4411=VERTEX_POINT('',#12383);
#4412=VERTEX_POINT('',#12385);
#4413=VERTEX_POINT('',#12387);
#4414=VERTEX_POINT('',#12389);
#4415=VERTEX_POINT('',#12391);
#4416=VERTEX_POINT('',#12393);
#4417=VERTEX_POINT('',#12395);
#4418=VERTEX_POINT('',#12397);
#4419=VERTEX_POINT('',#12399);
#4420=VERTEX_POINT('',#12401);
#4421=VERTEX_POINT('',#12403);
#4422=VERTEX_POINT('',#12405);
#4423=VERTEX_POINT('',#12407);
#4424=VERTEX_POINT('',#12409);
#4425=VERTEX_POINT('',#12411);
#4426=VERTEX_POINT('',#12413);
#4427=VERTEX_POINT('',#12415);
#4428=VERTEX_POINT('',#12419);
#4429=VERTEX_POINT('',#12421);
#4430=VERTEX_POINT('',#12423);
#4431=VERTEX_POINT('',#12425);
#4432=VERTEX_POINT('',#12427);
#4433=VERTEX_POINT('',#12429);
#4434=VERTEX_POINT('',#12431);
#4435=VERTEX_POINT('',#12433);
#4436=VERTEX_POINT('',#12435);
#4437=VERTEX_POINT('',#12437);
#4438=VERTEX_POINT('',#12439);
#4439=VERTEX_POINT('',#12441);
#4440=VERTEX_POINT('',#12443);
#4441=VERTEX_POINT('',#12445);
#4442=VERTEX_POINT('',#12447);
#4443=VERTEX_POINT('',#12449);
#4444=VERTEX_POINT('',#12451);
#4445=VERTEX_POINT('',#12453);
#4446=VERTEX_POINT('',#12455);
#4447=VERTEX_POINT('',#12457);
#4448=VERTEX_POINT('',#12459);
#4449=VERTEX_POINT('',#12461);
#4450=VERTEX_POINT('',#12463);
#4451=VERTEX_POINT('',#12465);
#4452=VERTEX_POINT('',#12467);
#4453=VERTEX_POINT('',#12469);
#4454=VERTEX_POINT('',#12471);
#4455=VERTEX_POINT('',#12473);
#4456=VERTEX_POINT('',#12475);
#4457=VERTEX_POINT('',#12477);
#4458=VERTEX_POINT('',#12479);
#4459=VERTEX_POINT('',#12481);
#4460=VERTEX_POINT('',#12483);
#4461=VERTEX_POINT('',#12485);
#4462=VERTEX_POINT('',#12487);
#4463=VERTEX_POINT('',#12489);
#4464=VERTEX_POINT('',#12491);
#4465=VERTEX_POINT('',#12493);
#4466=VERTEX_POINT('',#12495);
#4467=VERTEX_POINT('',#12497);
#4468=VERTEX_POINT('',#12499);
#4469=VERTEX_POINT('',#12501);
#4470=VERTEX_POINT('',#12503);
#4471=VERTEX_POINT('',#12505);
#4472=VERTEX_POINT('',#12507);
#4473=VERTEX_POINT('',#12509);
#4474=VERTEX_POINT('',#12511);
#4475=VERTEX_POINT('',#12513);
#4476=VERTEX_POINT('',#12515);
#4477=VERTEX_POINT('',#12517);
#4478=VERTEX_POINT('',#12519);
#4479=VERTEX_POINT('',#12521);
#4480=VERTEX_POINT('',#12523);
#4481=VERTEX_POINT('',#12525);
#4482=VERTEX_POINT('',#12527);
#4483=VERTEX_POINT('',#12529);
#4484=VERTEX_POINT('',#12531);
#4485=VERTEX_POINT('',#12533);
#4486=VERTEX_POINT('',#12535);
#4487=VERTEX_POINT('',#12537);
#4488=VERTEX_POINT('',#12539);
#4489=VERTEX_POINT('',#12541);
#4490=VERTEX_POINT('',#12543);
#4491=VERTEX_POINT('',#12545);
#4492=VERTEX_POINT('',#12547);
#4493=VERTEX_POINT('',#12549);
#4494=VERTEX_POINT('',#12551);
#4495=VERTEX_POINT('',#12553);
#4496=VERTEX_POINT('',#12555);
#4497=VERTEX_POINT('',#12557);
#4498=VERTEX_POINT('',#12559);
#4499=VERTEX_POINT('',#12561);
#4500=VERTEX_POINT('',#12563);
#4501=VERTEX_POINT('',#12565);
#4502=VERTEX_POINT('',#12567);
#4503=VERTEX_POINT('',#12569);
#4504=VERTEX_POINT('',#12571);
#4505=VERTEX_POINT('',#12573);
#4506=VERTEX_POINT('',#12575);
#4507=VERTEX_POINT('',#12577);
#4508=VERTEX_POINT('',#12579);
#4509=VERTEX_POINT('',#12581);
#4510=VERTEX_POINT('',#12583);
#4511=VERTEX_POINT('',#12585);
#4512=VERTEX_POINT('',#12587);
#4513=VERTEX_POINT('',#12589);
#4514=VERTEX_POINT('',#12592);
#4515=VERTEX_POINT('',#12593);
#4516=VERTEX_POINT('',#12595);
#4517=VERTEX_POINT('',#12597);
#4518=VERTEX_POINT('',#12599);
#4519=VERTEX_POINT('',#12601);
#4520=VERTEX_POINT('',#12603);
#4521=VERTEX_POINT('',#12605);
#4522=VERTEX_POINT('',#12607);
#4523=VERTEX_POINT('',#12609);
#4524=VERTEX_POINT('',#12611);
#4525=VERTEX_POINT('',#12613);
#4526=VERTEX_POINT('',#12615);
#4527=VERTEX_POINT('',#12617);
#4528=VERTEX_POINT('',#12619);
#4529=VERTEX_POINT('',#12621);
#4530=VERTEX_POINT('',#12623);
#4531=VERTEX_POINT('',#12625);
#4532=VERTEX_POINT('',#12627);
#4533=VERTEX_POINT('',#12629);
#4534=VERTEX_POINT('',#12631);
#4535=VERTEX_POINT('',#12633);
#4536=VERTEX_POINT('',#12636);
#4537=VERTEX_POINT('',#12637);
#4538=VERTEX_POINT('',#12639);
#4539=VERTEX_POINT('',#12641);
#4540=VERTEX_POINT('',#12643);
#4541=VERTEX_POINT('',#12645);
#4542=VERTEX_POINT('',#12647);
#4543=VERTEX_POINT('',#12649);
#4544=VERTEX_POINT('',#12651);
#4545=VERTEX_POINT('',#12653);
#4546=VERTEX_POINT('',#12655);
#4547=VERTEX_POINT('',#12657);
#4548=VERTEX_POINT('',#12659);
#4549=VERTEX_POINT('',#12661);
#4550=VERTEX_POINT('',#12663);
#4551=VERTEX_POINT('',#12665);
#4552=VERTEX_POINT('',#12667);
#4553=VERTEX_POINT('',#12669);
#4554=VERTEX_POINT('',#12671);
#4555=VERTEX_POINT('',#12673);
#4556=VERTEX_POINT('',#12675);
#4557=VERTEX_POINT('',#12677);
#4558=VERTEX_POINT('',#12679);
#4559=VERTEX_POINT('',#12698);
#4560=VERTEX_POINT('',#12699);
#4561=VERTEX_POINT('',#12701);
#4562=VERTEX_POINT('',#12705);
#4563=VERTEX_POINT('',#12747);
#4564=VERTEX_POINT('',#12748);
#4565=VERTEX_POINT('',#12750);
#4566=VERTEX_POINT('',#12754);
#4567=VERTEX_POINT('',#12755);
#4568=VERTEX_POINT('',#12760);
#4569=VERTEX_POINT('',#12764);
#4570=VERTEX_POINT('',#12768);
#4571=VERTEX_POINT('',#12770);
#4572=VERTEX_POINT('',#12774);
#4573=VERTEX_POINT('',#12776);
#4574=VERTEX_POINT('',#12780);
#4575=VERTEX_POINT('',#12784);
#4576=VERTEX_POINT('',#12788);
#4577=VERTEX_POINT('',#12810);
#4578=VERTEX_POINT('',#12811);
#4579=VERTEX_POINT('',#12813);
#4580=VERTEX_POINT('',#12817);
#4581=VERTEX_POINT('',#12819);
#4582=VERTEX_POINT('',#12823);
#4583=VERTEX_POINT('',#12828);
#4584=VERTEX_POINT('',#12832);
#4585=VERTEX_POINT('',#12839);
#4586=VERTEX_POINT('',#12843);
#4587=VERTEX_POINT('',#12847);
#4588=VERTEX_POINT('',#12851);
#4589=VERTEX_POINT('',#12855);
#4590=VERTEX_POINT('',#12859);
#4591=VERTEX_POINT('',#12863);
#4592=VERTEX_POINT('',#12867);
#4593=VERTEX_POINT('',#12871);
#4594=VERTEX_POINT('',#12875);
#4595=VERTEX_POINT('',#12883);
#4596=VERTEX_POINT('',#12902);
#4597=VERTEX_POINT('',#12914);
#4598=VERTEX_POINT('',#12919);
#4599=VERTEX_POINT('',#12931);
#4600=VERTEX_POINT('',#12933);
#4601=VERTEX_POINT('',#12939);
#4602=VERTEX_POINT('',#12943);
#4603=VERTEX_POINT('',#12947);
#4604=VERTEX_POINT('',#12955);
#4605=VERTEX_POINT('',#12961);
#4606=VERTEX_POINT('',#12969);
#4607=VERTEX_POINT('',#12973);
#4608=VERTEX_POINT('',#12979);
#4609=VERTEX_POINT('',#12988);
#4610=VERTEX_POINT('',#12989);
#4611=VERTEX_POINT('',#13003);
#4612=VERTEX_POINT('',#13004);
#4613=VERTEX_POINT('',#13046);
#4614=VERTEX_POINT('',#13067);
#4615=VERTEX_POINT('',#13085);
#4616=VERTEX_POINT('',#13086);
#4617=VERTEX_POINT('',#13093);
#4618=VERTEX_POINT('',#13099);
#4619=VERTEX_POINT('',#13107);
#4620=VERTEX_POINT('',#13111);
#4621=VERTEX_POINT('',#13115);
#4622=VERTEX_POINT('',#13121);
#4623=VERTEX_POINT('',#13125);
#4624=VERTEX_POINT('',#13131);
#4625=VERTEX_POINT('',#13137);
#4626=VERTEX_POINT('',#13141);
#4627=VERTEX_POINT('',#13145);
#4628=VERTEX_POINT('',#13155);
#4629=VERTEX_POINT('',#13161);
#4630=VERTEX_POINT('',#13165);
#4631=VERTEX_POINT('',#13169);
#4632=VERTEX_POINT('',#13173);
#4633=VERTEX_POINT('',#13177);
#4634=VERTEX_POINT('',#13184);
#4635=VERTEX_POINT('',#13193);
#4636=VERTEX_POINT('',#13197);
#4637=VERTEX_POINT('',#13203);
#4638=VERTEX_POINT('',#13207);
#4639=VERTEX_POINT('',#13215);
#4640=VERTEX_POINT('',#13221);
#4641=VERTEX_POINT('',#13223);
#4642=VERTEX_POINT('',#13243);
#4643=VERTEX_POINT('',#13292);
#4644=VERTEX_POINT('',#13296);
#4645=VERTEX_POINT('',#13302);
#4646=VERTEX_POINT('',#13306);
#4647=VERTEX_POINT('',#13310);
#4648=VERTEX_POINT('',#13325);
#4649=VERTEX_POINT('',#13327);
#4650=VERTEX_POINT('',#13365);
#4651=VERTEX_POINT('',#13369);
#4652=VERTEX_POINT('',#13378);
#4653=VERTEX_POINT('',#13393);
#4654=VERTEX_POINT('',#13401);
#4655=VERTEX_POINT('',#13413);
#4656=VERTEX_POINT('',#13414);
#4657=VERTEX_POINT('',#13416);
#4658=VERTEX_POINT('',#13429);
#4659=VERTEX_POINT('',#13433);
#4660=VERTEX_POINT('',#13437);
#4661=VERTEX_POINT('',#13444);
#4662=VERTEX_POINT('',#13457);
#4663=VERTEX_POINT('',#13463);
#4664=VERTEX_POINT('',#13467);
#4665=VERTEX_POINT('',#13473);
#4666=VERTEX_POINT('',#13561);
#4667=VERTEX_POINT('',#13569);
#4668=VERTEX_POINT('',#13575);
#4669=VERTEX_POINT('',#13579);
#4670=VERTEX_POINT('',#13583);
#4671=VERTEX_POINT('',#13591);
#4672=VERTEX_POINT('',#13595);
#4673=VERTEX_POINT('',#13596);
#4674=VERTEX_POINT('',#13607);
#4675=VERTEX_POINT('',#13613);
#4676=VERTEX_POINT('',#13621);
#4677=VERTEX_POINT('',#13625);
#4678=VERTEX_POINT('',#13631);
#4679=VERTEX_POINT('',#13639);
#4680=VERTEX_POINT('',#13641);
#4681=VERTEX_POINT('',#13647);
#4682=VERTEX_POINT('',#13653);
#4683=VERTEX_POINT('',#13659);
#4684=VERTEX_POINT('',#13669);
#4685=VERTEX_POINT('',#13673);
#4686=VERTEX_POINT('',#13677);
#4687=VERTEX_POINT('',#13678);
#4688=VERTEX_POINT('',#13680);
#4689=VERTEX_POINT('',#13684);
#4690=VERTEX_POINT('',#13688);
#4691=VERTEX_POINT('',#13692);
#4692=VERTEX_POINT('',#13700);
#4693=VERTEX_POINT('',#13704);
#4694=VERTEX_POINT('',#13712);
#4695=VERTEX_POINT('',#13720);
#4696=VERTEX_POINT('',#13724);
#4697=VERTEX_POINT('',#13736);
#4698=VERTEX_POINT('',#13742);
#4699=VERTEX_POINT('',#13746);
#4700=VERTEX_POINT('',#13750);
#4701=VERTEX_POINT('',#13752);
#4702=VERTEX_POINT('',#13781);
#4703=VERTEX_POINT('',#13787);
#4704=VERTEX_POINT('',#13788);
#4705=VERTEX_POINT('',#13795);
#4706=VERTEX_POINT('',#13796);
#4707=VERTEX_POINT('',#13803);
#4708=VERTEX_POINT('',#13805);
#4709=VERTEX_POINT('',#13855);
#4710=VERTEX_POINT('',#13859);
#4711=VERTEX_POINT('',#13869);
#4712=VERTEX_POINT('',#13881);
#4713=VERTEX_POINT('',#13883);
#4714=VERTEX_POINT('',#13891);
#4715=VERTEX_POINT('',#13897);
#4716=VERTEX_POINT('',#13901);
#4717=VERTEX_POINT('',#13905);
#4718=VERTEX_POINT('',#13906);
#4719=VERTEX_POINT('',#13915);
#4720=VERTEX_POINT('',#13928);
#4721=VERTEX_POINT('',#13998);
#4722=VERTEX_POINT('',#14002);
#4723=VERTEX_POINT('',#14016);
#4724=VERTEX_POINT('',#14022);
#4725=VERTEX_POINT('',#14028);
#4726=VERTEX_POINT('',#14034);
#4727=VERTEX_POINT('',#14038);
#4728=VERTEX_POINT('',#14042);
#4729=VERTEX_POINT('',#14048);
#4730=VERTEX_POINT('',#14062);
#4731=VERTEX_POINT('',#14068);
#4732=VERTEX_POINT('',#14072);
#4733=VERTEX_POINT('',#14078);
#4734=VERTEX_POINT('',#14134);
#4735=VERTEX_POINT('',#14154);
#4736=EDGE_CURVE('',#4234,#4234,#4208,.T.);
#4737=EDGE_CURVE('',#4234,#4235,#1980,.T.);
#4738=EDGE_CURVE('',#4235,#4235,#4209,.F.);
#4739=EDGE_CURVE('',#4236,#4236,#4210,.T.);
#4740=EDGE_CURVE('',#4236,#4237,#1981,.T.);
#4741=EDGE_CURVE('',#4237,#4237,#4211,.F.);
#4742=EDGE_CURVE('',#4238,#4238,#4212,.T.);
#4743=EDGE_CURVE('',#4238,#4239,#1982,.T.);
#4744=EDGE_CURVE('',#4239,#4239,#4213,.F.);
#4745=EDGE_CURVE('',#4240,#4240,#4214,.T.);
#4746=EDGE_CURVE('',#4240,#4241,#1983,.T.);
#4747=EDGE_CURVE('',#4241,#4241,#4215,.F.);
#4748=EDGE_CURVE('',#4242,#4242,#4216,.T.);
#4749=EDGE_CURVE('',#4242,#4243,#1984,.T.);
#4750=EDGE_CURVE('',#4243,#4243,#4217,.F.);
#4751=EDGE_CURVE('',#4244,#4244,#4218,.T.);
#4752=EDGE_CURVE('',#4244,#4245,#1985,.T.);
#4753=EDGE_CURVE('',#4245,#4245,#4219,.F.);
#4754=EDGE_CURVE('',#4246,#4246,#4220,.F.);
#4755=EDGE_CURVE('',#4247,#4247,#4221,.F.);
#4756=EDGE_CURVE('',#4248,#4248,#4222,.F.);
#4757=EDGE_CURVE('',#4249,#4249,#4223,.F.);
#4758=EDGE_CURVE('',#4250,#4250,#4224,.F.);
#4759=EDGE_CURVE('',#4251,#4252,#1986,.T.);
#4760=EDGE_CURVE('',#4252,#4253,#1987,.T.);
#4761=EDGE_CURVE('',#4253,#4254,#1988,.T.);
#4762=EDGE_CURVE('',#4255,#4254,#1989,.T.);
#4763=EDGE_CURVE('',#4255,#4256,#1990,.T.);
#4764=EDGE_CURVE('',#4257,#4256,#1991,.T.);
#4765=EDGE_CURVE('',#4258,#4257,#1992,.T.);
#4766=EDGE_CURVE('',#4251,#4258,#1993,.T.);
#4767=EDGE_CURVE('',#4254,#4259,#1994,.T.);
#4768=EDGE_CURVE('',#4260,#4259,#1995,.T.);
#4769=EDGE_CURVE('',#4261,#4260,#1996,.T.);
#4770=EDGE_CURVE('',#4261,#4262,#1997,.T.);
#4771=EDGE_CURVE('',#4255,#4262,#1998,.T.);
#4772=EDGE_CURVE('',#4263,#4251,#1999,.T.);
#4773=EDGE_CURVE('',#4264,#4258,#2000,.T.);
#4774=EDGE_CURVE('',#4264,#4265,#2001,.T.);
#4775=EDGE_CURVE('',#4266,#4265,#2002,.T.);
#4776=EDGE_CURVE('',#4263,#4266,#2003,.T.);
#4777=EDGE_CURVE('',#4267,#4268,#2004,.T.);
#4778=EDGE_CURVE('',#4269,#4267,#2005,.T.);
#4779=EDGE_CURVE('',#4270,#4269,#2006,.T.);
#4780=EDGE_CURVE('',#4270,#4268,#2007,.T.);
#4781=EDGE_CURVE('',#4271,#4271,#4225,.T.);
#4782=EDGE_CURVE('',#4271,#4250,#2008,.T.);
#4783=EDGE_CURVE('',#4272,#4272,#4226,.T.);
#4784=EDGE_CURVE('',#4272,#4249,#2009,.T.);
#4785=EDGE_CURVE('',#4273,#4273,#4227,.T.);
#4786=EDGE_CURVE('',#4273,#4248,#2010,.T.);
#4787=EDGE_CURVE('',#4274,#4274,#4228,.T.);
#4788=EDGE_CURVE('',#4274,#4247,#2011,.T.);
#4789=EDGE_CURVE('',#4275,#4275,#4229,.T.);
#4790=EDGE_CURVE('',#4275,#4246,#2012,.T.);
#4791=EDGE_CURVE('',#4252,#4276,#2013,.T.);
#4792=EDGE_CURVE('',#4276,#4277,#2014,.T.);
#4793=EDGE_CURVE('',#4253,#4277,#2015,.T.);
#4794=EDGE_CURVE('',#4278,#4270,#2016,.T.);
#4795=EDGE_CURVE('',#4279,#4270,#4230,.T.);
#4796=EDGE_CURVE('',#4279,#4280,#2017,.T.);
#4797=EDGE_CURVE('',#4281,#4279,#2018,.T.);
#4798=EDGE_CURVE('',#4282,#4281,#2019,.T.);
#4799=EDGE_CURVE('',#4276,#4281,#4231,.T.);
#4800=EDGE_CURVE('',#4276,#4283,#2020,.T.);
#4801=EDGE_CURVE('',#4268,#4263,#2021,.T.);
#4802=EDGE_CURVE('',#4284,#4285,#2022,.T.);
#4803=EDGE_CURVE('',#4285,#4269,#4232,.T.);
#4804=EDGE_CURVE('',#4269,#4286,#2023,.T.);
#4805=EDGE_CURVE('',#4267,#4259,#2024,.T.);
#4806=EDGE_CURVE('',#4287,#4277,#2025,.T.);
#4807=EDGE_CURVE('',#4277,#4288,#4233,.T.);
#4808=EDGE_CURVE('',#4288,#4289,#2026,.T.);
#4809=EDGE_CURVE('',#4288,#4285,#2027,.T.);
#4810=EDGE_CURVE('',#4281,#4288,#2028,.T.);
#4811=EDGE_CURVE('',#4279,#4285,#2029,.T.);
#4812=EDGE_CURVE('',#4290,#4291,#2030,.T.);
#4813=EDGE_CURVE('',#4290,#4292,#2031,.T.);
#4814=EDGE_CURVE('',#4293,#4292,#2032,.T.);
#4815=EDGE_CURVE('',#4294,#4293,#2033,.T.);
#4816=EDGE_CURVE('',#4291,#4294,#2034,.T.);
#4817=EDGE_CURVE('',#4260,#4295,#2035,.T.);
#4818=EDGE_CURVE('',#4296,#4295,#2036,.T.);
#4819=EDGE_CURVE('',#4261,#4296,#2037,.T.);
#4820=EDGE_CURVE('',#4297,#4265,#2038,.T.);
#4821=EDGE_CURVE('',#4298,#4297,#2039,.T.);
#4822=EDGE_CURVE('',#4266,#4298,#2040,.T.);
#4823=EDGE_CURVE('',#4299,#4297,#2041,.T.);
#4824=EDGE_CURVE('',#4299,#4298,#2042,.T.);
#4825=EDGE_CURVE('',#4296,#4300,#2043,.T.);
#4826=EDGE_CURVE('',#4300,#4295,#2044,.T.);
#4827=EDGE_CURVE('',#4264,#4301,#2045,.T.);
#4828=EDGE_CURVE('',#4301,#4302,#2046,.T.);
#4829=EDGE_CURVE('',#4302,#4303,#2047,.T.);
#4830=EDGE_CURVE('',#4303,#4304,#2048,.T.);
#4831=EDGE_CURVE('',#4304,#4305,#2049,.T.);
#4832=EDGE_CURVE('',#4305,#4306,#2050,.T.);
#4833=EDGE_CURVE('',#4306,#4307,#2051,.T.);
#4834=EDGE_CURVE('',#4307,#4308,#2052,.T.);
#4835=EDGE_CURVE('',#4308,#4309,#2053,.T.);
#4836=EDGE_CURVE('',#4309,#4310,#2054,.T.);
#4837=EDGE_CURVE('',#4310,#4311,#2055,.T.);
#4838=EDGE_CURVE('',#4311,#4312,#2056,.T.);
#4839=EDGE_CURVE('',#4312,#4313,#2057,.T.);
#4840=EDGE_CURVE('',#4313,#4314,#2058,.T.);
#4841=EDGE_CURVE('',#4314,#4315,#2059,.T.);
#4842=EDGE_CURVE('',#4315,#4316,#2060,.T.);
#4843=EDGE_CURVE('',#4316,#4317,#2061,.T.);
#4844=EDGE_CURVE('',#4317,#4318,#2062,.T.);
#4845=EDGE_CURVE('',#4318,#4319,#2063,.T.);
#4846=EDGE_CURVE('',#4319,#4320,#2064,.T.);
#4847=EDGE_CURVE('',#4320,#4321,#2065,.T.);
#4848=EDGE_CURVE('',#4321,#4322,#2066,.T.);
#4849=EDGE_CURVE('',#4322,#4323,#2067,.T.);
#4850=EDGE_CURVE('',#4323,#4324,#2068,.T.);
#4851=EDGE_CURVE('',#4324,#4325,#2069,.T.);
#4852=EDGE_CURVE('',#4325,#4326,#2070,.T.);
#4853=EDGE_CURVE('',#4326,#4327,#2071,.T.);
#4854=EDGE_CURVE('',#4328,#4327,#2072,.T.);
#4855=EDGE_CURVE('',#4329,#4328,#2073,.T.);
#4856=EDGE_CURVE('',#4330,#4329,#2074,.T.);
#4857=EDGE_CURVE('',#4331,#4330,#2075,.T.);
#4858=EDGE_CURVE('',#4332,#4331,#2076,.T.);
#4859=EDGE_CURVE('',#4333,#4332,#2077,.T.);
#4860=EDGE_CURVE('',#4334,#4333,#2078,.T.);
#4861=EDGE_CURVE('',#4334,#4335,#2079,.T.);
#4862=EDGE_CURVE('',#4336,#4335,#2080,.T.);
#4863=EDGE_CURVE('',#4337,#4336,#2081,.T.);
#4864=EDGE_CURVE('',#4338,#4337,#2082,.T.);
#4865=EDGE_CURVE('',#4338,#4339,#2083,.T.);
#4866=EDGE_CURVE('',#4340,#4339,#2084,.T.);
#4867=EDGE_CURVE('',#4341,#4340,#2085,.T.);
#4868=EDGE_CURVE('',#4342,#4341,#2086,.T.);
#4869=EDGE_CURVE('',#4343,#4342,#2087,.T.);
#4870=EDGE_CURVE('',#4344,#4343,#2088,.T.);
#4871=EDGE_CURVE('',#4344,#4345,#2089,.T.);
#4872=EDGE_CURVE('',#4346,#4345,#2090,.T.);
#4873=EDGE_CURVE('',#4347,#4346,#2091,.T.);
#4874=EDGE_CURVE('',#4348,#4347,#2092,.T.);
#4875=EDGE_CURVE('',#4349,#4348,#2093,.T.);
#4876=EDGE_CURVE('',#4350,#4349,#2094,.T.);
#4877=EDGE_CURVE('',#4351,#4350,#2095,.T.);
#4878=EDGE_CURVE('',#4352,#4351,#2096,.T.);
#4879=EDGE_CURVE('',#4353,#4352,#2097,.T.);
#4880=EDGE_CURVE('',#4354,#4353,#2098,.T.);
#4881=EDGE_CURVE('',#4355,#4354,#2099,.T.);
#4882=EDGE_CURVE('',#4356,#4355,#2100,.T.);
#4883=EDGE_CURVE('',#4356,#4357,#2101,.T.);
#4884=EDGE_CURVE('',#4358,#4357,#2102,.T.);
#4885=EDGE_CURVE('',#4358,#4359,#2103,.T.);
#4886=EDGE_CURVE('',#4360,#4359,#2104,.T.);
#4887=EDGE_CURVE('',#4360,#4361,#2105,.T.);
#4888=EDGE_CURVE('',#4362,#4361,#2106,.T.);
#4889=EDGE_CURVE('',#4362,#4363,#2107,.T.);
#4890=EDGE_CURVE('',#4363,#4364,#2108,.T.);
#4891=EDGE_CURVE('',#4365,#4364,#2109,.T.);
#4892=EDGE_CURVE('',#4365,#4366,#2110,.T.);
#4893=EDGE_CURVE('',#4367,#4366,#2111,.T.);
#4894=EDGE_CURVE('',#4368,#4367,#2112,.T.);
#4895=EDGE_CURVE('',#4368,#4369,#2113,.T.);
#4896=EDGE_CURVE('',#4369,#4370,#2114,.T.);
#4897=EDGE_CURVE('',#4371,#4370,#2115,.T.);
#4898=EDGE_CURVE('',#4371,#4372,#2116,.T.);
#4899=EDGE_CURVE('',#4372,#4373,#2117,.T.);
#4900=EDGE_CURVE('',#4374,#4373,#2118,.T.);
#4901=EDGE_CURVE('',#4375,#4374,#2119,.T.);
#4902=EDGE_CURVE('',#4376,#4375,#2120,.T.);
#4903=EDGE_CURVE('',#4377,#4376,#2121,.T.);
#4904=EDGE_CURVE('',#4378,#4377,#2122,.T.);
#4905=EDGE_CURVE('',#4379,#4378,#2123,.T.);
#4906=EDGE_CURVE('',#4380,#4379,#2124,.T.);
#4907=EDGE_CURVE('',#4380,#4381,#2125,.T.);
#4908=EDGE_CURVE('',#4382,#4381,#2126,.T.);
#4909=EDGE_CURVE('',#4383,#4382,#2127,.T.);
#4910=EDGE_CURVE('',#4384,#4383,#2128,.T.);
#4911=EDGE_CURVE('',#4385,#4384,#2129,.T.);
#4912=EDGE_CURVE('',#4386,#4385,#2130,.T.);
#4913=EDGE_CURVE('',#4387,#4386,#2131,.T.);
#4914=EDGE_CURVE('',#4387,#4388,#2132,.T.);
#4915=EDGE_CURVE('',#4388,#4389,#2133,.T.);
#4916=EDGE_CURVE('',#4389,#4390,#2134,.T.);
#4917=EDGE_CURVE('',#4391,#4390,#2135,.T.);
#4918=EDGE_CURVE('',#4392,#4391,#2136,.T.);
#4919=EDGE_CURVE('',#4393,#4392,#2137,.T.);
#4920=EDGE_CURVE('',#4394,#4393,#2138,.T.);
#4921=EDGE_CURVE('',#4394,#4294,#2139,.T.);
#4922=EDGE_CURVE('',#4293,#4395,#2140,.T.);
#4923=EDGE_CURVE('',#4395,#4396,#2141,.T.);
#4924=EDGE_CURVE('',#4396,#4397,#2142,.T.);
#4925=EDGE_CURVE('',#4398,#4397,#2143,.T.);
#4926=EDGE_CURVE('',#4399,#4398,#2144,.T.);
#4927=EDGE_CURVE('',#4399,#4400,#2145,.T.);
#4928=EDGE_CURVE('',#4400,#4401,#2146,.T.);
#4929=EDGE_CURVE('',#4401,#4402,#2147,.T.);
#4930=EDGE_CURVE('',#4402,#4403,#2148,.T.);
#4931=EDGE_CURVE('',#4403,#4404,#2149,.T.);
#4932=EDGE_CURVE('',#4404,#4299,#2150,.T.);
#4933=EDGE_CURVE('',#4405,#4406,#2151,.T.);
#4934=EDGE_CURVE('',#4405,#4407,#2152,.T.);
#4935=EDGE_CURVE('',#4408,#4407,#2153,.T.);
#4936=EDGE_CURVE('',#4408,#4409,#2154,.T.);
#4937=EDGE_CURVE('',#4410,#4409,#2155,.T.);
#4938=EDGE_CURVE('',#4411,#4410,#2156,.T.);
#4939=EDGE_CURVE('',#4411,#4412,#2157,.T.);
#4940=EDGE_CURVE('',#4413,#4412,#2158,.T.);
#4941=EDGE_CURVE('',#4414,#4413,#2159,.T.);
#4942=EDGE_CURVE('',#4414,#4415,#2160,.T.);
#4943=EDGE_CURVE('',#4415,#4416,#2161,.T.);
#4944=EDGE_CURVE('',#4417,#4416,#2162,.T.);
#4945=EDGE_CURVE('',#4417,#4418,#2163,.T.);
#4946=EDGE_CURVE('',#4418,#4419,#2164,.T.);
#4947=EDGE_CURVE('',#4420,#4419,#2165,.T.);
#4948=EDGE_CURVE('',#4420,#4421,#2166,.T.);
#4949=EDGE_CURVE('',#4421,#4422,#2167,.T.);
#4950=EDGE_CURVE('',#4422,#4423,#2168,.T.);
#4951=EDGE_CURVE('',#4423,#4424,#2169,.T.);
#4952=EDGE_CURVE('',#4425,#4424,#2170,.T.);
#4953=EDGE_CURVE('',#4426,#4425,#2171,.T.);
#4954=EDGE_CURVE('',#4426,#4427,#2172,.T.);
#4955=EDGE_CURVE('',#4406,#4427,#2173,.T.);
#4956=EDGE_CURVE('',#4300,#4428,#2174,.T.);
#4957=EDGE_CURVE('',#4429,#4428,#2175,.T.);
#4958=EDGE_CURVE('',#4430,#4429,#2176,.T.);
#4959=EDGE_CURVE('',#4431,#4430,#2177,.T.);
#4960=EDGE_CURVE('',#4432,#4431,#2178,.T.);
#4961=EDGE_CURVE('',#4432,#4433,#2179,.T.);
#4962=EDGE_CURVE('',#4433,#4434,#2180,.T.);
#4963=EDGE_CURVE('',#4435,#4434,#2181,.T.);
#4964=EDGE_CURVE('',#4436,#4435,#2182,.T.);
#4965=EDGE_CURVE('',#4437,#4436,#2183,.T.);
#4966=EDGE_CURVE('',#4438,#4437,#2184,.T.);
#4967=EDGE_CURVE('',#4439,#4438,#2185,.T.);
#4968=EDGE_CURVE('',#4440,#4439,#2186,.T.);
#4969=EDGE_CURVE('',#4440,#4441,#2187,.T.);
#4970=EDGE_CURVE('',#4441,#4442,#2188,.T.);
#4971=EDGE_CURVE('',#4443,#4442,#2189,.T.);
#4972=EDGE_CURVE('',#4444,#4443,#2190,.T.);
#4973=EDGE_CURVE('',#4445,#4444,#2191,.T.);
#4974=EDGE_CURVE('',#4445,#4446,#2192,.T.);
#4975=EDGE_CURVE('',#4446,#4447,#2193,.T.);
#4976=EDGE_CURVE('',#4447,#4448,#2194,.T.);
#4977=EDGE_CURVE('',#4448,#4449,#2195,.T.);
#4978=EDGE_CURVE('',#4449,#4450,#2196,.T.);
#4979=EDGE_CURVE('',#4450,#4451,#2197,.T.);
#4980=EDGE_CURVE('',#4451,#4452,#2198,.T.);
#4981=EDGE_CURVE('',#4452,#4453,#2199,.T.);
#4982=EDGE_CURVE('',#4454,#4453,#2200,.T.);
#4983=EDGE_CURVE('',#4455,#4454,#2201,.T.);
#4984=EDGE_CURVE('',#4456,#4455,#2202,.T.);
#4985=EDGE_CURVE('',#4456,#4457,#2203,.T.);
#4986=EDGE_CURVE('',#4458,#4457,#2204,.T.);
#4987=EDGE_CURVE('',#4459,#4458,#2205,.T.);
#4988=EDGE_CURVE('',#4459,#4460,#2206,.T.);
#4989=EDGE_CURVE('',#4461,#4460,#2207,.T.);
#4990=EDGE_CURVE('',#4461,#4462,#2208,.T.);
#4991=EDGE_CURVE('',#4462,#4463,#2209,.T.);
#4992=EDGE_CURVE('',#4463,#4464,#2210,.T.);
#4993=EDGE_CURVE('',#4465,#4464,#2211,.T.);
#4994=EDGE_CURVE('',#4465,#4466,#2212,.T.);
#4995=EDGE_CURVE('',#4466,#4467,#2213,.T.);
#4996=EDGE_CURVE('',#4467,#4468,#2214,.T.);
#4997=EDGE_CURVE('',#4469,#4468,#2215,.T.);
#4998=EDGE_CURVE('',#4470,#4469,#2216,.T.);
#4999=EDGE_CURVE('',#4470,#4471,#2217,.T.);
#5000=EDGE_CURVE('',#4471,#4472,#2218,.T.);
#5001=EDGE_CURVE('',#4472,#4473,#2219,.T.);
#5002=EDGE_CURVE('',#4474,#4473,#2220,.T.);
#5003=EDGE_CURVE('',#4474,#4475,#2221,.T.);
#5004=EDGE_CURVE('',#4476,#4475,#2222,.T.);
#5005=EDGE_CURVE('',#4477,#4476,#2223,.T.);
#5006=EDGE_CURVE('',#4477,#4478,#2224,.T.);
#5007=EDGE_CURVE('',#4478,#4479,#2225,.T.);
#5008=EDGE_CURVE('',#4479,#4480,#2226,.T.);
#5009=EDGE_CURVE('',#4480,#4481,#2227,.T.);
#5010=EDGE_CURVE('',#4481,#4482,#2228,.T.);
#5011=EDGE_CURVE('',#4482,#4483,#2229,.T.);
#5012=EDGE_CURVE('',#4483,#4484,#2230,.T.);
#5013=EDGE_CURVE('',#4484,#4485,#2231,.T.);
#5014=EDGE_CURVE('',#4485,#4486,#2232,.T.);
#5015=EDGE_CURVE('',#4486,#4487,#2233,.T.);
#5016=EDGE_CURVE('',#4487,#4488,#2234,.T.);
#5017=EDGE_CURVE('',#4488,#4489,#2235,.T.);
#5018=EDGE_CURVE('',#4490,#4489,#2236,.T.);
#5019=EDGE_CURVE('',#4490,#4491,#2237,.T.);
#5020=EDGE_CURVE('',#4491,#4492,#2238,.T.);
#5021=EDGE_CURVE('',#4493,#4492,#2239,.T.);
#5022=EDGE_CURVE('',#4494,#4493,#2240,.T.);
#5023=EDGE_CURVE('',#4495,#4494,#2241,.T.);
#5024=EDGE_CURVE('',#4495,#4496,#2242,.T.);
#5025=EDGE_CURVE('',#4497,#4496,#2243,.T.);
#5026=EDGE_CURVE('',#4497,#4498,#2244,.T.);
#5027=EDGE_CURVE('',#4498,#4499,#2245,.T.);
#5028=EDGE_CURVE('',#4500,#4499,#2246,.T.);
#5029=EDGE_CURVE('',#4501,#4500,#2247,.T.);
#5030=EDGE_CURVE('',#4502,#4501,#2248,.T.);
#5031=EDGE_CURVE('',#4503,#4502,#2249,.T.);
#5032=EDGE_CURVE('',#4504,#4503,#2250,.T.);
#5033=EDGE_CURVE('',#4505,#4504,#2251,.T.);
#5034=EDGE_CURVE('',#4506,#4505,#2252,.T.);
#5035=EDGE_CURVE('',#4507,#4506,#2253,.T.);
#5036=EDGE_CURVE('',#4508,#4507,#2254,.T.);
#5037=EDGE_CURVE('',#4509,#4508,#2255,.T.);
#5038=EDGE_CURVE('',#4510,#4509,#2256,.T.);
#5039=EDGE_CURVE('',#4511,#4510,#2257,.T.);
#5040=EDGE_CURVE('',#4512,#4511,#2258,.T.);
#5041=EDGE_CURVE('',#4513,#4512,#2259,.T.);
#5042=EDGE_CURVE('',#4513,#4262,#2260,.T.);
#5043=EDGE_CURVE('',#4514,#4515,#2261,.T.);
#5044=EDGE_CURVE('',#4515,#4516,#2262,.T.);
#5045=EDGE_CURVE('',#4516,#4517,#2263,.T.);
#5046=EDGE_CURVE('',#4517,#4518,#2264,.T.);
#5047=EDGE_CURVE('',#4518,#4519,#2265,.T.);
#5048=EDGE_CURVE('',#4519,#4520,#2266,.T.);
#5049=EDGE_CURVE('',#4520,#4521,#2267,.T.);
#5050=EDGE_CURVE('',#4521,#4522,#2268,.T.);
#5051=EDGE_CURVE('',#4522,#4523,#2269,.T.);
#5052=EDGE_CURVE('',#4524,#4523,#2270,.T.);
#5053=EDGE_CURVE('',#4524,#4525,#2271,.T.);
#5054=EDGE_CURVE('',#4525,#4526,#2272,.T.);
#5055=EDGE_CURVE('',#4527,#4526,#2273,.T.);
#5056=EDGE_CURVE('',#4528,#4527,#2274,.T.);
#5057=EDGE_CURVE('',#4528,#4529,#2275,.T.);
#5058=EDGE_CURVE('',#4530,#4529,#2276,.T.);
#5059=EDGE_CURVE('',#4531,#4530,#2277,.T.);
#5060=EDGE_CURVE('',#4531,#4532,#2278,.T.);
#5061=EDGE_CURVE('',#4533,#4532,#2279,.T.);
#5062=EDGE_CURVE('',#4534,#4533,#2280,.T.);
#5063=EDGE_CURVE('',#4534,#4535,#2281,.T.);
#5064=EDGE_CURVE('',#4514,#4535,#2282,.T.);
#5065=EDGE_CURVE('',#4536,#4537,#2283,.T.);
#5066=EDGE_CURVE('',#4537,#4538,#2284,.T.);
#5067=EDGE_CURVE('',#4538,#4539,#2285,.T.);
#5068=EDGE_CURVE('',#4539,#4540,#2286,.T.);
#5069=EDGE_CURVE('',#4541,#4540,#2287,.T.);
#5070=EDGE_CURVE('',#4541,#4542,#2288,.T.);
#5071=EDGE_CURVE('',#4542,#4543,#2289,.T.);
#5072=EDGE_CURVE('',#4543,#4544,#2290,.T.);
#5073=EDGE_CURVE('',#4544,#4545,#2291,.T.);
#5074=EDGE_CURVE('',#4545,#4546,#2292,.T.);
#5075=EDGE_CURVE('',#4546,#4547,#2293,.T.);
#5076=EDGE_CURVE('',#4548,#4547,#2294,.T.);
#5077=EDGE_CURVE('',#4549,#4548,#2295,.T.);
#5078=EDGE_CURVE('',#4549,#4550,#2296,.T.);
#5079=EDGE_CURVE('',#4551,#4550,#2297,.T.);
#5080=EDGE_CURVE('',#4552,#4551,#2298,.T.);
#5081=EDGE_CURVE('',#4553,#4552,#2299,.T.);
#5082=EDGE_CURVE('',#4554,#4553,#2300,.T.);
#5083=EDGE_CURVE('',#4554,#4555,#2301,.T.);
#5084=EDGE_CURVE('',#4555,#4556,#2302,.T.);
#5085=EDGE_CURVE('',#4557,#4556,#2303,.T.);
#5086=EDGE_CURVE('',#4557,#4558,#2304,.T.);
#5087=EDGE_CURVE('',#4558,#4536,#2305,.T.);
#5088=EDGE_CURVE('',#4257,#4301,#2306,.T.);
#5089=EDGE_CURVE('',#4513,#4256,#2307,.T.);
#5090=EDGE_CURVE('',#4512,#4256,#2308,.T.);
#5091=EDGE_CURVE('',#4257,#4302,#2309,.T.);
#5092=EDGE_CURVE('',#4298,#4295,#2310,.T.);
#5093=EDGE_CURVE('',#4556,#4388,#2311,.T.);
#5094=EDGE_CURVE('',#4556,#4387,#2312,.T.);
#5095=EDGE_CURVE('',#4555,#4388,#2313,.T.);
#5096=EDGE_CURVE('',#4559,#4560,#2314,.T.);
#5097=EDGE_CURVE('',#4559,#4561,#2315,.T.);
#5098=EDGE_CURVE('',#4560,#4561,#2316,.T.);
#5099=EDGE_CURVE('',#4559,#4562,#2317,.T.);
#5100=EDGE_CURVE('',#4562,#4561,#2318,.T.);
#5101=EDGE_CURVE('',#4551,#4369,#2319,.T.);
#5102=EDGE_CURVE('',#4550,#4369,#2320,.T.);
#5103=EDGE_CURVE('',#4550,#4370,#2321,.T.);
#5104=EDGE_CURVE('',#4550,#4371,#2322,.T.);
#5105=EDGE_CURVE('',#4550,#4372,#2323,.T.);
#5106=EDGE_CURVE('',#4549,#4372,#2324,.T.);
#5107=EDGE_CURVE('',#4548,#4372,#2325,.T.);
#5108=EDGE_CURVE('',#4547,#4373,#2326,.T.);
#5109=EDGE_CURVE('',#4547,#4374,#2327,.T.);
#5110=EDGE_CURVE('',#4546,#4375,#2328,.T.);
#5111=EDGE_CURVE('',#4547,#4375,#2329,.T.);
#5112=EDGE_CURVE('',#4546,#4376,#2330,.T.);
#5113=EDGE_CURVE('',#4545,#4376,#2331,.T.);
#5114=EDGE_CURVE('',#4545,#4377,#2332,.T.);
#5115=EDGE_CURVE('',#4544,#4377,#2333,.T.);
#5116=EDGE_CURVE('',#4544,#4378,#2334,.T.);
#5117=EDGE_CURVE('',#4551,#4368,#2335,.T.);
#5118=EDGE_CURVE('',#4552,#4368,#2336,.T.);
#5119=EDGE_CURVE('',#4558,#4386,#2337,.T.);
#5120=EDGE_CURVE('',#4558,#4387,#2338,.T.);
#5121=EDGE_CURVE('',#4557,#4387,#2339,.T.);
#5122=EDGE_CURVE('',#4563,#4564,#2340,.T.);
#5123=EDGE_CURVE('',#4565,#4563,#2341,.T.);
#5124=EDGE_CURVE('',#4565,#4564,#2342,.T.);
#5125=EDGE_CURVE('',#4566,#4567,#2343,.T.);
#5126=EDGE_CURVE('',#4566,#4563,#2344,.T.);
#5127=EDGE_CURVE('',#4563,#4567,#2345,.T.);
#5128=EDGE_CURVE('',#4568,#4567,#2346,.T.);
#5129=EDGE_CURVE('',#4566,#4568,#2347,.T.);
#5130=EDGE_CURVE('',#4569,#4566,#2348,.T.);
#5131=EDGE_CURVE('',#4569,#4568,#2349,.T.);
#5132=EDGE_CURVE('',#4569,#4570,#2350,.T.);
#5133=EDGE_CURVE('',#4571,#4570,#2351,.T.);
#5134=EDGE_CURVE('',#4571,#4569,#2352,.T.);
#5135=EDGE_CURVE('',#4571,#4572,#2353,.T.);
#5136=EDGE_CURVE('',#4573,#4572,#2354,.T.);
#5137=EDGE_CURVE('',#4573,#4571,#2355,.T.);
#5138=EDGE_CURVE('',#4573,#4574,#2356,.T.);
#5139=EDGE_CURVE('',#4574,#4572,#2357,.T.);
#5140=EDGE_CURVE('',#4575,#4574,#2358,.T.);
#5141=EDGE_CURVE('',#4573,#4575,#2359,.T.);
#5142=EDGE_CURVE('',#4575,#4576,#2360,.T.);
#5143=EDGE_CURVE('',#4576,#4574,#2361,.T.);
#5144=EDGE_CURVE('',#4544,#4379,#2362,.T.);
#5145=EDGE_CURVE('',#4543,#4379,#2363,.T.);
#5146=EDGE_CURVE('',#4542,#4380,#2364,.T.);
#5147=EDGE_CURVE('',#4543,#4380,#2365,.T.);
#5148=EDGE_CURVE('',#4541,#4380,#2366,.T.);
#5149=EDGE_CURVE('',#4538,#4383,#2367,.T.);
#5150=EDGE_CURVE('',#4539,#4383,#2368,.T.);
#5151=EDGE_CURVE('',#4536,#4385,#2369,.T.);
#5152=EDGE_CURVE('',#4536,#4384,#2370,.T.);
#5153=EDGE_CURVE('',#4536,#4386,#2371,.T.);
#5154=EDGE_CURVE('',#4577,#4578,#2372,.T.);
#5155=EDGE_CURVE('',#4579,#4578,#2373,.T.);
#5156=EDGE_CURVE('',#4577,#4579,#2374,.T.);
#5157=EDGE_CURVE('',#4292,#4580,#2375,.T.);
#5158=EDGE_CURVE('',#4581,#4292,#2376,.T.);
#5159=EDGE_CURVE('',#4581,#4580,#2377,.T.);
#5160=EDGE_CURVE('',#4582,#4581,#2378,.T.);
#5161=EDGE_CURVE('',#4581,#4290,#2379,.T.);
#5162=EDGE_CURVE('',#4582,#4290,#2380,.T.);
#5163=EDGE_CURVE('',#4582,#4583,#2381,.T.);
#5164=EDGE_CURVE('',#4583,#4291,#2382,.T.);
#5165=EDGE_CURVE('',#4584,#4583,#2383,.T.);
#5166=EDGE_CURVE('',#4582,#4584,#2384,.T.);
#5167=EDGE_CURVE('',#4583,#4564,#2385,.T.);
#5168=EDGE_CURVE('',#4565,#4583,#2386,.T.);
#5169=EDGE_CURVE('',#4562,#4585,#2387,.T.);
#5170=EDGE_CURVE('',#4561,#4585,#2388,.T.);
#5171=EDGE_CURVE('',#4586,#4576,#2389,.T.);
#5172=EDGE_CURVE('',#4575,#4586,#2390,.T.);
#5173=EDGE_CURVE('',#4576,#4587,#2391,.T.);
#5174=EDGE_CURVE('',#4586,#4587,#2392,.T.);
#5175=EDGE_CURVE('',#4588,#4587,#2393,.T.);
#5176=EDGE_CURVE('',#4588,#4586,#2394,.T.);
#5177=EDGE_CURVE('',#4588,#4589,#2395,.T.);
#5178=EDGE_CURVE('',#4587,#4589,#2396,.T.);
#5179=EDGE_CURVE('',#4590,#4589,#2397,.T.);
#5180=EDGE_CURVE('',#4590,#4588,#2398,.T.);
#5181=EDGE_CURVE('',#4591,#4589,#2399,.T.);
#5182=EDGE_CURVE('',#4591,#4590,#2400,.T.);
#5183=EDGE_CURVE('',#4591,#4592,#2401,.T.);
#5184=EDGE_CURVE('',#4592,#4589,#2402,.T.);
#5185=EDGE_CURVE('',#4593,#4591,#2403,.T.);
#5186=EDGE_CURVE('',#4593,#4592,#2404,.T.);
#5187=EDGE_CURVE('',#4594,#4593,#2405,.T.);
#5188=EDGE_CURVE('',#4594,#4592,#2406,.T.);
#5189=EDGE_CURVE('',#4555,#4389,#2407,.T.);
#5190=EDGE_CURVE('',#4554,#4595,#2408,.T.);
#5191=EDGE_CURVE('',#4553,#4595,#2409,.T.);
#5192=EDGE_CURVE('',#4553,#4368,#2410,.T.);
#5193=EDGE_CURVE('',#4555,#4595,#2411,.T.);
#5194=EDGE_CURVE('',#4389,#4595,#2412,.T.);
#5195=EDGE_CURVE('',#4368,#4595,#2413,.T.);
#5196=EDGE_CURVE('',#4570,#4568,#2414,.T.);
#5197=EDGE_CURVE('',#4541,#4381,#2415,.T.);
#5198=EDGE_CURVE('',#4540,#4381,#2416,.T.);
#5199=EDGE_CURVE('',#4539,#4381,#2417,.T.);
#5200=EDGE_CURVE('',#4383,#4596,#2418,.T.);
#5201=EDGE_CURVE('',#4382,#4596,#2419,.T.);
#5202=EDGE_CURVE('',#4539,#4596,#2420,.T.);
#5203=EDGE_CURVE('',#4539,#4382,#2421,.T.);
#5204=EDGE_CURVE('',#4538,#4384,#2422,.T.);
#5205=EDGE_CURVE('',#4537,#4384,#2423,.T.);
#5206=EDGE_CURVE('',#4597,#4578,#2424,.T.);
#5207=EDGE_CURVE('',#4597,#4579,#2425,.T.);
#5208=EDGE_CURVE('',#4577,#4580,#2426,.T.);
#5209=EDGE_CURVE('',#4598,#4580,#2427,.T.);
#5210=EDGE_CURVE('',#4598,#4577,#2428,.T.);
#5211=EDGE_CURVE('',#4581,#4598,#2429,.T.);
#5212=EDGE_CURVE('',#4584,#4565,#2430,.T.);
#5213=EDGE_CURVE('',#4548,#4373,#2431,.T.);
#5214=EDGE_CURVE('',#4469,#4599,#2432,.T.);
#5215=EDGE_CURVE('',#4600,#4599,#2433,.T.);
#5216=EDGE_CURVE('',#4469,#4600,#2434,.T.);
#5217=EDGE_CURVE('',#4468,#4599,#2435,.T.);
#5218=EDGE_CURVE('',#4467,#4601,#2436,.T.);
#5219=EDGE_CURVE('',#4468,#4601,#2437,.T.);
#5220=EDGE_CURVE('',#4467,#4602,#2438,.T.);
#5221=EDGE_CURVE('',#4602,#4601,#2439,.T.);
#5222=EDGE_CURVE('',#4600,#4603,#2440,.T.);
#5223=EDGE_CURVE('',#4603,#4599,#2441,.T.);
#5224=EDGE_CURVE('',#4601,#4599,#2442,.T.);
#5225=EDGE_CURVE('',#4603,#4601,#2443,.T.);
#5226=EDGE_CURVE('',#4466,#4604,#2444,.T.);
#5227=EDGE_CURVE('',#4602,#4604,#2445,.T.);
#5228=EDGE_CURVE('',#4466,#4602,#2446,.T.);
#5229=EDGE_CURVE('',#4465,#4605,#2447,.T.);
#5230=EDGE_CURVE('',#4605,#4604,#2448,.T.);
#5231=EDGE_CURVE('',#4465,#4604,#2449,.T.);
#5232=EDGE_CURVE('',#4464,#4605,#2450,.T.);
#5233=EDGE_CURVE('',#4464,#4606,#2451,.T.);
#5234=EDGE_CURVE('',#4606,#4605,#2452,.T.);
#5235=EDGE_CURVE('',#4607,#4295,#2453,.T.);
#5236=EDGE_CURVE('',#4300,#4607,#2454,.T.);
#5237=EDGE_CURVE('',#4463,#4606,#2455,.T.);
#5238=EDGE_CURVE('',#4463,#4608,#2456,.T.);
#5239=EDGE_CURVE('',#4608,#4606,#2457,.T.);
#5240=EDGE_CURVE('',#4570,#4572,#2458,.T.);
#5241=EDGE_CURVE('',#4580,#4579,#2459,.T.);
#5242=EDGE_CURVE('',#4609,#4610,#2460,.T.);
#5243=EDGE_CURVE('',#4435,#4610,#2461,.T.);
#5244=EDGE_CURVE('',#4435,#4609,#2462,.T.);
#5245=EDGE_CURVE('',#4435,#4578,#2463,.T.);
#5246=EDGE_CURVE('',#4436,#4578,#2464,.T.);
#5247=EDGE_CURVE('',#4610,#4578,#2465,.T.);
#5248=EDGE_CURVE('',#4437,#4578,#2466,.T.);
#5249=EDGE_CURVE('',#4437,#4577,#2467,.T.);
#5250=EDGE_CURVE('',#4611,#4612,#2468,.T.);
#5251=EDGE_CURVE('',#4609,#4612,#2469,.T.);
#5252=EDGE_CURVE('',#4611,#4609,#2470,.T.);
#5253=EDGE_CURVE('',#4612,#4610,#2471,.T.);
#5254=EDGE_CURVE('',#4612,#4578,#2472,.T.);
#5255=EDGE_CURVE('',#4597,#4612,#2473,.T.);
#5256=EDGE_CURVE('',#4594,#4562,#2474,.T.);
#5257=EDGE_CURVE('',#4594,#4585,#2475,.T.);
#5258=EDGE_CURVE('',#4367,#4574,#2476,.T.);
#5259=EDGE_CURVE('',#4367,#4576,#2477,.T.);
#5260=EDGE_CURVE('',#4365,#4587,#2478,.T.);
#5261=EDGE_CURVE('',#4366,#4587,#2479,.T.);
#5262=EDGE_CURVE('',#4365,#4589,#2480,.T.);
#5263=EDGE_CURVE('',#4364,#4589,#2481,.T.);
#5264=EDGE_CURVE('',#4364,#4592,#2482,.T.);
#5265=EDGE_CURVE('',#4363,#4592,#2483,.T.);
#5266=EDGE_CURVE('',#4594,#4363,#2484,.T.);
#5267=EDGE_CURVE('',#4594,#4362,#2485,.T.);
#5268=EDGE_CURVE('',#4362,#4585,#2486,.T.);
#5269=EDGE_CURVE('',#4561,#4362,#2487,.T.);
#5270=EDGE_CURVE('',#4561,#4361,#2488,.T.);
#5271=EDGE_CURVE('',#4567,#4564,#2489,.T.);
#5272=EDGE_CURVE('',#4360,#4561,#2490,.T.);
#5273=EDGE_CURVE('',#4613,#4561,#2491,.T.);
#5274=EDGE_CURVE('',#4360,#4613,#2492,.T.);
#5275=EDGE_CURVE('',#4394,#4583,#2493,.T.);
#5276=EDGE_CURVE('',#4394,#4564,#2494,.T.);
#5277=EDGE_CURVE('',#4393,#4564,#2495,.T.);
#5278=EDGE_CURVE('',#4392,#4564,#2496,.T.);
#5279=EDGE_CURVE('',#4392,#4567,#2497,.T.);
#5280=EDGE_CURVE('',#4391,#4567,#2498,.T.);
#5281=EDGE_CURVE('',#4391,#4568,#2499,.T.);
#5282=EDGE_CURVE('',#4390,#4568,#2500,.T.);
#5283=EDGE_CURVE('',#4390,#4570,#2501,.T.);
#5284=EDGE_CURVE('',#4614,#4570,#2502,.T.);
#5285=EDGE_CURVE('',#4614,#4572,#2503,.T.);
#5286=EDGE_CURVE('',#4614,#4574,#2504,.T.);
#5287=EDGE_CURVE('',#4390,#4614,#2505,.T.);
#5288=EDGE_CURVE('',#4367,#4614,#2506,.T.);
#5289=EDGE_CURVE('',#4366,#4576,#2507,.T.);
#5290=EDGE_CURVE('',#4395,#4597,#2508,.T.);
#5291=EDGE_CURVE('',#4396,#4597,#2509,.T.);
#5292=EDGE_CURVE('',#4615,#4616,#2510,.T.);
#5293=EDGE_CURVE('',#4489,#4615,#2511,.T.);
#5294=EDGE_CURVE('',#4489,#4616,#2512,.T.);
#5295=EDGE_CURVE('',#4488,#4616,#2513,.T.);
#5296=EDGE_CURVE('',#4617,#4615,#2514,.T.);
#5297=EDGE_CURVE('',#4489,#4617,#2515,.T.);
#5298=EDGE_CURVE('',#4490,#4617,#2516,.T.);
#5299=EDGE_CURVE('',#4618,#4617,#2517,.T.);
#5300=EDGE_CURVE('',#4490,#4618,#2518,.T.);
#5301=EDGE_CURVE('',#4491,#4618,#2519,.T.);
#5302=EDGE_CURVE('',#4492,#4618,#2520,.T.);
#5303=EDGE_CURVE('',#4492,#4619,#2521,.T.);
#5304=EDGE_CURVE('',#4618,#4619,#2522,.T.);
#5305=EDGE_CURVE('',#4488,#4620,#2523,.T.);
#5306=EDGE_CURVE('',#4487,#4620,#2524,.T.);
#5307=EDGE_CURVE('',#4621,#4616,#2525,.T.);
#5308=EDGE_CURVE('',#4488,#4621,#2526,.T.);
#5309=EDGE_CURVE('',#4620,#4621,#2527,.T.);
#5310=EDGE_CURVE('',#4622,#4621,#2528,.T.);
#5311=EDGE_CURVE('',#4622,#4616,#2529,.T.);
#5312=EDGE_CURVE('',#4623,#4621,#2530,.T.);
#5313=EDGE_CURVE('',#4622,#4623,#2531,.T.);
#5314=EDGE_CURVE('',#4622,#4615,#2532,.T.);
#5315=EDGE_CURVE('',#4624,#4622,#2533,.T.);
#5316=EDGE_CURVE('',#4624,#4615,#2534,.T.);
#5317=EDGE_CURVE('',#4624,#4617,#2535,.T.);
#5318=EDGE_CURVE('',#4625,#4617,#2536,.T.);
#5319=EDGE_CURVE('',#4625,#4618,#2537,.T.);
#5320=EDGE_CURVE('',#4626,#4618,#2538,.T.);
#5321=EDGE_CURVE('',#4626,#4619,#2539,.T.);
#5322=EDGE_CURVE('',#4626,#4627,#2540,.T.);
#5323=EDGE_CURVE('',#4627,#4619,#2541,.T.);
#5324=EDGE_CURVE('',#4492,#4627,#2542,.T.);
#5325=EDGE_CURVE('',#4493,#4627,#2543,.T.);
#5326=EDGE_CURVE('',#4494,#4627,#2544,.T.);
#5327=EDGE_CURVE('',#4627,#4628,#2545,.T.);
#5328=EDGE_CURVE('',#4494,#4628,#2546,.T.);
#5329=EDGE_CURVE('',#4495,#4628,#2547,.T.);
#5330=EDGE_CURVE('',#4629,#4628,#2548,.T.);
#5331=EDGE_CURVE('',#4495,#4629,#2549,.T.);
#5332=EDGE_CURVE('',#4496,#4630,#2550,.T.);
#5333=EDGE_CURVE('',#4495,#4630,#2551,.T.);
#5334=EDGE_CURVE('',#4631,#4630,#2552,.T.);
#5335=EDGE_CURVE('',#4496,#4631,#2553,.T.);
#5336=EDGE_CURVE('',#4632,#4627,#2554,.T.);
#5337=EDGE_CURVE('',#4632,#4628,#2555,.T.);
#5338=EDGE_CURVE('',#4633,#4632,#2556,.T.);
#5339=EDGE_CURVE('',#4633,#4628,#2557,.T.);
#5340=EDGE_CURVE('',#4633,#4629,#2558,.T.);
#5341=EDGE_CURVE('',#4633,#4630,#2559,.T.);
#5342=EDGE_CURVE('',#4634,#4633,#2560,.T.);
#5343=EDGE_CURVE('',#4634,#4630,#2561,.T.);
#5344=EDGE_CURVE('',#4630,#4629,#2562,.T.);
#5345=EDGE_CURVE('',#4497,#4631,#2563,.T.);
#5346=EDGE_CURVE('',#4635,#4631,#2564,.T.);
#5347=EDGE_CURVE('',#4497,#4635,#2565,.T.);
#5348=EDGE_CURVE('',#4636,#4635,#2566,.T.);
#5349=EDGE_CURVE('',#4497,#4636,#2567,.T.);
#5350=EDGE_CURVE('',#4498,#4636,#2568,.T.);
#5351=EDGE_CURVE('',#4637,#4631,#2569,.T.);
#5352=EDGE_CURVE('',#4637,#4635,#2570,.T.);
#5353=EDGE_CURVE('',#4632,#4638,#2571,.T.);
#5354=EDGE_CURVE('',#4638,#4627,#2572,.T.);
#5355=EDGE_CURVE('',#4634,#4631,#2573,.T.);
#5356=EDGE_CURVE('',#4637,#4634,#2574,.T.);
#5357=EDGE_CURVE('',#4639,#4635,#2575,.T.);
#5358=EDGE_CURVE('',#4639,#4637,#2576,.T.);
#5359=EDGE_CURVE('',#4639,#4636,#2577,.T.);
#5360=EDGE_CURVE('',#4640,#4636,#2578,.T.);
#5361=EDGE_CURVE('',#4640,#4641,#2579,.T.);
#5362=EDGE_CURVE('',#4636,#4641,#2580,.T.);
#5363=EDGE_CURVE('',#4620,#4623,#2581,.T.);
#5364=EDGE_CURVE('',#4525,#4420,#2582,.T.);
#5365=EDGE_CURVE('',#4526,#4420,#2583,.T.);
#5366=EDGE_CURVE('',#4524,#4420,#2584,.T.);
#5367=EDGE_CURVE('',#4522,#4425,#2585,.T.);
#5368=EDGE_CURVE('',#4522,#4424,#2586,.T.);
#5369=EDGE_CURVE('',#4531,#4415,#2587,.T.);
#5370=EDGE_CURVE('',#4531,#4416,#2588,.T.);
#5371=EDGE_CURVE('',#4530,#4416,#2589,.T.);
#5372=EDGE_CURVE('',#4529,#4418,#2590,.T.);
#5373=EDGE_CURVE('',#4642,#4418,#2591,.T.);
#5374=EDGE_CURVE('',#4529,#4642,#2592,.T.);
#5375=EDGE_CURVE('',#4528,#4418,#2593,.T.);
#5376=EDGE_CURVE('',#4395,#4579,#2594,.T.);
#5377=EDGE_CURVE('',#4395,#4580,#2595,.T.);
#5378=EDGE_CURVE('',#4293,#4580,#2596,.T.);
#5379=EDGE_CURVE('',#4398,#4611,#2597,.T.);
#5380=EDGE_CURVE('',#4611,#4397,#2598,.T.);
#5381=EDGE_CURVE('',#4397,#4597,#2599,.T.);
#5382=EDGE_CURVE('',#4397,#4612,#2600,.T.);
#5383=EDGE_CURVE('',#4534,#4412,#2601,.T.);
#5384=EDGE_CURVE('',#4534,#4411,#2602,.T.);
#5385=EDGE_CURVE('',#4534,#4413,#2603,.T.);
#5386=EDGE_CURVE('',#4535,#4411,#2604,.T.);
#5387=EDGE_CURVE('',#4533,#4413,#2605,.T.);
#5388=EDGE_CURVE('',#4532,#4415,#2606,.T.);
#5389=EDGE_CURVE('',#4522,#4423,#2607,.T.);
#5390=EDGE_CURVE('',#4523,#4423,#2608,.T.);
#5391=EDGE_CURVE('',#4529,#4417,#2609,.T.);
#5392=EDGE_CURVE('',#4530,#4417,#2610,.T.);
#5393=EDGE_CURVE('',#4417,#4642,#2611,.T.);
#5394=EDGE_CURVE('',#4498,#4641,#2612,.T.);
#5395=EDGE_CURVE('',#4499,#4641,#2613,.T.);
#5396=EDGE_CURVE('',#4500,#4641,#2614,.T.);
#5397=EDGE_CURVE('',#4643,#4641,#2615,.T.);
#5398=EDGE_CURVE('',#4500,#4643,#2616,.T.);
#5399=EDGE_CURVE('',#4501,#4644,#2617,.T.);
#5400=EDGE_CURVE('',#4501,#4643,#2618,.T.);
#5401=EDGE_CURVE('',#4644,#4643,#2619,.T.);
#5402=EDGE_CURVE('',#4501,#4645,#2620,.T.);
#5403=EDGE_CURVE('',#4502,#4645,#2621,.T.);
#5404=EDGE_CURVE('',#4646,#4645,#2622,.T.);
#5405=EDGE_CURVE('',#4502,#4646,#2623,.T.);
#5406=EDGE_CURVE('',#4502,#4647,#2624,.T.);
#5407=EDGE_CURVE('',#4647,#4646,#2625,.T.);
#5408=EDGE_CURVE('',#4503,#4647,#2626,.T.);
#5409=EDGE_CURVE('',#4595,#4390,#2627,.T.);
#5410=EDGE_CURVE('',#4595,#4614,#2628,.T.);
#5411=EDGE_CURVE('',#4367,#4595,#2629,.T.);
#5412=EDGE_CURVE('',#4645,#4644,#2630,.T.);
#5413=EDGE_CURVE('',#4648,#4645,#2631,.T.);
#5414=EDGE_CURVE('',#4649,#4648,#2632,.T.);
#5415=EDGE_CURVE('',#4649,#4645,#2633,.T.);
#5416=EDGE_CURVE('',#4519,#4425,#2634,.T.);
#5417=EDGE_CURVE('',#4520,#4425,#2635,.T.);
#5418=EDGE_CURVE('',#4518,#4427,#2636,.T.);
#5419=EDGE_CURVE('',#4518,#4426,#2637,.T.);
#5420=EDGE_CURVE('',#4519,#4426,#2638,.T.);
#5421=EDGE_CURVE('',#4518,#4406,#2639,.T.);
#5422=EDGE_CURVE('',#4517,#4406,#2640,.T.);
#5423=EDGE_CURVE('',#4515,#4409,#2641,.T.);
#5424=EDGE_CURVE('',#4514,#4409,#2642,.T.);
#5425=EDGE_CURVE('',#4514,#4410,#2643,.T.);
#5426=EDGE_CURVE('',#4526,#4419,#2644,.T.);
#5427=EDGE_CURVE('',#4533,#4414,#2645,.T.);
#5428=EDGE_CURVE('',#4532,#4414,#2646,.T.);
#5429=EDGE_CURVE('',#4524,#4421,#2647,.T.);
#5430=EDGE_CURVE('',#4524,#4422,#2648,.T.);
#5431=EDGE_CURVE('',#4523,#4422,#2649,.T.);
#5432=EDGE_CURVE('',#4528,#4419,#2650,.T.);
#5433=EDGE_CURVE('',#4527,#4419,#2651,.T.);
#5434=EDGE_CURVE('',#4650,#4641,#2652,.T.);
#5435=EDGE_CURVE('',#4650,#4643,#2653,.T.);
#5436=EDGE_CURVE('',#4651,#4643,#2654,.T.);
#5437=EDGE_CURVE('',#4651,#4650,#2655,.T.);
#5438=EDGE_CURVE('',#4648,#4651,#2656,.T.);
#5439=EDGE_CURVE('',#4648,#4643,#2657,.T.);
#5440=EDGE_CURVE('',#4648,#4644,#2658,.T.);
#5441=EDGE_CURVE('',#4652,#4649,#2659,.T.);
#5442=EDGE_CURVE('',#4652,#4645,#2660,.T.);
#5443=EDGE_CURVE('',#4516,#4405,#2661,.T.);
#5444=EDGE_CURVE('',#4517,#4405,#2662,.T.);
#5445=EDGE_CURVE('',#4516,#4407,#2663,.T.);
#5446=EDGE_CURVE('',#4515,#4407,#2664,.T.);
#5447=EDGE_CURVE('',#4515,#4408,#2665,.T.);
#5448=EDGE_CURVE('',#4625,#4624,#2666,.T.);
#5449=EDGE_CURVE('',#4653,#4625,#2667,.T.);
#5450=EDGE_CURVE('',#4653,#4618,#2668,.T.);
#5451=EDGE_CURVE('',#4626,#4653,#2669,.T.);
#5452=EDGE_CURVE('',#4638,#4626,#2670,.T.);
#5453=EDGE_CURVE('',#4654,#4620,#2671,.T.);
#5454=EDGE_CURVE('',#4654,#4623,#2672,.T.);
#5455=EDGE_CURVE('',#4514,#4411,#2673,.T.);
#5456=EDGE_CURVE('',#4650,#4640,#2674,.T.);
#5457=EDGE_CURVE('',#4655,#4656,#2675,.T.);
#5458=EDGE_CURVE('',#4655,#4657,#2676,.T.);
#5459=EDGE_CURVE('',#4656,#4657,#2677,.T.);
#5460=EDGE_CURVE('',#4600,#4657,#2678,.T.);
#5461=EDGE_CURVE('',#4600,#4655,#2679,.T.);
#5462=EDGE_CURVE('',#4603,#4657,#2680,.T.);
#5463=EDGE_CURVE('',#4521,#4425,#2681,.T.);
#5464=EDGE_CURVE('',#4658,#4601,#2682,.T.);
#5465=EDGE_CURVE('',#4658,#4603,#2683,.T.);
#5466=EDGE_CURVE('',#4659,#4601,#2684,.T.);
#5467=EDGE_CURVE('',#4659,#4658,#2685,.T.);
#5468=EDGE_CURVE('',#4660,#4659,#2686,.T.);
#5469=EDGE_CURVE('',#4659,#4604,#2687,.T.);
#5470=EDGE_CURVE('',#4660,#4604,#2688,.T.);
#5471=EDGE_CURVE('',#4659,#4602,#2689,.T.);
#5472=EDGE_CURVE('',#4661,#4660,#2690,.T.);
#5473=EDGE_CURVE('',#4660,#4605,#2691,.T.);
#5474=EDGE_CURVE('',#4661,#4605,#2692,.T.);
#5475=EDGE_CURVE('',#4661,#4606,#2693,.T.);
#5476=EDGE_CURVE('',#4652,#4646,#2694,.T.);
#5477=EDGE_CURVE('',#4662,#4647,#2695,.T.);
#5478=EDGE_CURVE('',#4662,#4652,#2696,.T.);
#5479=EDGE_CURVE('',#4504,#4647,#2697,.T.);
#5480=EDGE_CURVE('',#4663,#4647,#2698,.T.);
#5481=EDGE_CURVE('',#4504,#4663,#2699,.T.);
#5482=EDGE_CURVE('',#4504,#4664,#2700,.T.);
#5483=EDGE_CURVE('',#4505,#4664,#2701,.T.);
#5484=EDGE_CURVE('',#4664,#4663,#2702,.T.);
#5485=EDGE_CURVE('',#4665,#4662,#2703,.T.);
#5486=EDGE_CURVE('',#4665,#4663,#2704,.T.);
#5487=EDGE_CURVE('',#4664,#4665,#2705,.T.);
#5488=EDGE_CURVE('',#4328,#4623,#2706,.T.);
#5489=EDGE_CURVE('',#4327,#4623,#2707,.T.);
#5490=EDGE_CURVE('',#4654,#4328,#2708,.T.);
#5491=EDGE_CURVE('',#4622,#4327,#2709,.T.);
#5492=EDGE_CURVE('',#4326,#4622,#2710,.T.);
#5493=EDGE_CURVE('',#4624,#4326,#2711,.T.);
#5494=EDGE_CURVE('',#4325,#4624,#2712,.T.);
#5495=EDGE_CURVE('',#4325,#4625,#2713,.T.);
#5496=EDGE_CURVE('',#4653,#4325,#2714,.T.);
#5497=EDGE_CURVE('',#4324,#4653,#2715,.T.);
#5498=EDGE_CURVE('',#4626,#4324,#2716,.T.);
#5499=EDGE_CURVE('',#4323,#4626,#2717,.T.);
#5500=EDGE_CURVE('',#4638,#4323,#2718,.T.);
#5501=EDGE_CURVE('',#4640,#4639,#2719,.T.);
#5502=EDGE_CURVE('',#4322,#4638,#2720,.T.);
#5503=EDGE_CURVE('',#4322,#4632,#2721,.T.);
#5504=EDGE_CURVE('',#4633,#4322,#2722,.T.);
#5505=EDGE_CURVE('',#4633,#4321,#2723,.T.);
#5506=EDGE_CURVE('',#4320,#4633,#2724,.T.);
#5507=EDGE_CURVE('',#4634,#4320,#2725,.T.);
#5508=EDGE_CURVE('',#4319,#4634,#2726,.T.);
#5509=EDGE_CURVE('',#4637,#4319,#2727,.T.);
#5510=EDGE_CURVE('',#4318,#4637,#2728,.T.);
#5511=EDGE_CURVE('',#4639,#4318,#2729,.T.);
#5512=EDGE_CURVE('',#4317,#4639,#2730,.T.);
#5513=EDGE_CURVE('',#4640,#4317,#2731,.T.);
#5514=EDGE_CURVE('',#4316,#4640,#2732,.T.);
#5515=EDGE_CURVE('',#4650,#4316,#2733,.T.);
#5516=EDGE_CURVE('',#4329,#4654,#2734,.T.);
#5517=EDGE_CURVE('',#4315,#4650,#2735,.T.);
#5518=EDGE_CURVE('',#4651,#4315,#2736,.T.);
#5519=EDGE_CURVE('',#4314,#4651,#2737,.T.);
#5520=EDGE_CURVE('',#4648,#4314,#2738,.T.);
#5521=EDGE_CURVE('',#4313,#4648,#2739,.T.);
#5522=EDGE_CURVE('',#4649,#4313,#2740,.T.);
#5523=EDGE_CURVE('',#4312,#4649,#2741,.T.);
#5524=EDGE_CURVE('',#4652,#4312,#2742,.T.);
#5525=EDGE_CURVE('',#4662,#4311,#2743,.T.);
#5526=EDGE_CURVE('',#4662,#4312,#2744,.T.);
#5527=EDGE_CURVE('',#4310,#4662,#2745,.T.);
#5528=EDGE_CURVE('',#4665,#4310,#2746,.T.);
#5529=EDGE_CURVE('',#4666,#4665,#2747,.T.);
#5530=EDGE_CURVE('',#4666,#4310,#2748,.T.);
#5531=EDGE_CURVE('',#4666,#4309,#2749,.T.);
#5532=EDGE_CURVE('',#4486,#4620,#2750,.T.);
#5533=EDGE_CURVE('',#4486,#4667,#2751,.T.);
#5534=EDGE_CURVE('',#4667,#4620,#2752,.T.);
#5535=EDGE_CURVE('',#4485,#4667,#2753,.T.);
#5536=EDGE_CURVE('',#4484,#4668,#2754,.T.);
#5537=EDGE_CURVE('',#4485,#4668,#2755,.T.);
#5538=EDGE_CURVE('',#4484,#4669,#2756,.T.);
#5539=EDGE_CURVE('',#4669,#4668,#2757,.T.);
#5540=EDGE_CURVE('',#4484,#4670,#2758,.T.);
#5541=EDGE_CURVE('',#4483,#4670,#2759,.T.);
#5542=EDGE_CURVE('',#4670,#4669,#2760,.T.);
#5543=EDGE_CURVE('',#4668,#4667,#2761,.T.);
#5544=EDGE_CURVE('',#4671,#4668,#2762,.T.);
#5545=EDGE_CURVE('',#4671,#4669,#2763,.T.);
#5546=EDGE_CURVE('',#4672,#4673,#2764,.T.);
#5547=EDGE_CURVE('',#4482,#4672,#2765,.T.);
#5548=EDGE_CURVE('',#4482,#4673,#2766,.T.);
#5549=EDGE_CURVE('',#4483,#4672,#2767,.T.);
#5550=EDGE_CURVE('',#4670,#4672,#2768,.T.);
#5551=EDGE_CURVE('',#4481,#4673,#2769,.T.);
#5552=EDGE_CURVE('',#4674,#4664,#2770,.T.);
#5553=EDGE_CURVE('',#4505,#4674,#2771,.T.);
#5554=EDGE_CURVE('',#4506,#4674,#2772,.T.);
#5555=EDGE_CURVE('',#4675,#4674,#2773,.T.);
#5556=EDGE_CURVE('',#4506,#4675,#2774,.T.);
#5557=EDGE_CURVE('',#4507,#4675,#2775,.T.);
#5558=EDGE_CURVE('',#4508,#4675,#2776,.T.);
#5559=EDGE_CURVE('',#4675,#4676,#2777,.T.);
#5560=EDGE_CURVE('',#4508,#4676,#2778,.T.);
#5561=EDGE_CURVE('',#4509,#4677,#2779,.T.);
#5562=EDGE_CURVE('',#4509,#4676,#2780,.T.);
#5563=EDGE_CURVE('',#4677,#4676,#2781,.T.);
#5564=EDGE_CURVE('',#4678,#4666,#2782,.T.);
#5565=EDGE_CURVE('',#4678,#4664,#2783,.T.);
#5566=EDGE_CURVE('',#4666,#4664,#2784,.T.);
#5567=EDGE_CURVE('',#4678,#4674,#2785,.T.);
#5568=EDGE_CURVE('',#4678,#4675,#2786,.T.);
#5569=EDGE_CURVE('',#4679,#4675,#2787,.T.);
#5570=EDGE_CURVE('',#4680,#4679,#2788,.T.);
#5571=EDGE_CURVE('',#4680,#4676,#2789,.T.);
#5572=EDGE_CURVE('',#4680,#4677,#2790,.T.);
#5573=EDGE_CURVE('',#4681,#4673,#2791,.T.);
#5574=EDGE_CURVE('',#4481,#4681,#2792,.T.);
#5575=EDGE_CURVE('',#4480,#4681,#2793,.T.);
#5576=EDGE_CURVE('',#4682,#4677,#2794,.T.);
#5577=EDGE_CURVE('',#4509,#4682,#2795,.T.);
#5578=EDGE_CURVE('',#4510,#4682,#2796,.T.);
#5579=EDGE_CURVE('',#4682,#4683,#2797,.T.);
#5580=EDGE_CURVE('',#4511,#4683,#2798,.T.);
#5581=EDGE_CURVE('',#4511,#4682,#2799,.T.);
#5582=EDGE_CURVE('',#4256,#4683,#2800,.T.);
#5583=EDGE_CURVE('',#4512,#4683,#2801,.T.);
#5584=EDGE_CURVE('',#4684,#4673,#2802,.T.);
#5585=EDGE_CURVE('',#4684,#4672,#2803,.T.);
#5586=EDGE_CURVE('',#4685,#4684,#2804,.T.);
#5587=EDGE_CURVE('',#4685,#4673,#2805,.T.);
#5588=EDGE_CURVE('',#4686,#4687,#2806,.T.);
#5589=EDGE_CURVE('',#4686,#4688,#2807,.T.);
#5590=EDGE_CURVE('',#4687,#4688,#2808,.T.);
#5591=EDGE_CURVE('',#4689,#4688,#2809,.T.);
#5592=EDGE_CURVE('',#4686,#4689,#2810,.T.);
#5593=EDGE_CURVE('',#4478,#4690,#2811,.T.);
#5594=EDGE_CURVE('',#4479,#4690,#2812,.T.);
#5595=EDGE_CURVE('',#4479,#4691,#2813,.T.);
#5596=EDGE_CURVE('',#4480,#4691,#2814,.T.);
#5597=EDGE_CURVE('',#4690,#4691,#2815,.T.);
#5598=EDGE_CURVE('',#4691,#4681,#2816,.T.);
#5599=EDGE_CURVE('',#4256,#4692,#2817,.T.);
#5600=EDGE_CURVE('',#4692,#4683,#2818,.T.);
#5601=EDGE_CURVE('',#4693,#4681,#2819,.T.);
#5602=EDGE_CURVE('',#4693,#4673,#2820,.T.);
#5603=EDGE_CURVE('',#4685,#4693,#2821,.T.);
#5604=EDGE_CURVE('',#4693,#4691,#2822,.T.);
#5605=EDGE_CURVE('',#4694,#4691,#2823,.T.);
#5606=EDGE_CURVE('',#4694,#4693,#2824,.T.);
#5607=EDGE_CURVE('',#4679,#4678,#2825,.T.);
#5608=EDGE_CURVE('',#4695,#4680,#2826,.T.);
#5609=EDGE_CURVE('',#4695,#4677,#2827,.T.);
#5610=EDGE_CURVE('',#4696,#4677,#2828,.T.);
#5611=EDGE_CURVE('',#4696,#4682,#2829,.T.);
#5612=EDGE_CURVE('',#4696,#4695,#2830,.T.);
#5613=EDGE_CURVE('',#4692,#4682,#2831,.T.);
#5614=EDGE_CURVE('',#4692,#4696,#2832,.T.);
#5615=EDGE_CURVE('',#4257,#4692,#2833,.T.);
#5616=EDGE_CURVE('',#4697,#4667,#2834,.T.);
#5617=EDGE_CURVE('',#4697,#4654,#2835,.T.);
#5618=EDGE_CURVE('',#4697,#4668,#2836,.T.);
#5619=EDGE_CURVE('',#4698,#4670,#2837,.T.);
#5620=EDGE_CURVE('',#4698,#4669,#2838,.T.);
#5621=EDGE_CURVE('',#4699,#4668,#2839,.T.);
#5622=EDGE_CURVE('',#4699,#4697,#2840,.T.);
#5623=EDGE_CURVE('',#4686,#4700,#2841,.T.);
#5624=EDGE_CURVE('',#4701,#4686,#2842,.T.);
#5625=EDGE_CURVE('',#4701,#4700,#2843,.T.);
#5626=EDGE_CURVE('',#4700,#4689,#2844,.T.);
#5627=EDGE_CURVE('',#4697,#4329,#2845,.T.);
#5628=EDGE_CURVE('',#4671,#4699,#2846,.T.);
#5629=EDGE_CURVE('',#4698,#4671,#2847,.T.);
#5630=EDGE_CURVE('',#4684,#4698,#2848,.T.);
#5631=EDGE_CURVE('',#4698,#4672,#2849,.T.);
#5632=EDGE_CURVE('',#4330,#4697,#2850,.T.);
#5633=EDGE_CURVE('',#4701,#4656,#2851,.T.);
#5634=EDGE_CURVE('',#4655,#4701,#2852,.T.);
#5635=EDGE_CURVE('',#4656,#4700,#2853,.T.);
#5636=EDGE_CURVE('',#4330,#4699,#2854,.T.);
#5637=EDGE_CURVE('',#4331,#4671,#2855,.T.);
#5638=EDGE_CURVE('',#4331,#4699,#2856,.T.);
#5639=EDGE_CURVE('',#4702,#4690,#2857,.T.);
#5640=EDGE_CURVE('',#4702,#4694,#2858,.T.);
#5641=EDGE_CURVE('',#4698,#4331,#2859,.T.);
#5642=EDGE_CURVE('',#4703,#4704,#2860,.T.);
#5643=EDGE_CURVE('',#4703,#4690,#2861,.T.);
#5644=EDGE_CURVE('',#4704,#4690,#2862,.T.);
#5645=EDGE_CURVE('',#4703,#4702,#2863,.T.);
#5646=EDGE_CURVE('',#4705,#4706,#2864,.T.);
#5647=EDGE_CURVE('',#4706,#4704,#2865,.T.);
#5648=EDGE_CURVE('',#4705,#4704,#2866,.T.);
#5649=EDGE_CURVE('',#4703,#4706,#2867,.T.);
#5650=EDGE_CURVE('',#4707,#4706,#2868,.T.);
#5651=EDGE_CURVE('',#4708,#4705,#2869,.T.);
#5652=EDGE_CURVE('',#4708,#4707,#2870,.T.);
#5653=EDGE_CURVE('',#4332,#4698,#2871,.T.);
#5654=EDGE_CURVE('',#4684,#4332,#2872,.T.);
#5655=EDGE_CURVE('',#4333,#4684,#2873,.T.);
#5656=EDGE_CURVE('',#4685,#4333,#2874,.T.);
#5657=EDGE_CURVE('',#4685,#4334,#2875,.T.);
#5658=EDGE_CURVE('',#4688,#4707,#2876,.T.);
#5659=EDGE_CURVE('',#4687,#4708,#2877,.T.);
#5660=EDGE_CURVE('',#4678,#4309,#2878,.T.);
#5661=EDGE_CURVE('',#4678,#4308,#2879,.T.);
#5662=EDGE_CURVE('',#4679,#4307,#2880,.T.);
#5663=EDGE_CURVE('',#4679,#4308,#2881,.T.);
#5664=EDGE_CURVE('',#4306,#4679,#2882,.T.);
#5665=EDGE_CURVE('',#4680,#4306,#2883,.T.);
#5666=EDGE_CURVE('',#4657,#4345,#2884,.T.);
#5667=EDGE_CURVE('',#4656,#4345,#2885,.T.);
#5668=EDGE_CURVE('',#4656,#4344,#2886,.T.);
#5669=EDGE_CURVE('',#4346,#4657,#2887,.T.);
#5670=EDGE_CURVE('',#4603,#4346,#2888,.T.);
#5671=EDGE_CURVE('',#4347,#4603,#2889,.T.);
#5672=EDGE_CURVE('',#4347,#4658,#2890,.T.);
#5673=EDGE_CURVE('',#4659,#4348,#2891,.T.);
#5674=EDGE_CURVE('',#4348,#4658,#2892,.T.);
#5675=EDGE_CURVE('',#4349,#4659,#2893,.T.);
#5676=EDGE_CURVE('',#4660,#4349,#2894,.T.);
#5677=EDGE_CURVE('',#4709,#4606,#2895,.T.);
#5678=EDGE_CURVE('',#4709,#4661,#2896,.T.);
#5679=EDGE_CURVE('',#4710,#4298,#2897,.T.);
#5680=EDGE_CURVE('',#4710,#4607,#2898,.T.);
#5681=EDGE_CURVE('',#4710,#4299,#2899,.T.);
#5682=EDGE_CURVE('',#4350,#4660,#2900,.T.);
#5683=EDGE_CURVE('',#4350,#4661,#2901,.T.);
#5684=EDGE_CURVE('',#4711,#4709,#2902,.T.);
#5685=EDGE_CURVE('',#4711,#4608,#2903,.T.);
#5686=EDGE_CURVE('',#4351,#4709,#2904,.T.);
#5687=EDGE_CURVE('',#4351,#4661,#2905,.T.);
#5688=EDGE_CURVE('',#4711,#4352,#2906,.T.);
#5689=EDGE_CURVE('',#4352,#4709,#2907,.T.);
#5690=EDGE_CURVE('',#4459,#4712,#2908,.T.);
#5691=EDGE_CURVE('',#4713,#4712,#2909,.T.);
#5692=EDGE_CURVE('',#4459,#4713,#2910,.T.);
#5693=EDGE_CURVE('',#4460,#4713,#2911,.T.);
#5694=EDGE_CURVE('',#4458,#4712,#2912,.T.);
#5695=EDGE_CURVE('',#4458,#4714,#2913,.T.);
#5696=EDGE_CURVE('',#4714,#4712,#2914,.T.);
#5697=EDGE_CURVE('',#4457,#4714,#2915,.T.);
#5698=EDGE_CURVE('',#4457,#4715,#2916,.T.);
#5699=EDGE_CURVE('',#4715,#4714,#2917,.T.);
#5700=EDGE_CURVE('',#4715,#4716,#2918,.T.);
#5701=EDGE_CURVE('',#4457,#4716,#2919,.T.);
#5702=EDGE_CURVE('',#4717,#4718,#2920,.T.);
#5703=EDGE_CURVE('',#4717,#4713,#2921,.T.);
#5704=EDGE_CURVE('',#4718,#4712,#2922,.T.);
#5705=EDGE_CURVE('',#4456,#4716,#2923,.T.);
#5706=EDGE_CURVE('',#4718,#4714,#2924,.T.);
#5707=EDGE_CURVE('',#4719,#4718,#2925,.T.);
#5708=EDGE_CURVE('',#4719,#4714,#2926,.T.);
#5709=EDGE_CURVE('',#4456,#4560,#2927,.T.);
#5710=EDGE_CURVE('',#4455,#4560,#2928,.T.);
#5711=EDGE_CURVE('',#4719,#4715,#2929,.T.);
#5712=EDGE_CURVE('',#4455,#4559,#2930,.T.);
#5713=EDGE_CURVE('',#4454,#4559,#2931,.T.);
#5714=EDGE_CURVE('',#4720,#4716,#2932,.T.);
#5715=EDGE_CURVE('',#4720,#4715,#2933,.T.);
#5716=EDGE_CURVE('',#4560,#4716,#2934,.T.);
#5717=EDGE_CURVE('',#4720,#4560,#2935,.T.);
#5718=EDGE_CURVE('',#4305,#4680,#2936,.T.);
#5719=EDGE_CURVE('',#4695,#4305,#2937,.T.);
#5720=EDGE_CURVE('',#4693,#4335,#2938,.T.);
#5721=EDGE_CURVE('',#4693,#4334,#2939,.T.);
#5722=EDGE_CURVE('',#4694,#4335,#2940,.T.);
#5723=EDGE_CURVE('',#4336,#4694,#2941,.T.);
#5724=EDGE_CURVE('',#4702,#4336,#2942,.T.);
#5725=EDGE_CURVE('',#4337,#4702,#2943,.T.);
#5726=EDGE_CURVE('',#4696,#4304,#2944,.T.);
#5727=EDGE_CURVE('',#4696,#4305,#2945,.T.);
#5728=EDGE_CURVE('',#4303,#4696,#2946,.T.);
#5729=EDGE_CURVE('',#4692,#4303,#2947,.T.);
#5730=EDGE_CURVE('',#4302,#4692,#2948,.T.);
#5731=EDGE_CURVE('',#4478,#4704,#2949,.T.);
#5732=EDGE_CURVE('',#4477,#4704,#2950,.T.);
#5733=EDGE_CURVE('',#4703,#4337,#2951,.T.);
#5734=EDGE_CURVE('',#4703,#4338,#2952,.T.);
#5735=EDGE_CURVE('',#4706,#4339,#2953,.T.);
#5736=EDGE_CURVE('',#4706,#4338,#2954,.T.);
#5737=EDGE_CURVE('',#4477,#4705,#2955,.T.);
#5738=EDGE_CURVE('',#4707,#4339,#2956,.T.);
#5739=EDGE_CURVE('',#4476,#4708,#2957,.T.);
#5740=EDGE_CURVE('',#4475,#4708,#2958,.T.);
#5741=EDGE_CURVE('',#4340,#4707,#2959,.T.);
#5742=EDGE_CURVE('',#4687,#4475,#2960,.T.);
#5743=EDGE_CURVE('',#4476,#4705,#2961,.T.);
#5744=EDGE_CURVE('',#4688,#4340,#2962,.T.);
#5745=EDGE_CURVE('',#4341,#4688,#2963,.T.);
#5746=EDGE_CURVE('',#4687,#4474,#2964,.T.);
#5747=EDGE_CURVE('',#4462,#4608,#2965,.T.);
#5748=EDGE_CURVE('',#4461,#4721,#2966,.T.);
#5749=EDGE_CURVE('',#4462,#4721,#2967,.T.);
#5750=EDGE_CURVE('',#4461,#4722,#2968,.T.);
#5751=EDGE_CURVE('',#4722,#4721,#2969,.T.);
#5752=EDGE_CURVE('',#4721,#4608,#2970,.T.);
#5753=EDGE_CURVE('',#4460,#4722,#2971,.T.);
#5754=EDGE_CURVE('',#4711,#4721,#2972,.T.);
#5755=EDGE_CURVE('',#4722,#4713,#2973,.T.);
#5756=EDGE_CURVE('',#4428,#4607,#2974,.T.);
#5757=EDGE_CURVE('',#4428,#4723,#2975,.T.);
#5758=EDGE_CURVE('',#4429,#4723,#2976,.T.);
#5759=EDGE_CURVE('',#4723,#4607,#2977,.T.);
#5760=EDGE_CURVE('',#4723,#4724,#2978,.T.);
#5761=EDGE_CURVE('',#4429,#4724,#2979,.T.);
#5762=EDGE_CURVE('',#4430,#4724,#2980,.T.);
#5763=EDGE_CURVE('',#4725,#4724,#2981,.T.);
#5764=EDGE_CURVE('',#4430,#4725,#2982,.T.);
#5765=EDGE_CURVE('',#4431,#4725,#2983,.T.);
#5766=EDGE_CURVE('',#4726,#4723,#2984,.T.);
#5767=EDGE_CURVE('',#4726,#4724,#2985,.T.);
#5768=EDGE_CURVE('',#4727,#4724,#2986,.T.);
#5769=EDGE_CURVE('',#4727,#4725,#2987,.T.);
#5770=EDGE_CURVE('',#4431,#4728,#2988,.T.);
#5771=EDGE_CURVE('',#4432,#4728,#2989,.T.);
#5772=EDGE_CURVE('',#4728,#4725,#2990,.T.);
#5773=EDGE_CURVE('',#4728,#4729,#2991,.T.);
#5774=EDGE_CURVE('',#4433,#4729,#2992,.T.);
#5775=EDGE_CURVE('',#4433,#4728,#2993,.T.);
#5776=EDGE_CURVE('',#4434,#4729,#2994,.T.);
#5777=EDGE_CURVE('',#4729,#4609,#2995,.T.);
#5778=EDGE_CURVE('',#4434,#4609,#2996,.T.);
#5779=EDGE_CURVE('',#4727,#4726,#2997,.T.);
#5780=EDGE_CURVE('',#4730,#4728,#2998,.T.);
#5781=EDGE_CURVE('',#4730,#4729,#2999,.T.);
#5782=EDGE_CURVE('',#4730,#4611,#3000,.T.);
#5783=EDGE_CURVE('',#4731,#4711,#3001,.T.);
#5784=EDGE_CURVE('',#4731,#4721,#3002,.T.);
#5785=EDGE_CURVE('',#4732,#4722,#3003,.T.);
#5786=EDGE_CURVE('',#4732,#4721,#3004,.T.);
#5787=EDGE_CURVE('',#4717,#4722,#3005,.T.);
#5788=EDGE_CURVE('',#4733,#4715,#3006,.T.);
#5789=EDGE_CURVE('',#4733,#4719,#3007,.T.);
#5790=EDGE_CURVE('',#4720,#4613,#3008,.T.);
#5791=EDGE_CURVE('',#4613,#4560,#3009,.T.);
#5792=EDGE_CURVE('',#4356,#4718,#3010,.T.);
#5793=EDGE_CURVE('',#4356,#4717,#3011,.T.);
#5794=EDGE_CURVE('',#4733,#4720,#3012,.T.);
#5795=EDGE_CURVE('',#4357,#4719,#3013,.T.);
#5796=EDGE_CURVE('',#4357,#4718,#3014,.T.);
#5797=EDGE_CURVE('',#4733,#4358,#3015,.T.);
#5798=EDGE_CURVE('',#4358,#4719,#3016,.T.);
#5799=EDGE_CURVE('',#4689,#4341,#3017,.T.);
#5800=EDGE_CURVE('',#4689,#4342,#3018,.T.);
#5801=EDGE_CURVE('',#4720,#4359,#3019,.T.);
#5802=EDGE_CURVE('',#4720,#4358,#3020,.T.);
#5803=EDGE_CURVE('',#4359,#4613,#3021,.T.);
#5804=EDGE_CURVE('',#4343,#4689,#3022,.T.);
#5805=EDGE_CURVE('',#4343,#4700,#3023,.T.);
#5806=EDGE_CURVE('',#4656,#4343,#3024,.T.);
#5807=EDGE_CURVE('',#4732,#4731,#3025,.T.);
#5808=EDGE_CURVE('',#4353,#4711,#3026,.T.);
#5809=EDGE_CURVE('',#4353,#4731,#3027,.T.);
#5810=EDGE_CURVE('',#4717,#4732,#3028,.T.);
#5811=EDGE_CURVE('',#4732,#4354,#3029,.T.);
#5812=EDGE_CURVE('',#4354,#4731,#3030,.T.);
#5813=EDGE_CURVE('',#4355,#4732,#3031,.T.);
#5814=EDGE_CURVE('',#4355,#4717,#3032,.T.);
#5815=EDGE_CURVE('',#4734,#4710,#3033,.T.);
#5816=EDGE_CURVE('',#4734,#4723,#3034,.T.);
#5817=EDGE_CURVE('',#4726,#4734,#3035,.T.);
#5818=EDGE_CURVE('',#4404,#4710,#3036,.T.);
#5819=EDGE_CURVE('',#4734,#4404,#3037,.T.);
#5820=EDGE_CURVE('',#4734,#4403,#3038,.T.);
#5821=EDGE_CURVE('',#4402,#4726,#3039,.T.);
#5822=EDGE_CURVE('',#4726,#4403,#3040,.T.);
#5823=EDGE_CURVE('',#4401,#4727,#3041,.T.);
#5824=EDGE_CURVE('',#4727,#4402,#3042,.T.);
#5825=EDGE_CURVE('',#4735,#4727,#3043,.T.);
#5826=EDGE_CURVE('',#4735,#4728,#3044,.T.);
#5827=EDGE_CURVE('',#4730,#4735,#3045,.T.);
#5828=EDGE_CURVE('',#4735,#4401,#3046,.T.);
#5829=EDGE_CURVE('',#4735,#4400,#3047,.T.);
#5830=EDGE_CURVE('',#4399,#4735,#3048,.T.);
#5831=EDGE_CURVE('',#4730,#4399,#3049,.T.);
#5832=EDGE_CURVE('',#4730,#4398,#3050,.T.);
#5833=EDGE_CURVE('',#4453,#4559,#3051,.T.);
#5834=EDGE_CURVE('',#4453,#4562,#3052,.T.);
#5835=EDGE_CURVE('',#4448,#4575,#3053,.T.);
#5836=EDGE_CURVE('',#4448,#4586,#3054,.T.);
#5837=EDGE_CURVE('',#4449,#4586,#3055,.T.);
#5838=EDGE_CURVE('',#4449,#4588,#3056,.T.);
#5839=EDGE_CURVE('',#4450,#4590,#3057,.T.);
#5840=EDGE_CURVE('',#4450,#4588,#3058,.T.);
#5841=EDGE_CURVE('',#4451,#4590,#3059,.T.);
#5842=EDGE_CURVE('',#4451,#4591,#3060,.T.);
#5843=EDGE_CURVE('',#4452,#4591,#3061,.T.);
#5844=EDGE_CURVE('',#4452,#4593,#3062,.T.);
#5845=EDGE_CURVE('',#4453,#4593,#3063,.T.);
#5846=EDGE_CURVE('',#4562,#4593,#3064,.T.);
#5847=EDGE_CURVE('',#4472,#4686,#3065,.T.);
#5848=EDGE_CURVE('',#4686,#4473,#3066,.T.);
#5849=EDGE_CURVE('',#4686,#4474,#3067,.T.);
#5850=EDGE_CURVE('',#4472,#4701,#3068,.T.);
#5851=EDGE_CURVE('',#4441,#4565,#3069,.T.);
#5852=EDGE_CURVE('',#4565,#4442,#3070,.T.);
#5853=EDGE_CURVE('',#4442,#4563,#3071,.T.);
#5854=EDGE_CURVE('',#4443,#4566,#3072,.T.);
#5855=EDGE_CURVE('',#4443,#4563,#3073,.T.);
#5856=EDGE_CURVE('',#4569,#4444,#3074,.T.);
#5857=EDGE_CURVE('',#4444,#4566,#3075,.T.);
#5858=EDGE_CURVE('',#4445,#4569,#3076,.T.);
#5859=EDGE_CURVE('',#4445,#4571,#3077,.T.);
#5860=EDGE_CURVE('',#4446,#4571,#3078,.T.);
#5861=EDGE_CURVE('',#4447,#4573,#3079,.T.);
#5862=EDGE_CURVE('',#4447,#4575,#3080,.T.);
#5863=EDGE_CURVE('',#4446,#4573,#3081,.T.);
#5864=EDGE_CURVE('',#4437,#4598,#3082,.T.);
#5865=EDGE_CURVE('',#4438,#4598,#3083,.T.);
#5866=EDGE_CURVE('',#4438,#4581,#3084,.T.);
#5867=EDGE_CURVE('',#4439,#4581,#3085,.T.);
#5868=EDGE_CURVE('',#4439,#4582,#3086,.T.);
#5869=EDGE_CURVE('',#4440,#4582,#3087,.T.);
#5870=EDGE_CURVE('',#4440,#4584,#3088,.T.);
#5871=EDGE_CURVE('',#4584,#4441,#3089,.T.);
#5872=EDGE_CURVE('',#4655,#4472,#3090,.T.);
#5873=EDGE_CURVE('',#4655,#4471,#3091,.T.);
#5874=EDGE_CURVE('',#4470,#4655,#3092,.T.);
#5875=EDGE_CURVE('',#4470,#4600,#3093,.T.);
#5876=ORIENTED_EDGE('',*,*,#4736,.F.);
#5877=ORIENTED_EDGE('',*,*,#4737,.T.);
#5878=ORIENTED_EDGE('',*,*,#4738,.T.);
#5879=ORIENTED_EDGE('',*,*,#4737,.F.);
#5880=ORIENTED_EDGE('',*,*,#4738,.F.);
#5881=ORIENTED_EDGE('',*,*,#4739,.F.);
#5882=ORIENTED_EDGE('',*,*,#4740,.T.);
#5883=ORIENTED_EDGE('',*,*,#4741,.T.);
#5884=ORIENTED_EDGE('',*,*,#4740,.F.);
#5885=ORIENTED_EDGE('',*,*,#4741,.F.);
#5886=ORIENTED_EDGE('',*,*,#4742,.F.);
#5887=ORIENTED_EDGE('',*,*,#4743,.T.);
#5888=ORIENTED_EDGE('',*,*,#4744,.T.);
#5889=ORIENTED_EDGE('',*,*,#4743,.F.);
#5890=ORIENTED_EDGE('',*,*,#4744,.F.);
#5891=ORIENTED_EDGE('',*,*,#4745,.F.);
#5892=ORIENTED_EDGE('',*,*,#4746,.T.);
#5893=ORIENTED_EDGE('',*,*,#4747,.T.);
#5894=ORIENTED_EDGE('',*,*,#4746,.F.);
#5895=ORIENTED_EDGE('',*,*,#4747,.F.);
#5896=ORIENTED_EDGE('',*,*,#4748,.F.);
#5897=ORIENTED_EDGE('',*,*,#4749,.T.);
#5898=ORIENTED_EDGE('',*,*,#4750,.T.);
#5899=ORIENTED_EDGE('',*,*,#4749,.F.);
#5900=ORIENTED_EDGE('',*,*,#4750,.F.);
#5901=ORIENTED_EDGE('',*,*,#4751,.F.);
#5902=ORIENTED_EDGE('',*,*,#4752,.T.);
#5903=ORIENTED_EDGE('',*,*,#4753,.T.);
#5904=ORIENTED_EDGE('',*,*,#4752,.F.);
#5905=ORIENTED_EDGE('',*,*,#4753,.F.);
#5906=ORIENTED_EDGE('',*,*,#4754,.F.);
#5907=ORIENTED_EDGE('',*,*,#4755,.F.);
#5908=ORIENTED_EDGE('',*,*,#4756,.F.);
#5909=ORIENTED_EDGE('',*,*,#4757,.F.);
#5910=ORIENTED_EDGE('',*,*,#4758,.F.);
#5911=ORIENTED_EDGE('',*,*,#4759,.T.);
#5912=ORIENTED_EDGE('',*,*,#4760,.T.);
#5913=ORIENTED_EDGE('',*,*,#4761,.T.);
#5914=ORIENTED_EDGE('',*,*,#4762,.F.);
#5915=ORIENTED_EDGE('',*,*,#4763,.T.);
#5916=ORIENTED_EDGE('',*,*,#4764,.F.);
#5917=ORIENTED_EDGE('',*,*,#4765,.F.);
#5918=ORIENTED_EDGE('',*,*,#4766,.F.);
#5919=ORIENTED_EDGE('',*,*,#4767,.T.);
#5920=ORIENTED_EDGE('',*,*,#4768,.F.);
#5921=ORIENTED_EDGE('',*,*,#4769,.F.);
#5922=ORIENTED_EDGE('',*,*,#4770,.T.);
#5923=ORIENTED_EDGE('',*,*,#4771,.F.);
#5924=ORIENTED_EDGE('',*,*,#4762,.T.);
#5925=ORIENTED_EDGE('',*,*,#4772,.T.);
#5926=ORIENTED_EDGE('',*,*,#4766,.T.);
#5927=ORIENTED_EDGE('',*,*,#4773,.F.);
#5928=ORIENTED_EDGE('',*,*,#4774,.T.);
#5929=ORIENTED_EDGE('',*,*,#4775,.F.);
#5930=ORIENTED_EDGE('',*,*,#4776,.F.);
#5931=ORIENTED_EDGE('',*,*,#4777,.F.);
#5932=ORIENTED_EDGE('',*,*,#4778,.F.);
#5933=ORIENTED_EDGE('',*,*,#4779,.F.);
#5934=ORIENTED_EDGE('',*,*,#4780,.T.);
#5935=ORIENTED_EDGE('',*,*,#4781,.F.);
#5936=ORIENTED_EDGE('',*,*,#4782,.T.);
#5937=ORIENTED_EDGE('',*,*,#4758,.T.);
#5938=ORIENTED_EDGE('',*,*,#4782,.F.);
#5939=ORIENTED_EDGE('',*,*,#4783,.F.);
#5940=ORIENTED_EDGE('',*,*,#4784,.T.);
#5941=ORIENTED_EDGE('',*,*,#4757,.T.);
#5942=ORIENTED_EDGE('',*,*,#4784,.F.);
#5943=ORIENTED_EDGE('',*,*,#4785,.F.);
#5944=ORIENTED_EDGE('',*,*,#4786,.T.);
#5945=ORIENTED_EDGE('',*,*,#4756,.T.);
#5946=ORIENTED_EDGE('',*,*,#4786,.F.);
#5947=ORIENTED_EDGE('',*,*,#4787,.F.);
#5948=ORIENTED_EDGE('',*,*,#4788,.T.);
#5949=ORIENTED_EDGE('',*,*,#4755,.T.);
#5950=ORIENTED_EDGE('',*,*,#4788,.F.);
#5951=ORIENTED_EDGE('',*,*,#4789,.F.);
#5952=ORIENTED_EDGE('',*,*,#4790,.T.);
#5953=ORIENTED_EDGE('',*,*,#4754,.T.);
#5954=ORIENTED_EDGE('',*,*,#4790,.F.);
#5955=ORIENTED_EDGE('',*,*,#4760,.F.);
#5956=ORIENTED_EDGE('',*,*,#4791,.T.);
#5957=ORIENTED_EDGE('',*,*,#4792,.T.);
#5958=ORIENTED_EDGE('',*,*,#4793,.F.);
#5959=ORIENTED_EDGE('',*,*,#4794,.T.);
#5960=ORIENTED_EDGE('',*,*,#4795,.F.);
#5961=ORIENTED_EDGE('',*,*,#4796,.T.);
#5962=ORIENTED_EDGE('',*,*,#4796,.F.);
#5963=ORIENTED_EDGE('',*,*,#4797,.F.);
#5964=ORIENTED_EDGE('',*,*,#4798,.F.);
#5965=ORIENTED_EDGE('',*,*,#4798,.T.);
#5966=ORIENTED_EDGE('',*,*,#4799,.F.);
#5967=ORIENTED_EDGE('',*,*,#4800,.T.);
#5968=ORIENTED_EDGE('',*,*,#4800,.F.);
#5969=ORIENTED_EDGE('',*,*,#4791,.F.);
#5970=ORIENTED_EDGE('',*,*,#4759,.F.);
#5971=ORIENTED_EDGE('',*,*,#4772,.F.);
#5972=ORIENTED_EDGE('',*,*,#4801,.F.);
#5973=ORIENTED_EDGE('',*,*,#4780,.F.);
#5974=ORIENTED_EDGE('',*,*,#4794,.F.);
#5975=ORIENTED_EDGE('',*,*,#4802,.T.);
#5976=ORIENTED_EDGE('',*,*,#4803,.T.);
#5977=ORIENTED_EDGE('',*,*,#4804,.T.);
#5978=ORIENTED_EDGE('',*,*,#4804,.F.);
#5979=ORIENTED_EDGE('',*,*,#4778,.T.);
#5980=ORIENTED_EDGE('',*,*,#4805,.T.);
#5981=ORIENTED_EDGE('',*,*,#4767,.F.);
#5982=ORIENTED_EDGE('',*,*,#4761,.F.);
#5983=ORIENTED_EDGE('',*,*,#4793,.T.);
#5984=ORIENTED_EDGE('',*,*,#4806,.F.);
#5985=ORIENTED_EDGE('',*,*,#4806,.T.);
#5986=ORIENTED_EDGE('',*,*,#4807,.T.);
#5987=ORIENTED_EDGE('',*,*,#4808,.T.);
#5988=ORIENTED_EDGE('',*,*,#4808,.F.);
#5989=ORIENTED_EDGE('',*,*,#4809,.T.);
#5990=ORIENTED_EDGE('',*,*,#4802,.F.);
#5991=ORIENTED_EDGE('',*,*,#4807,.F.);
#5992=ORIENTED_EDGE('',*,*,#4792,.F.);
#5993=ORIENTED_EDGE('',*,*,#4799,.T.);
#5994=ORIENTED_EDGE('',*,*,#4810,.T.);
#5995=ORIENTED_EDGE('',*,*,#4809,.F.);
#5996=ORIENTED_EDGE('',*,*,#4810,.F.);
#5997=ORIENTED_EDGE('',*,*,#4797,.T.);
#5998=ORIENTED_EDGE('',*,*,#4811,.T.);
#5999=ORIENTED_EDGE('',*,*,#4781,.T.);
#6000=ORIENTED_EDGE('',*,*,#4783,.T.);
#6001=ORIENTED_EDGE('',*,*,#4785,.T.);
#6002=ORIENTED_EDGE('',*,*,#4742,.T.);
#6003=ORIENTED_EDGE('',*,*,#4751,.T.);
#6004=ORIENTED_EDGE('',*,*,#4739,.T.);
#6005=ORIENTED_EDGE('',*,*,#4787,.T.);
#6006=ORIENTED_EDGE('',*,*,#4745,.T.);
#6007=ORIENTED_EDGE('',*,*,#4736,.T.);
#6008=ORIENTED_EDGE('',*,*,#4748,.T.);
#6009=ORIENTED_EDGE('',*,*,#4789,.T.);
#6010=ORIENTED_EDGE('',*,*,#4803,.F.);
#6011=ORIENTED_EDGE('',*,*,#4811,.F.);
#6012=ORIENTED_EDGE('',*,*,#4795,.T.);
#6013=ORIENTED_EDGE('',*,*,#4779,.T.);
#6014=ORIENTED_EDGE('',*,*,#4812,.F.);
#6015=ORIENTED_EDGE('',*,*,#4813,.T.);
#6016=ORIENTED_EDGE('',*,*,#4814,.F.);
#6017=ORIENTED_EDGE('',*,*,#4815,.F.);
#6018=ORIENTED_EDGE('',*,*,#4816,.F.);
#6019=ORIENTED_EDGE('',*,*,#4769,.T.);
#6020=ORIENTED_EDGE('',*,*,#4817,.T.);
#6021=ORIENTED_EDGE('',*,*,#4818,.F.);
#6022=ORIENTED_EDGE('',*,*,#4819,.F.);
#6023=ORIENTED_EDGE('',*,*,#4775,.T.);
#6024=ORIENTED_EDGE('',*,*,#4820,.F.);
#6025=ORIENTED_EDGE('',*,*,#4821,.F.);
#6026=ORIENTED_EDGE('',*,*,#4822,.F.);
#6027=ORIENTED_EDGE('',*,*,#4823,.F.);
#6028=ORIENTED_EDGE('',*,*,#4824,.T.);
#6029=ORIENTED_EDGE('',*,*,#4821,.T.);
#6030=ORIENTED_EDGE('',*,*,#4825,.F.);
#6031=ORIENTED_EDGE('',*,*,#4818,.T.);
#6032=ORIENTED_EDGE('',*,*,#4826,.F.);
#6033=ORIENTED_EDGE('',*,*,#4823,.T.);
#6034=ORIENTED_EDGE('',*,*,#4820,.T.);
#6035=ORIENTED_EDGE('',*,*,#4774,.F.);
#6036=ORIENTED_EDGE('',*,*,#4827,.T.);
#6037=ORIENTED_EDGE('',*,*,#4828,.T.);
#6038=ORIENTED_EDGE('',*,*,#4829,.T.);
#6039=ORIENTED_EDGE('',*,*,#4830,.T.);
#6040=ORIENTED_EDGE('',*,*,#4831,.T.);
#6041=ORIENTED_EDGE('',*,*,#4832,.T.);
#6042=ORIENTED_EDGE('',*,*,#4833,.T.);
#6043=ORIENTED_EDGE('',*,*,#4834,.T.);
#6044=ORIENTED_EDGE('',*,*,#4835,.T.);
#6045=ORIENTED_EDGE('',*,*,#4836,.T.);
#6046=ORIENTED_EDGE('',*,*,#4837,.T.);
#6047=ORIENTED_EDGE('',*,*,#4838,.T.);
#6048=ORIENTED_EDGE('',*,*,#4839,.T.);
#6049=ORIENTED_EDGE('',*,*,#4840,.T.);
#6050=ORIENTED_EDGE('',*,*,#4841,.T.);
#6051=ORIENTED_EDGE('',*,*,#4842,.T.);
#6052=ORIENTED_EDGE('',*,*,#4843,.T.);
#6053=ORIENTED_EDGE('',*,*,#4844,.T.);
#6054=ORIENTED_EDGE('',*,*,#4845,.T.);
#6055=ORIENTED_EDGE('',*,*,#4846,.T.);
#6056=ORIENTED_EDGE('',*,*,#4847,.T.);
#6057=ORIENTED_EDGE('',*,*,#4848,.T.);
#6058=ORIENTED_EDGE('',*,*,#4849,.T.);
#6059=ORIENTED_EDGE('',*,*,#4850,.T.);
#6060=ORIENTED_EDGE('',*,*,#4851,.T.);
#6061=ORIENTED_EDGE('',*,*,#4852,.T.);
#6062=ORIENTED_EDGE('',*,*,#4853,.T.);
#6063=ORIENTED_EDGE('',*,*,#4854,.F.);
#6064=ORIENTED_EDGE('',*,*,#4855,.F.);
#6065=ORIENTED_EDGE('',*,*,#4856,.F.);
#6066=ORIENTED_EDGE('',*,*,#4857,.F.);
#6067=ORIENTED_EDGE('',*,*,#4858,.F.);
#6068=ORIENTED_EDGE('',*,*,#4859,.F.);
#6069=ORIENTED_EDGE('',*,*,#4860,.F.);
#6070=ORIENTED_EDGE('',*,*,#4861,.T.);
#6071=ORIENTED_EDGE('',*,*,#4862,.F.);
#6072=ORIENTED_EDGE('',*,*,#4863,.F.);
#6073=ORIENTED_EDGE('',*,*,#4864,.F.);
#6074=ORIENTED_EDGE('',*,*,#4865,.T.);
#6075=ORIENTED_EDGE('',*,*,#4866,.F.);
#6076=ORIENTED_EDGE('',*,*,#4867,.F.);
#6077=ORIENTED_EDGE('',*,*,#4868,.F.);
#6078=ORIENTED_EDGE('',*,*,#4869,.F.);
#6079=ORIENTED_EDGE('',*,*,#4870,.F.);
#6080=ORIENTED_EDGE('',*,*,#4871,.T.);
#6081=ORIENTED_EDGE('',*,*,#4872,.F.);
#6082=ORIENTED_EDGE('',*,*,#4873,.F.);
#6083=ORIENTED_EDGE('',*,*,#4874,.F.);
#6084=ORIENTED_EDGE('',*,*,#4875,.F.);
#6085=ORIENTED_EDGE('',*,*,#4876,.F.);
#6086=ORIENTED_EDGE('',*,*,#4877,.F.);
#6087=ORIENTED_EDGE('',*,*,#4878,.F.);
#6088=ORIENTED_EDGE('',*,*,#4879,.F.);
#6089=ORIENTED_EDGE('',*,*,#4880,.F.);
#6090=ORIENTED_EDGE('',*,*,#4881,.F.);
#6091=ORIENTED_EDGE('',*,*,#4882,.F.);
#6092=ORIENTED_EDGE('',*,*,#4883,.T.);
#6093=ORIENTED_EDGE('',*,*,#4884,.F.);
#6094=ORIENTED_EDGE('',*,*,#4885,.T.);
#6095=ORIENTED_EDGE('',*,*,#4886,.F.);
#6096=ORIENTED_EDGE('',*,*,#4887,.T.);
#6097=ORIENTED_EDGE('',*,*,#4888,.F.);
#6098=ORIENTED_EDGE('',*,*,#4889,.T.);
#6099=ORIENTED_EDGE('',*,*,#4890,.T.);
#6100=ORIENTED_EDGE('',*,*,#4891,.F.);
#6101=ORIENTED_EDGE('',*,*,#4892,.T.);
#6102=ORIENTED_EDGE('',*,*,#4893,.F.);
#6103=ORIENTED_EDGE('',*,*,#4894,.F.);
#6104=ORIENTED_EDGE('',*,*,#4895,.T.);
#6105=ORIENTED_EDGE('',*,*,#4896,.T.);
#6106=ORIENTED_EDGE('',*,*,#4897,.F.);
#6107=ORIENTED_EDGE('',*,*,#4898,.T.);
#6108=ORIENTED_EDGE('',*,*,#4899,.T.);
#6109=ORIENTED_EDGE('',*,*,#4900,.F.);
#6110=ORIENTED_EDGE('',*,*,#4901,.F.);
#6111=ORIENTED_EDGE('',*,*,#4902,.F.);
#6112=ORIENTED_EDGE('',*,*,#4903,.F.);
#6113=ORIENTED_EDGE('',*,*,#4904,.F.);
#6114=ORIENTED_EDGE('',*,*,#4905,.F.);
#6115=ORIENTED_EDGE('',*,*,#4906,.F.);
#6116=ORIENTED_EDGE('',*,*,#4907,.T.);
#6117=ORIENTED_EDGE('',*,*,#4908,.F.);
#6118=ORIENTED_EDGE('',*,*,#4909,.F.);
#6119=ORIENTED_EDGE('',*,*,#4910,.F.);
#6120=ORIENTED_EDGE('',*,*,#4911,.F.);
#6121=ORIENTED_EDGE('',*,*,#4912,.F.);
#6122=ORIENTED_EDGE('',*,*,#4913,.F.);
#6123=ORIENTED_EDGE('',*,*,#4914,.T.);
#6124=ORIENTED_EDGE('',*,*,#4915,.T.);
#6125=ORIENTED_EDGE('',*,*,#4916,.T.);
#6126=ORIENTED_EDGE('',*,*,#4917,.F.);
#6127=ORIENTED_EDGE('',*,*,#4918,.F.);
#6128=ORIENTED_EDGE('',*,*,#4919,.F.);
#6129=ORIENTED_EDGE('',*,*,#4920,.F.);
#6130=ORIENTED_EDGE('',*,*,#4921,.T.);
#6131=ORIENTED_EDGE('',*,*,#4815,.T.);
#6132=ORIENTED_EDGE('',*,*,#4922,.T.);
#6133=ORIENTED_EDGE('',*,*,#4923,.T.);
#6134=ORIENTED_EDGE('',*,*,#4924,.T.);
#6135=ORIENTED_EDGE('',*,*,#4925,.F.);
#6136=ORIENTED_EDGE('',*,*,#4926,.F.);
#6137=ORIENTED_EDGE('',*,*,#4927,.T.);
#6138=ORIENTED_EDGE('',*,*,#4928,.T.);
#6139=ORIENTED_EDGE('',*,*,#4929,.T.);
#6140=ORIENTED_EDGE('',*,*,#4930,.T.);
#6141=ORIENTED_EDGE('',*,*,#4931,.T.);
#6142=ORIENTED_EDGE('',*,*,#4932,.T.);
#6143=ORIENTED_EDGE('',*,*,#4933,.F.);
#6144=ORIENTED_EDGE('',*,*,#4934,.T.);
#6145=ORIENTED_EDGE('',*,*,#4935,.F.);
#6146=ORIENTED_EDGE('',*,*,#4936,.T.);
#6147=ORIENTED_EDGE('',*,*,#4937,.F.);
#6148=ORIENTED_EDGE('',*,*,#4938,.F.);
#6149=ORIENTED_EDGE('',*,*,#4939,.T.);
#6150=ORIENTED_EDGE('',*,*,#4940,.F.);
#6151=ORIENTED_EDGE('',*,*,#4941,.F.);
#6152=ORIENTED_EDGE('',*,*,#4942,.T.);
#6153=ORIENTED_EDGE('',*,*,#4943,.T.);
#6154=ORIENTED_EDGE('',*,*,#4944,.F.);
#6155=ORIENTED_EDGE('',*,*,#4945,.T.);
#6156=ORIENTED_EDGE('',*,*,#4946,.T.);
#6157=ORIENTED_EDGE('',*,*,#4947,.F.);
#6158=ORIENTED_EDGE('',*,*,#4948,.T.);
#6159=ORIENTED_EDGE('',*,*,#4949,.T.);
#6160=ORIENTED_EDGE('',*,*,#4950,.T.);
#6161=ORIENTED_EDGE('',*,*,#4951,.T.);
#6162=ORIENTED_EDGE('',*,*,#4952,.F.);
#6163=ORIENTED_EDGE('',*,*,#4953,.F.);
#6164=ORIENTED_EDGE('',*,*,#4954,.T.);
#6165=ORIENTED_EDGE('',*,*,#4955,.F.);
#6166=ORIENTED_EDGE('',*,*,#4825,.T.);
#6167=ORIENTED_EDGE('',*,*,#4956,.T.);
#6168=ORIENTED_EDGE('',*,*,#4957,.F.);
#6169=ORIENTED_EDGE('',*,*,#4958,.F.);
#6170=ORIENTED_EDGE('',*,*,#4959,.F.);
#6171=ORIENTED_EDGE('',*,*,#4960,.F.);
#6172=ORIENTED_EDGE('',*,*,#4961,.T.);
#6173=ORIENTED_EDGE('',*,*,#4962,.T.);
#6174=ORIENTED_EDGE('',*,*,#4963,.F.);
#6175=ORIENTED_EDGE('',*,*,#4964,.F.);
#6176=ORIENTED_EDGE('',*,*,#4965,.F.);
#6177=ORIENTED_EDGE('',*,*,#4966,.F.);
#6178=ORIENTED_EDGE('',*,*,#4967,.F.);
#6179=ORIENTED_EDGE('',*,*,#4968,.F.);
#6180=ORIENTED_EDGE('',*,*,#4969,.T.);
#6181=ORIENTED_EDGE('',*,*,#4970,.T.);
#6182=ORIENTED_EDGE('',*,*,#4971,.F.);
#6183=ORIENTED_EDGE('',*,*,#4972,.F.);
#6184=ORIENTED_EDGE('',*,*,#4973,.F.);
#6185=ORIENTED_EDGE('',*,*,#4974,.T.);
#6186=ORIENTED_EDGE('',*,*,#4975,.T.);
#6187=ORIENTED_EDGE('',*,*,#4976,.T.);
#6188=ORIENTED_EDGE('',*,*,#4977,.T.);
#6189=ORIENTED_EDGE('',*,*,#4978,.T.);
#6190=ORIENTED_EDGE('',*,*,#4979,.T.);
#6191=ORIENTED_EDGE('',*,*,#4980,.T.);
#6192=ORIENTED_EDGE('',*,*,#4981,.T.);
#6193=ORIENTED_EDGE('',*,*,#4982,.F.);
#6194=ORIENTED_EDGE('',*,*,#4983,.F.);
#6195=ORIENTED_EDGE('',*,*,#4984,.F.);
#6196=ORIENTED_EDGE('',*,*,#4985,.T.);
#6197=ORIENTED_EDGE('',*,*,#4986,.F.);
#6198=ORIENTED_EDGE('',*,*,#4987,.F.);
#6199=ORIENTED_EDGE('',*,*,#4988,.T.);
#6200=ORIENTED_EDGE('',*,*,#4989,.F.);
#6201=ORIENTED_EDGE('',*,*,#4990,.T.);
#6202=ORIENTED_EDGE('',*,*,#4991,.T.);
#6203=ORIENTED_EDGE('',*,*,#4992,.T.);
#6204=ORIENTED_EDGE('',*,*,#4993,.F.);
#6205=ORIENTED_EDGE('',*,*,#4994,.T.);
#6206=ORIENTED_EDGE('',*,*,#4995,.T.);
#6207=ORIENTED_EDGE('',*,*,#4996,.T.);
#6208=ORIENTED_EDGE('',*,*,#4997,.F.);
#6209=ORIENTED_EDGE('',*,*,#4998,.F.);
#6210=ORIENTED_EDGE('',*,*,#4999,.T.);
#6211=ORIENTED_EDGE('',*,*,#5000,.T.);
#6212=ORIENTED_EDGE('',*,*,#5001,.T.);
#6213=ORIENTED_EDGE('',*,*,#5002,.F.);
#6214=ORIENTED_EDGE('',*,*,#5003,.T.);
#6215=ORIENTED_EDGE('',*,*,#5004,.F.);
#6216=ORIENTED_EDGE('',*,*,#5005,.F.);
#6217=ORIENTED_EDGE('',*,*,#5006,.T.);
#6218=ORIENTED_EDGE('',*,*,#5007,.T.);
#6219=ORIENTED_EDGE('',*,*,#5008,.T.);
#6220=ORIENTED_EDGE('',*,*,#5009,.T.);
#6221=ORIENTED_EDGE('',*,*,#5010,.T.);
#6222=ORIENTED_EDGE('',*,*,#5011,.T.);
#6223=ORIENTED_EDGE('',*,*,#5012,.T.);
#6224=ORIENTED_EDGE('',*,*,#5013,.T.);
#6225=ORIENTED_EDGE('',*,*,#5014,.T.);
#6226=ORIENTED_EDGE('',*,*,#5015,.T.);
#6227=ORIENTED_EDGE('',*,*,#5016,.T.);
#6228=ORIENTED_EDGE('',*,*,#5017,.T.);
#6229=ORIENTED_EDGE('',*,*,#5018,.F.);
#6230=ORIENTED_EDGE('',*,*,#5019,.T.);
#6231=ORIENTED_EDGE('',*,*,#5020,.T.);
#6232=ORIENTED_EDGE('',*,*,#5021,.F.);
#6233=ORIENTED_EDGE('',*,*,#5022,.F.);
#6234=ORIENTED_EDGE('',*,*,#5023,.F.);
#6235=ORIENTED_EDGE('',*,*,#5024,.T.);
#6236=ORIENTED_EDGE('',*,*,#5025,.F.);
#6237=ORIENTED_EDGE('',*,*,#5026,.T.);
#6238=ORIENTED_EDGE('',*,*,#5027,.T.);
#6239=ORIENTED_EDGE('',*,*,#5028,.F.);
#6240=ORIENTED_EDGE('',*,*,#5029,.F.);
#6241=ORIENTED_EDGE('',*,*,#5030,.F.);
#6242=ORIENTED_EDGE('',*,*,#5031,.F.);
#6243=ORIENTED_EDGE('',*,*,#5032,.F.);
#6244=ORIENTED_EDGE('',*,*,#5033,.F.);
#6245=ORIENTED_EDGE('',*,*,#5034,.F.);
#6246=ORIENTED_EDGE('',*,*,#5035,.F.);
#6247=ORIENTED_EDGE('',*,*,#5036,.F.);
#6248=ORIENTED_EDGE('',*,*,#5037,.F.);
#6249=ORIENTED_EDGE('',*,*,#5038,.F.);
#6250=ORIENTED_EDGE('',*,*,#5039,.F.);
#6251=ORIENTED_EDGE('',*,*,#5040,.F.);
#6252=ORIENTED_EDGE('',*,*,#5041,.F.);
#6253=ORIENTED_EDGE('',*,*,#5042,.T.);
#6254=ORIENTED_EDGE('',*,*,#4770,.F.);
#6255=ORIENTED_EDGE('',*,*,#4819,.T.);
#6256=ORIENTED_EDGE('',*,*,#5043,.T.);
#6257=ORIENTED_EDGE('',*,*,#5044,.T.);
#6258=ORIENTED_EDGE('',*,*,#5045,.T.);
#6259=ORIENTED_EDGE('',*,*,#5046,.T.);
#6260=ORIENTED_EDGE('',*,*,#5047,.T.);
#6261=ORIENTED_EDGE('',*,*,#5048,.T.);
#6262=ORIENTED_EDGE('',*,*,#5049,.T.);
#6263=ORIENTED_EDGE('',*,*,#5050,.T.);
#6264=ORIENTED_EDGE('',*,*,#5051,.T.);
#6265=ORIENTED_EDGE('',*,*,#5052,.F.);
#6266=ORIENTED_EDGE('',*,*,#5053,.T.);
#6267=ORIENTED_EDGE('',*,*,#5054,.T.);
#6268=ORIENTED_EDGE('',*,*,#5055,.F.);
#6269=ORIENTED_EDGE('',*,*,#5056,.F.);
#6270=ORIENTED_EDGE('',*,*,#5057,.T.);
#6271=ORIENTED_EDGE('',*,*,#5058,.F.);
#6272=ORIENTED_EDGE('',*,*,#5059,.F.);
#6273=ORIENTED_EDGE('',*,*,#5060,.T.);
#6274=ORIENTED_EDGE('',*,*,#5061,.F.);
#6275=ORIENTED_EDGE('',*,*,#5062,.F.);
#6276=ORIENTED_EDGE('',*,*,#5063,.T.);
#6277=ORIENTED_EDGE('',*,*,#5064,.F.);
#6278=ORIENTED_EDGE('',*,*,#5065,.T.);
#6279=ORIENTED_EDGE('',*,*,#5066,.T.);
#6280=ORIENTED_EDGE('',*,*,#5067,.T.);
#6281=ORIENTED_EDGE('',*,*,#5068,.T.);
#6282=ORIENTED_EDGE('',*,*,#5069,.F.);
#6283=ORIENTED_EDGE('',*,*,#5070,.T.);
#6284=ORIENTED_EDGE('',*,*,#5071,.T.);
#6285=ORIENTED_EDGE('',*,*,#5072,.T.);
#6286=ORIENTED_EDGE('',*,*,#5073,.T.);
#6287=ORIENTED_EDGE('',*,*,#5074,.T.);
#6288=ORIENTED_EDGE('',*,*,#5075,.T.);
#6289=ORIENTED_EDGE('',*,*,#5076,.F.);
#6290=ORIENTED_EDGE('',*,*,#5077,.F.);
#6291=ORIENTED_EDGE('',*,*,#5078,.T.);
#6292=ORIENTED_EDGE('',*,*,#5079,.F.);
#6293=ORIENTED_EDGE('',*,*,#5080,.F.);
#6294=ORIENTED_EDGE('',*,*,#5081,.F.);
#6295=ORIENTED_EDGE('',*,*,#5082,.F.);
#6296=ORIENTED_EDGE('',*,*,#5083,.T.);
#6297=ORIENTED_EDGE('',*,*,#5084,.T.);
#6298=ORIENTED_EDGE('',*,*,#5085,.F.);
#6299=ORIENTED_EDGE('',*,*,#5086,.T.);
#6300=ORIENTED_EDGE('',*,*,#5087,.T.);
#6301=ORIENTED_EDGE('',*,*,#4773,.T.);
#6302=ORIENTED_EDGE('',*,*,#4765,.T.);
#6303=ORIENTED_EDGE('',*,*,#5088,.T.);
#6304=ORIENTED_EDGE('',*,*,#4827,.F.);
#6305=ORIENTED_EDGE('',*,*,#4771,.T.);
#6306=ORIENTED_EDGE('',*,*,#5042,.F.);
#6307=ORIENTED_EDGE('',*,*,#5089,.T.);
#6308=ORIENTED_EDGE('',*,*,#4763,.F.);
#6309=ORIENTED_EDGE('',*,*,#5041,.T.);
#6310=ORIENTED_EDGE('',*,*,#5090,.T.);
#6311=ORIENTED_EDGE('',*,*,#5089,.F.);
#6312=ORIENTED_EDGE('',*,*,#4828,.F.);
#6313=ORIENTED_EDGE('',*,*,#5088,.F.);
#6314=ORIENTED_EDGE('',*,*,#5091,.T.);
#6315=ORIENTED_EDGE('',*,*,#4801,.T.);
#6316=ORIENTED_EDGE('',*,*,#4776,.T.);
#6317=ORIENTED_EDGE('',*,*,#4822,.T.);
#6318=ORIENTED_EDGE('',*,*,#5092,.T.);
#6319=ORIENTED_EDGE('',*,*,#4817,.F.);
#6320=ORIENTED_EDGE('',*,*,#4768,.T.);
#6321=ORIENTED_EDGE('',*,*,#4805,.F.);
#6322=ORIENTED_EDGE('',*,*,#4777,.T.);
#6323=ORIENTED_EDGE('',*,*,#5093,.T.);
#6324=ORIENTED_EDGE('',*,*,#4914,.F.);
#6325=ORIENTED_EDGE('',*,*,#5094,.F.);
#6326=ORIENTED_EDGE('',*,*,#5084,.F.);
#6327=ORIENTED_EDGE('',*,*,#5095,.T.);
#6328=ORIENTED_EDGE('',*,*,#5093,.F.);
#6329=ORIENTED_EDGE('',*,*,#5096,.F.);
#6330=ORIENTED_EDGE('',*,*,#5097,.T.);
#6331=ORIENTED_EDGE('',*,*,#5098,.F.);
#6332=ORIENTED_EDGE('',*,*,#5099,.T.);
#6333=ORIENTED_EDGE('',*,*,#5100,.T.);
#6334=ORIENTED_EDGE('',*,*,#5097,.F.);
#6335=ORIENTED_EDGE('',*,*,#5101,.F.);
#6336=ORIENTED_EDGE('',*,*,#5079,.T.);
#6337=ORIENTED_EDGE('',*,*,#5102,.T.);
#6338=ORIENTED_EDGE('',*,*,#5102,.F.);
#6339=ORIENTED_EDGE('',*,*,#5103,.T.);
#6340=ORIENTED_EDGE('',*,*,#4896,.F.);
#6341=ORIENTED_EDGE('',*,*,#5103,.F.);
#6342=ORIENTED_EDGE('',*,*,#5104,.T.);
#6343=ORIENTED_EDGE('',*,*,#4897,.T.);
#6344=ORIENTED_EDGE('',*,*,#5104,.F.);
#6345=ORIENTED_EDGE('',*,*,#5105,.T.);
#6346=ORIENTED_EDGE('',*,*,#4898,.F.);
#6347=ORIENTED_EDGE('',*,*,#5106,.T.);
#6348=ORIENTED_EDGE('',*,*,#5105,.F.);
#6349=ORIENTED_EDGE('',*,*,#5078,.F.);
#6350=ORIENTED_EDGE('',*,*,#5106,.F.);
#6351=ORIENTED_EDGE('',*,*,#5077,.T.);
#6352=ORIENTED_EDGE('',*,*,#5107,.T.);
#6353=ORIENTED_EDGE('',*,*,#5108,.F.);
#6354=ORIENTED_EDGE('',*,*,#5109,.T.);
#6355=ORIENTED_EDGE('',*,*,#4900,.T.);
#6356=ORIENTED_EDGE('',*,*,#5110,.T.);
#6357=ORIENTED_EDGE('',*,*,#5111,.F.);
#6358=ORIENTED_EDGE('',*,*,#5075,.F.);
#6359=ORIENTED_EDGE('',*,*,#5110,.F.);
#6360=ORIENTED_EDGE('',*,*,#5112,.T.);
#6361=ORIENTED_EDGE('',*,*,#4902,.T.);
#6362=ORIENTED_EDGE('',*,*,#5111,.T.);
#6363=ORIENTED_EDGE('',*,*,#4901,.T.);
#6364=ORIENTED_EDGE('',*,*,#5109,.F.);
#6365=ORIENTED_EDGE('',*,*,#5113,.T.);
#6366=ORIENTED_EDGE('',*,*,#5112,.F.);
#6367=ORIENTED_EDGE('',*,*,#5074,.F.);
#6368=ORIENTED_EDGE('',*,*,#5114,.F.);
#6369=ORIENTED_EDGE('',*,*,#5073,.F.);
#6370=ORIENTED_EDGE('',*,*,#5115,.T.);
#6371=ORIENTED_EDGE('',*,*,#5116,.T.);
#6372=ORIENTED_EDGE('',*,*,#4904,.T.);
#6373=ORIENTED_EDGE('',*,*,#5115,.F.);
#6374=ORIENTED_EDGE('',*,*,#5080,.T.);
#6375=ORIENTED_EDGE('',*,*,#5117,.T.);
#6376=ORIENTED_EDGE('',*,*,#5118,.F.);
#6377=ORIENTED_EDGE('',*,*,#5119,.F.);
#6378=ORIENTED_EDGE('',*,*,#5120,.T.);
#6379=ORIENTED_EDGE('',*,*,#4913,.T.);
#6380=ORIENTED_EDGE('',*,*,#5086,.F.);
#6381=ORIENTED_EDGE('',*,*,#5121,.T.);
#6382=ORIENTED_EDGE('',*,*,#5120,.F.);
#6383=ORIENTED_EDGE('',*,*,#5085,.T.);
#6384=ORIENTED_EDGE('',*,*,#5094,.T.);
#6385=ORIENTED_EDGE('',*,*,#5121,.F.);
#6386=ORIENTED_EDGE('',*,*,#5122,.F.);
#6387=ORIENTED_EDGE('',*,*,#5123,.F.);
#6388=ORIENTED_EDGE('',*,*,#5124,.T.);
#6389=ORIENTED_EDGE('',*,*,#5125,.F.);
#6390=ORIENTED_EDGE('',*,*,#5126,.T.);
#6391=ORIENTED_EDGE('',*,*,#5127,.T.);
#6392=ORIENTED_EDGE('',*,*,#5128,.F.);
#6393=ORIENTED_EDGE('',*,*,#5129,.F.);
#6394=ORIENTED_EDGE('',*,*,#5125,.T.);
#6395=ORIENTED_EDGE('',*,*,#5130,.T.);
#6396=ORIENTED_EDGE('',*,*,#5129,.T.);
#6397=ORIENTED_EDGE('',*,*,#5131,.F.);
#6398=ORIENTED_EDGE('',*,*,#5132,.T.);
#6399=ORIENTED_EDGE('',*,*,#5133,.F.);
#6400=ORIENTED_EDGE('',*,*,#5134,.T.);
#6401=ORIENTED_EDGE('',*,*,#5135,.T.);
#6402=ORIENTED_EDGE('',*,*,#5136,.F.);
#6403=ORIENTED_EDGE('',*,*,#5137,.T.);
#6404=ORIENTED_EDGE('',*,*,#5138,.F.);
#6405=ORIENTED_EDGE('',*,*,#5136,.T.);
#6406=ORIENTED_EDGE('',*,*,#5139,.F.);
#6407=ORIENTED_EDGE('',*,*,#5138,.T.);
#6408=ORIENTED_EDGE('',*,*,#5140,.F.);
#6409=ORIENTED_EDGE('',*,*,#5141,.F.);
#6410=ORIENTED_EDGE('',*,*,#5142,.F.);
#6411=ORIENTED_EDGE('',*,*,#5140,.T.);
#6412=ORIENTED_EDGE('',*,*,#5143,.F.);
#6413=ORIENTED_EDGE('',*,*,#5144,.F.);
#6414=ORIENTED_EDGE('',*,*,#5072,.F.);
#6415=ORIENTED_EDGE('',*,*,#5145,.T.);
#6416=ORIENTED_EDGE('',*,*,#5146,.T.);
#6417=ORIENTED_EDGE('',*,*,#5147,.F.);
#6418=ORIENTED_EDGE('',*,*,#5071,.F.);
#6419=ORIENTED_EDGE('',*,*,#5145,.F.);
#6420=ORIENTED_EDGE('',*,*,#5147,.T.);
#6421=ORIENTED_EDGE('',*,*,#4906,.T.);
#6422=ORIENTED_EDGE('',*,*,#5146,.F.);
#6423=ORIENTED_EDGE('',*,*,#5070,.F.);
#6424=ORIENTED_EDGE('',*,*,#5148,.T.);
#6425=ORIENTED_EDGE('',*,*,#5149,.T.);
#6426=ORIENTED_EDGE('',*,*,#5150,.F.);
#6427=ORIENTED_EDGE('',*,*,#5067,.F.);
#6428=ORIENTED_EDGE('',*,*,#5151,.T.);
#6429=ORIENTED_EDGE('',*,*,#4911,.T.);
#6430=ORIENTED_EDGE('',*,*,#5152,.F.);
#6431=ORIENTED_EDGE('',*,*,#5153,.T.);
#6432=ORIENTED_EDGE('',*,*,#4912,.T.);
#6433=ORIENTED_EDGE('',*,*,#5151,.F.);
#6434=ORIENTED_EDGE('',*,*,#5087,.F.);
#6435=ORIENTED_EDGE('',*,*,#5119,.T.);
#6436=ORIENTED_EDGE('',*,*,#5153,.F.);
#6437=ORIENTED_EDGE('',*,*,#5154,.T.);
#6438=ORIENTED_EDGE('',*,*,#5155,.F.);
#6439=ORIENTED_EDGE('',*,*,#5156,.F.);
#6440=ORIENTED_EDGE('',*,*,#5157,.F.);
#6441=ORIENTED_EDGE('',*,*,#5158,.F.);
#6442=ORIENTED_EDGE('',*,*,#5159,.T.);
#6443=ORIENTED_EDGE('',*,*,#5160,.T.);
#6444=ORIENTED_EDGE('',*,*,#5161,.T.);
#6445=ORIENTED_EDGE('',*,*,#5162,.F.);
#6446=ORIENTED_EDGE('',*,*,#5163,.F.);
#6447=ORIENTED_EDGE('',*,*,#5162,.T.);
#6448=ORIENTED_EDGE('',*,*,#4812,.T.);
#6449=ORIENTED_EDGE('',*,*,#5164,.F.);
#6450=ORIENTED_EDGE('',*,*,#5165,.F.);
#6451=ORIENTED_EDGE('',*,*,#5166,.F.);
#6452=ORIENTED_EDGE('',*,*,#5163,.T.);
#6453=ORIENTED_EDGE('',*,*,#5167,.T.);
#6454=ORIENTED_EDGE('',*,*,#5124,.F.);
#6455=ORIENTED_EDGE('',*,*,#5168,.T.);
#6456=ORIENTED_EDGE('',*,*,#5169,.T.);
#6457=ORIENTED_EDGE('',*,*,#5170,.F.);
#6458=ORIENTED_EDGE('',*,*,#5100,.F.);
#6459=ORIENTED_EDGE('',*,*,#5142,.T.);
#6460=ORIENTED_EDGE('',*,*,#5171,.F.);
#6461=ORIENTED_EDGE('',*,*,#5172,.F.);
#6462=ORIENTED_EDGE('',*,*,#5171,.T.);
#6463=ORIENTED_EDGE('',*,*,#5173,.T.);
#6464=ORIENTED_EDGE('',*,*,#5174,.F.);
#6465=ORIENTED_EDGE('',*,*,#5174,.T.);
#6466=ORIENTED_EDGE('',*,*,#5175,.F.);
#6467=ORIENTED_EDGE('',*,*,#5176,.T.);
#6468=ORIENTED_EDGE('',*,*,#5177,.F.);
#6469=ORIENTED_EDGE('',*,*,#5175,.T.);
#6470=ORIENTED_EDGE('',*,*,#5178,.T.);
#6471=ORIENTED_EDGE('',*,*,#5179,.F.);
#6472=ORIENTED_EDGE('',*,*,#5180,.T.);
#6473=ORIENTED_EDGE('',*,*,#5177,.T.);
#6474=ORIENTED_EDGE('',*,*,#5181,.F.);
#6475=ORIENTED_EDGE('',*,*,#5182,.T.);
#6476=ORIENTED_EDGE('',*,*,#5179,.T.);
#6477=ORIENTED_EDGE('',*,*,#5183,.F.);
#6478=ORIENTED_EDGE('',*,*,#5181,.T.);
#6479=ORIENTED_EDGE('',*,*,#5184,.F.);
#6480=ORIENTED_EDGE('',*,*,#5185,.T.);
#6481=ORIENTED_EDGE('',*,*,#5183,.T.);
#6482=ORIENTED_EDGE('',*,*,#5186,.F.);
#6483=ORIENTED_EDGE('',*,*,#5187,.T.);
#6484=ORIENTED_EDGE('',*,*,#5186,.T.);
#6485=ORIENTED_EDGE('',*,*,#5188,.F.);
#6486=ORIENTED_EDGE('',*,*,#5144,.T.);
#6487=ORIENTED_EDGE('',*,*,#4905,.T.);
#6488=ORIENTED_EDGE('',*,*,#5116,.F.);
#6489=ORIENTED_EDGE('',*,*,#4895,.F.);
#6490=ORIENTED_EDGE('',*,*,#5117,.F.);
#6491=ORIENTED_EDGE('',*,*,#5101,.T.);
#6492=ORIENTED_EDGE('',*,*,#5189,.T.);
#6493=ORIENTED_EDGE('',*,*,#4915,.F.);
#6494=ORIENTED_EDGE('',*,*,#5095,.F.);
#6495=ORIENTED_EDGE('',*,*,#5190,.F.);
#6496=ORIENTED_EDGE('',*,*,#5082,.T.);
#6497=ORIENTED_EDGE('',*,*,#5191,.T.);
#6498=ORIENTED_EDGE('',*,*,#4903,.T.);
#6499=ORIENTED_EDGE('',*,*,#5113,.F.);
#6500=ORIENTED_EDGE('',*,*,#5114,.T.);
#6501=ORIENTED_EDGE('',*,*,#5192,.F.);
#6502=ORIENTED_EDGE('',*,*,#5081,.T.);
#6503=ORIENTED_EDGE('',*,*,#5118,.T.);
#6504=ORIENTED_EDGE('',*,*,#5189,.F.);
#6505=ORIENTED_EDGE('',*,*,#5193,.T.);
#6506=ORIENTED_EDGE('',*,*,#5194,.F.);
#6507=ORIENTED_EDGE('',*,*,#5195,.T.);
#6508=ORIENTED_EDGE('',*,*,#5191,.F.);
#6509=ORIENTED_EDGE('',*,*,#5192,.T.);
#6510=ORIENTED_EDGE('',*,*,#5132,.F.);
#6511=ORIENTED_EDGE('',*,*,#5131,.T.);
#6512=ORIENTED_EDGE('',*,*,#5196,.F.);
#6513=ORIENTED_EDGE('',*,*,#5197,.F.);
#6514=ORIENTED_EDGE('',*,*,#5069,.T.);
#6515=ORIENTED_EDGE('',*,*,#5198,.T.);
#6516=ORIENTED_EDGE('',*,*,#5199,.T.);
#6517=ORIENTED_EDGE('',*,*,#5198,.F.);
#6518=ORIENTED_EDGE('',*,*,#5068,.F.);
#6519=ORIENTED_EDGE('',*,*,#5200,.F.);
#6520=ORIENTED_EDGE('',*,*,#4909,.T.);
#6521=ORIENTED_EDGE('',*,*,#5201,.T.);
#6522=ORIENTED_EDGE('',*,*,#5202,.T.);
#6523=ORIENTED_EDGE('',*,*,#5201,.F.);
#6524=ORIENTED_EDGE('',*,*,#5203,.F.);
#6525=ORIENTED_EDGE('',*,*,#5150,.T.);
#6526=ORIENTED_EDGE('',*,*,#5200,.T.);
#6527=ORIENTED_EDGE('',*,*,#5202,.F.);
#6528=ORIENTED_EDGE('',*,*,#5204,.T.);
#6529=ORIENTED_EDGE('',*,*,#4910,.T.);
#6530=ORIENTED_EDGE('',*,*,#5149,.F.);
#6531=ORIENTED_EDGE('',*,*,#5065,.F.);
#6532=ORIENTED_EDGE('',*,*,#5152,.T.);
#6533=ORIENTED_EDGE('',*,*,#5205,.F.);
#6534=ORIENTED_EDGE('',*,*,#5206,.F.);
#6535=ORIENTED_EDGE('',*,*,#5207,.T.);
#6536=ORIENTED_EDGE('',*,*,#5155,.T.);
#6537=ORIENTED_EDGE('',*,*,#5208,.T.);
#6538=ORIENTED_EDGE('',*,*,#5209,.F.);
#6539=ORIENTED_EDGE('',*,*,#5210,.T.);
#6540=ORIENTED_EDGE('',*,*,#5209,.T.);
#6541=ORIENTED_EDGE('',*,*,#5159,.F.);
#6542=ORIENTED_EDGE('',*,*,#5211,.T.);
#6543=ORIENTED_EDGE('',*,*,#5161,.F.);
#6544=ORIENTED_EDGE('',*,*,#5158,.T.);
#6545=ORIENTED_EDGE('',*,*,#4813,.F.);
#6546=ORIENTED_EDGE('',*,*,#5212,.F.);
#6547=ORIENTED_EDGE('',*,*,#5165,.T.);
#6548=ORIENTED_EDGE('',*,*,#5168,.F.);
#6549=ORIENTED_EDGE('',*,*,#5107,.F.);
#6550=ORIENTED_EDGE('',*,*,#5213,.T.);
#6551=ORIENTED_EDGE('',*,*,#4899,.F.);
#6552=ORIENTED_EDGE('',*,*,#5076,.T.);
#6553=ORIENTED_EDGE('',*,*,#5108,.T.);
#6554=ORIENTED_EDGE('',*,*,#5213,.F.);
#6555=ORIENTED_EDGE('',*,*,#5214,.T.);
#6556=ORIENTED_EDGE('',*,*,#5215,.F.);
#6557=ORIENTED_EDGE('',*,*,#5216,.F.);
#6558=ORIENTED_EDGE('',*,*,#4997,.T.);
#6559=ORIENTED_EDGE('',*,*,#5217,.T.);
#6560=ORIENTED_EDGE('',*,*,#5214,.F.);
#6561=ORIENTED_EDGE('',*,*,#4996,.F.);
#6562=ORIENTED_EDGE('',*,*,#5218,.T.);
#6563=ORIENTED_EDGE('',*,*,#5219,.F.);
#6564=ORIENTED_EDGE('',*,*,#5220,.T.);
#6565=ORIENTED_EDGE('',*,*,#5221,.T.);
#6566=ORIENTED_EDGE('',*,*,#5218,.F.);
#6567=ORIENTED_EDGE('',*,*,#5222,.F.);
#6568=ORIENTED_EDGE('',*,*,#5215,.T.);
#6569=ORIENTED_EDGE('',*,*,#5223,.F.);
#6570=ORIENTED_EDGE('',*,*,#5219,.T.);
#6571=ORIENTED_EDGE('',*,*,#5224,.T.);
#6572=ORIENTED_EDGE('',*,*,#5217,.F.);
#6573=ORIENTED_EDGE('',*,*,#5224,.F.);
#6574=ORIENTED_EDGE('',*,*,#5225,.F.);
#6575=ORIENTED_EDGE('',*,*,#5223,.T.);
#6576=ORIENTED_EDGE('',*,*,#5226,.T.);
#6577=ORIENTED_EDGE('',*,*,#5227,.F.);
#6578=ORIENTED_EDGE('',*,*,#5228,.F.);
#6579=ORIENTED_EDGE('',*,*,#4995,.F.);
#6580=ORIENTED_EDGE('',*,*,#5228,.T.);
#6581=ORIENTED_EDGE('',*,*,#5220,.F.);
#6582=ORIENTED_EDGE('',*,*,#5229,.T.);
#6583=ORIENTED_EDGE('',*,*,#5230,.T.);
#6584=ORIENTED_EDGE('',*,*,#5231,.F.);
#6585=ORIENTED_EDGE('',*,*,#4994,.F.);
#6586=ORIENTED_EDGE('',*,*,#5231,.T.);
#6587=ORIENTED_EDGE('',*,*,#5226,.F.);
#6588=ORIENTED_EDGE('',*,*,#5229,.F.);
#6589=ORIENTED_EDGE('',*,*,#4993,.T.);
#6590=ORIENTED_EDGE('',*,*,#5232,.T.);
#6591=ORIENTED_EDGE('',*,*,#5233,.T.);
#6592=ORIENTED_EDGE('',*,*,#5234,.T.);
#6593=ORIENTED_EDGE('',*,*,#5232,.F.);
#6594=ORIENTED_EDGE('',*,*,#4826,.T.);
#6595=ORIENTED_EDGE('',*,*,#5235,.F.);
#6596=ORIENTED_EDGE('',*,*,#5236,.F.);
#6597=ORIENTED_EDGE('',*,*,#5233,.F.);
#6598=ORIENTED_EDGE('',*,*,#4992,.F.);
#6599=ORIENTED_EDGE('',*,*,#5237,.T.);
#6600=ORIENTED_EDGE('',*,*,#5238,.T.);
#6601=ORIENTED_EDGE('',*,*,#5239,.T.);
#6602=ORIENTED_EDGE('',*,*,#5237,.F.);
#6603=ORIENTED_EDGE('',*,*,#5133,.T.);
#6604=ORIENTED_EDGE('',*,*,#5240,.T.);
#6605=ORIENTED_EDGE('',*,*,#5135,.F.);
#6606=ORIENTED_EDGE('',*,*,#5066,.F.);
#6607=ORIENTED_EDGE('',*,*,#5205,.T.);
#6608=ORIENTED_EDGE('',*,*,#5204,.F.);
#6609=ORIENTED_EDGE('',*,*,#5156,.T.);
#6610=ORIENTED_EDGE('',*,*,#5241,.F.);
#6611=ORIENTED_EDGE('',*,*,#5208,.F.);
#6612=ORIENTED_EDGE('',*,*,#5242,.T.);
#6613=ORIENTED_EDGE('',*,*,#5243,.F.);
#6614=ORIENTED_EDGE('',*,*,#5244,.T.);
#6615=ORIENTED_EDGE('',*,*,#4964,.T.);
#6616=ORIENTED_EDGE('',*,*,#5245,.T.);
#6617=ORIENTED_EDGE('',*,*,#5246,.F.);
#6618=ORIENTED_EDGE('',*,*,#5243,.T.);
#6619=ORIENTED_EDGE('',*,*,#5247,.T.);
#6620=ORIENTED_EDGE('',*,*,#5245,.F.);
#6621=ORIENTED_EDGE('',*,*,#4965,.T.);
#6622=ORIENTED_EDGE('',*,*,#5246,.T.);
#6623=ORIENTED_EDGE('',*,*,#5248,.F.);
#6624=ORIENTED_EDGE('',*,*,#5248,.T.);
#6625=ORIENTED_EDGE('',*,*,#5154,.F.);
#6626=ORIENTED_EDGE('',*,*,#5249,.F.);
#6627=ORIENTED_EDGE('',*,*,#5250,.T.);
#6628=ORIENTED_EDGE('',*,*,#5251,.F.);
#6629=ORIENTED_EDGE('',*,*,#5252,.F.);
#6630=ORIENTED_EDGE('',*,*,#5253,.F.);
#6631=ORIENTED_EDGE('',*,*,#5254,.T.);
#6632=ORIENTED_EDGE('',*,*,#5247,.F.);
#6633=ORIENTED_EDGE('',*,*,#5206,.T.);
#6634=ORIENTED_EDGE('',*,*,#5254,.F.);
#6635=ORIENTED_EDGE('',*,*,#5255,.F.);
#6636=ORIENTED_EDGE('',*,*,#5169,.F.);
#6637=ORIENTED_EDGE('',*,*,#5256,.F.);
#6638=ORIENTED_EDGE('',*,*,#5257,.T.);
#6639=ORIENTED_EDGE('',*,*,#5143,.T.);
#6640=ORIENTED_EDGE('',*,*,#5258,.F.);
#6641=ORIENTED_EDGE('',*,*,#5259,.T.);
#6642=ORIENTED_EDGE('',*,*,#4892,.F.);
#6643=ORIENTED_EDGE('',*,*,#5260,.T.);
#6644=ORIENTED_EDGE('',*,*,#5261,.F.);
#6645=ORIENTED_EDGE('',*,*,#5178,.F.);
#6646=ORIENTED_EDGE('',*,*,#5260,.F.);
#6647=ORIENTED_EDGE('',*,*,#5262,.T.);
#6648=ORIENTED_EDGE('',*,*,#5262,.F.);
#6649=ORIENTED_EDGE('',*,*,#4891,.T.);
#6650=ORIENTED_EDGE('',*,*,#5263,.T.);
#6651=ORIENTED_EDGE('',*,*,#5184,.T.);
#6652=ORIENTED_EDGE('',*,*,#5263,.F.);
#6653=ORIENTED_EDGE('',*,*,#5264,.T.);
#6654=ORIENTED_EDGE('',*,*,#5264,.F.);
#6655=ORIENTED_EDGE('',*,*,#4890,.F.);
#6656=ORIENTED_EDGE('',*,*,#5265,.T.);
#6657=ORIENTED_EDGE('',*,*,#5188,.T.);
#6658=ORIENTED_EDGE('',*,*,#5265,.F.);
#6659=ORIENTED_EDGE('',*,*,#5266,.F.);
#6660=ORIENTED_EDGE('',*,*,#5266,.T.);
#6661=ORIENTED_EDGE('',*,*,#4889,.F.);
#6662=ORIENTED_EDGE('',*,*,#5267,.F.);
#6663=ORIENTED_EDGE('',*,*,#5257,.F.);
#6664=ORIENTED_EDGE('',*,*,#5267,.T.);
#6665=ORIENTED_EDGE('',*,*,#5268,.T.);
#6666=ORIENTED_EDGE('',*,*,#5269,.T.);
#6667=ORIENTED_EDGE('',*,*,#4888,.T.);
#6668=ORIENTED_EDGE('',*,*,#5270,.F.);
#6669=ORIENTED_EDGE('',*,*,#5269,.F.);
#6670=ORIENTED_EDGE('',*,*,#5170,.T.);
#6671=ORIENTED_EDGE('',*,*,#5268,.F.);
#6672=ORIENTED_EDGE('',*,*,#5193,.F.);
#6673=ORIENTED_EDGE('',*,*,#5083,.F.);
#6674=ORIENTED_EDGE('',*,*,#5190,.T.);
#6675=ORIENTED_EDGE('',*,*,#5127,.F.);
#6676=ORIENTED_EDGE('',*,*,#5122,.T.);
#6677=ORIENTED_EDGE('',*,*,#5271,.F.);
#6678=ORIENTED_EDGE('',*,*,#5272,.T.);
#6679=ORIENTED_EDGE('',*,*,#5270,.T.);
#6680=ORIENTED_EDGE('',*,*,#4887,.F.);
#6681=ORIENTED_EDGE('',*,*,#5273,.T.);
#6682=ORIENTED_EDGE('',*,*,#5272,.F.);
#6683=ORIENTED_EDGE('',*,*,#5274,.T.);
#6684=ORIENTED_EDGE('',*,*,#5167,.F.);
#6685=ORIENTED_EDGE('',*,*,#5275,.F.);
#6686=ORIENTED_EDGE('',*,*,#5276,.T.);
#6687=ORIENTED_EDGE('',*,*,#5276,.F.);
#6688=ORIENTED_EDGE('',*,*,#4920,.T.);
#6689=ORIENTED_EDGE('',*,*,#5277,.T.);
#6690=ORIENTED_EDGE('',*,*,#5271,.T.);
#6691=ORIENTED_EDGE('',*,*,#5278,.F.);
#6692=ORIENTED_EDGE('',*,*,#5279,.T.);
#6693=ORIENTED_EDGE('',*,*,#5277,.F.);
#6694=ORIENTED_EDGE('',*,*,#4919,.T.);
#6695=ORIENTED_EDGE('',*,*,#5278,.T.);
#6696=ORIENTED_EDGE('',*,*,#5279,.F.);
#6697=ORIENTED_EDGE('',*,*,#4918,.T.);
#6698=ORIENTED_EDGE('',*,*,#5280,.T.);
#6699=ORIENTED_EDGE('',*,*,#5128,.T.);
#6700=ORIENTED_EDGE('',*,*,#5280,.F.);
#6701=ORIENTED_EDGE('',*,*,#5281,.T.);
#6702=ORIENTED_EDGE('',*,*,#5281,.F.);
#6703=ORIENTED_EDGE('',*,*,#4917,.T.);
#6704=ORIENTED_EDGE('',*,*,#5282,.T.);
#6705=ORIENTED_EDGE('',*,*,#5196,.T.);
#6706=ORIENTED_EDGE('',*,*,#5282,.F.);
#6707=ORIENTED_EDGE('',*,*,#5283,.T.);
#6708=ORIENTED_EDGE('',*,*,#5240,.F.);
#6709=ORIENTED_EDGE('',*,*,#5284,.F.);
#6710=ORIENTED_EDGE('',*,*,#5285,.T.);
#6711=ORIENTED_EDGE('',*,*,#5139,.T.);
#6712=ORIENTED_EDGE('',*,*,#5285,.F.);
#6713=ORIENTED_EDGE('',*,*,#5286,.T.);
#6714=ORIENTED_EDGE('',*,*,#5283,.F.);
#6715=ORIENTED_EDGE('',*,*,#5287,.T.);
#6716=ORIENTED_EDGE('',*,*,#5284,.T.);
#6717=ORIENTED_EDGE('',*,*,#5286,.F.);
#6718=ORIENTED_EDGE('',*,*,#5288,.F.);
#6719=ORIENTED_EDGE('',*,*,#5258,.T.);
#6720=ORIENTED_EDGE('',*,*,#5289,.T.);
#6721=ORIENTED_EDGE('',*,*,#5259,.F.);
#6722=ORIENTED_EDGE('',*,*,#4893,.T.);
#6723=ORIENTED_EDGE('',*,*,#5289,.F.);
#6724=ORIENTED_EDGE('',*,*,#5261,.T.);
#6725=ORIENTED_EDGE('',*,*,#5173,.F.);
#6726=ORIENTED_EDGE('',*,*,#5197,.T.);
#6727=ORIENTED_EDGE('',*,*,#4907,.F.);
#6728=ORIENTED_EDGE('',*,*,#5148,.F.);
#6729=ORIENTED_EDGE('',*,*,#5203,.T.);
#6730=ORIENTED_EDGE('',*,*,#4908,.T.);
#6731=ORIENTED_EDGE('',*,*,#5199,.F.);
#6732=ORIENTED_EDGE('',*,*,#5290,.T.);
#6733=ORIENTED_EDGE('',*,*,#5291,.F.);
#6734=ORIENTED_EDGE('',*,*,#4923,.F.);
#6735=ORIENTED_EDGE('',*,*,#5292,.F.);
#6736=ORIENTED_EDGE('',*,*,#5293,.F.);
#6737=ORIENTED_EDGE('',*,*,#5294,.T.);
#6738=ORIENTED_EDGE('',*,*,#5295,.T.);
#6739=ORIENTED_EDGE('',*,*,#5294,.F.);
#6740=ORIENTED_EDGE('',*,*,#5017,.F.);
#6741=ORIENTED_EDGE('',*,*,#5293,.T.);
#6742=ORIENTED_EDGE('',*,*,#5296,.F.);
#6743=ORIENTED_EDGE('',*,*,#5297,.F.);
#6744=ORIENTED_EDGE('',*,*,#5018,.T.);
#6745=ORIENTED_EDGE('',*,*,#5297,.T.);
#6746=ORIENTED_EDGE('',*,*,#5298,.F.);
#6747=ORIENTED_EDGE('',*,*,#5298,.T.);
#6748=ORIENTED_EDGE('',*,*,#5299,.F.);
#6749=ORIENTED_EDGE('',*,*,#5300,.F.);
#6750=ORIENTED_EDGE('',*,*,#5300,.T.);
#6751=ORIENTED_EDGE('',*,*,#5301,.F.);
#6752=ORIENTED_EDGE('',*,*,#5019,.F.);
#6753=ORIENTED_EDGE('',*,*,#5020,.F.);
#6754=ORIENTED_EDGE('',*,*,#5301,.T.);
#6755=ORIENTED_EDGE('',*,*,#5302,.F.);
#6756=ORIENTED_EDGE('',*,*,#5303,.F.);
#6757=ORIENTED_EDGE('',*,*,#5302,.T.);
#6758=ORIENTED_EDGE('',*,*,#5304,.T.);
#6759=ORIENTED_EDGE('',*,*,#5305,.F.);
#6760=ORIENTED_EDGE('',*,*,#5016,.F.);
#6761=ORIENTED_EDGE('',*,*,#5306,.T.);
#6762=ORIENTED_EDGE('',*,*,#5307,.T.);
#6763=ORIENTED_EDGE('',*,*,#5295,.F.);
#6764=ORIENTED_EDGE('',*,*,#5308,.T.);
#6765=ORIENTED_EDGE('',*,*,#5309,.T.);
#6766=ORIENTED_EDGE('',*,*,#5308,.F.);
#6767=ORIENTED_EDGE('',*,*,#5305,.T.);
#6768=ORIENTED_EDGE('',*,*,#5307,.F.);
#6769=ORIENTED_EDGE('',*,*,#5310,.F.);
#6770=ORIENTED_EDGE('',*,*,#5311,.T.);
#6771=ORIENTED_EDGE('',*,*,#5312,.F.);
#6772=ORIENTED_EDGE('',*,*,#5313,.F.);
#6773=ORIENTED_EDGE('',*,*,#5310,.T.);
#6774=ORIENTED_EDGE('',*,*,#5292,.T.);
#6775=ORIENTED_EDGE('',*,*,#5311,.F.);
#6776=ORIENTED_EDGE('',*,*,#5314,.T.);
#6777=ORIENTED_EDGE('',*,*,#5314,.F.);
#6778=ORIENTED_EDGE('',*,*,#5315,.F.);
#6779=ORIENTED_EDGE('',*,*,#5316,.T.);
#6780=ORIENTED_EDGE('',*,*,#5296,.T.);
#6781=ORIENTED_EDGE('',*,*,#5316,.F.);
#6782=ORIENTED_EDGE('',*,*,#5317,.T.);
#6783=ORIENTED_EDGE('',*,*,#5299,.T.);
#6784=ORIENTED_EDGE('',*,*,#5318,.F.);
#6785=ORIENTED_EDGE('',*,*,#5319,.T.);
#6786=ORIENTED_EDGE('',*,*,#5304,.F.);
#6787=ORIENTED_EDGE('',*,*,#5320,.F.);
#6788=ORIENTED_EDGE('',*,*,#5321,.T.);
#6789=ORIENTED_EDGE('',*,*,#5321,.F.);
#6790=ORIENTED_EDGE('',*,*,#5322,.T.);
#6791=ORIENTED_EDGE('',*,*,#5323,.T.);
#6792=ORIENTED_EDGE('',*,*,#5323,.F.);
#6793=ORIENTED_EDGE('',*,*,#5324,.F.);
#6794=ORIENTED_EDGE('',*,*,#5303,.T.);
#6795=ORIENTED_EDGE('',*,*,#5021,.T.);
#6796=ORIENTED_EDGE('',*,*,#5324,.T.);
#6797=ORIENTED_EDGE('',*,*,#5325,.F.);
#6798=ORIENTED_EDGE('',*,*,#5325,.T.);
#6799=ORIENTED_EDGE('',*,*,#5326,.F.);
#6800=ORIENTED_EDGE('',*,*,#5022,.T.);
#6801=ORIENTED_EDGE('',*,*,#5327,.T.);
#6802=ORIENTED_EDGE('',*,*,#5328,.F.);
#6803=ORIENTED_EDGE('',*,*,#5326,.T.);
#6804=ORIENTED_EDGE('',*,*,#5023,.T.);
#6805=ORIENTED_EDGE('',*,*,#5328,.T.);
#6806=ORIENTED_EDGE('',*,*,#5329,.F.);
#6807=ORIENTED_EDGE('',*,*,#5330,.F.);
#6808=ORIENTED_EDGE('',*,*,#5331,.F.);
#6809=ORIENTED_EDGE('',*,*,#5329,.T.);
#6810=ORIENTED_EDGE('',*,*,#5332,.F.);
#6811=ORIENTED_EDGE('',*,*,#5024,.F.);
#6812=ORIENTED_EDGE('',*,*,#5333,.T.);
#6813=ORIENTED_EDGE('',*,*,#5332,.T.);
#6814=ORIENTED_EDGE('',*,*,#5334,.F.);
#6815=ORIENTED_EDGE('',*,*,#5335,.F.);
#6816=ORIENTED_EDGE('',*,*,#5336,.F.);
#6817=ORIENTED_EDGE('',*,*,#5337,.T.);
#6818=ORIENTED_EDGE('',*,*,#5327,.F.);
#6819=ORIENTED_EDGE('',*,*,#5337,.F.);
#6820=ORIENTED_EDGE('',*,*,#5338,.F.);
#6821=ORIENTED_EDGE('',*,*,#5339,.T.);
#6822=ORIENTED_EDGE('',*,*,#5339,.F.);
#6823=ORIENTED_EDGE('',*,*,#5340,.T.);
#6824=ORIENTED_EDGE('',*,*,#5330,.T.);
#6825=ORIENTED_EDGE('',*,*,#5341,.F.);
#6826=ORIENTED_EDGE('',*,*,#5342,.F.);
#6827=ORIENTED_EDGE('',*,*,#5343,.T.);
#6828=ORIENTED_EDGE('',*,*,#5333,.F.);
#6829=ORIENTED_EDGE('',*,*,#5331,.T.);
#6830=ORIENTED_EDGE('',*,*,#5344,.F.);
#6831=ORIENTED_EDGE('',*,*,#5344,.T.);
#6832=ORIENTED_EDGE('',*,*,#5340,.F.);
#6833=ORIENTED_EDGE('',*,*,#5341,.T.);
#6834=ORIENTED_EDGE('',*,*,#5025,.T.);
#6835=ORIENTED_EDGE('',*,*,#5335,.T.);
#6836=ORIENTED_EDGE('',*,*,#5345,.F.);
#6837=ORIENTED_EDGE('',*,*,#5345,.T.);
#6838=ORIENTED_EDGE('',*,*,#5346,.F.);
#6839=ORIENTED_EDGE('',*,*,#5347,.F.);
#6840=ORIENTED_EDGE('',*,*,#5347,.T.);
#6841=ORIENTED_EDGE('',*,*,#5348,.F.);
#6842=ORIENTED_EDGE('',*,*,#5349,.F.);
#6843=ORIENTED_EDGE('',*,*,#5026,.F.);
#6844=ORIENTED_EDGE('',*,*,#5349,.T.);
#6845=ORIENTED_EDGE('',*,*,#5350,.F.);
#6846=ORIENTED_EDGE('',*,*,#5351,.F.);
#6847=ORIENTED_EDGE('',*,*,#5352,.T.);
#6848=ORIENTED_EDGE('',*,*,#5346,.T.);
#6849=ORIENTED_EDGE('',*,*,#5353,.F.);
#6850=ORIENTED_EDGE('',*,*,#5336,.T.);
#6851=ORIENTED_EDGE('',*,*,#5354,.F.);
#6852=ORIENTED_EDGE('',*,*,#5343,.F.);
#6853=ORIENTED_EDGE('',*,*,#5355,.T.);
#6854=ORIENTED_EDGE('',*,*,#5334,.T.);
#6855=ORIENTED_EDGE('',*,*,#5355,.F.);
#6856=ORIENTED_EDGE('',*,*,#5356,.F.);
#6857=ORIENTED_EDGE('',*,*,#5351,.T.);
#6858=ORIENTED_EDGE('',*,*,#5357,.T.);
#6859=ORIENTED_EDGE('',*,*,#5352,.F.);
#6860=ORIENTED_EDGE('',*,*,#5358,.F.);
#6861=ORIENTED_EDGE('',*,*,#5359,.T.);
#6862=ORIENTED_EDGE('',*,*,#5348,.T.);
#6863=ORIENTED_EDGE('',*,*,#5357,.F.);
#6864=ORIENTED_EDGE('',*,*,#5360,.F.);
#6865=ORIENTED_EDGE('',*,*,#5361,.T.);
#6866=ORIENTED_EDGE('',*,*,#5362,.F.);
#6867=ORIENTED_EDGE('',*,*,#5363,.T.);
#6868=ORIENTED_EDGE('',*,*,#5312,.T.);
#6869=ORIENTED_EDGE('',*,*,#5309,.F.);
#6870=ORIENTED_EDGE('',*,*,#5364,.T.);
#6871=ORIENTED_EDGE('',*,*,#5365,.F.);
#6872=ORIENTED_EDGE('',*,*,#5054,.F.);
#6873=ORIENTED_EDGE('',*,*,#5053,.F.);
#6874=ORIENTED_EDGE('',*,*,#5366,.T.);
#6875=ORIENTED_EDGE('',*,*,#5364,.F.);
#6876=ORIENTED_EDGE('',*,*,#5367,.T.);
#6877=ORIENTED_EDGE('',*,*,#4952,.T.);
#6878=ORIENTED_EDGE('',*,*,#5368,.F.);
#6879=ORIENTED_EDGE('',*,*,#5369,.F.);
#6880=ORIENTED_EDGE('',*,*,#5370,.T.);
#6881=ORIENTED_EDGE('',*,*,#4943,.F.);
#6882=ORIENTED_EDGE('',*,*,#5059,.T.);
#6883=ORIENTED_EDGE('',*,*,#5371,.T.);
#6884=ORIENTED_EDGE('',*,*,#5370,.F.);
#6885=ORIENTED_EDGE('',*,*,#5372,.T.);
#6886=ORIENTED_EDGE('',*,*,#5373,.F.);
#6887=ORIENTED_EDGE('',*,*,#5374,.F.);
#6888=ORIENTED_EDGE('',*,*,#5057,.F.);
#6889=ORIENTED_EDGE('',*,*,#5375,.T.);
#6890=ORIENTED_EDGE('',*,*,#5372,.F.);
#6891=ORIENTED_EDGE('',*,*,#5207,.F.);
#6892=ORIENTED_EDGE('',*,*,#5290,.F.);
#6893=ORIENTED_EDGE('',*,*,#5376,.T.);
#6894=ORIENTED_EDGE('',*,*,#5241,.T.);
#6895=ORIENTED_EDGE('',*,*,#5376,.F.);
#6896=ORIENTED_EDGE('',*,*,#5377,.T.);
#6897=ORIENTED_EDGE('',*,*,#5377,.F.);
#6898=ORIENTED_EDGE('',*,*,#4922,.F.);
#6899=ORIENTED_EDGE('',*,*,#5378,.T.);
#6900=ORIENTED_EDGE('',*,*,#5157,.T.);
#6901=ORIENTED_EDGE('',*,*,#5378,.F.);
#6902=ORIENTED_EDGE('',*,*,#4814,.T.);
#6903=ORIENTED_EDGE('',*,*,#4921,.F.);
#6904=ORIENTED_EDGE('',*,*,#5275,.T.);
#6905=ORIENTED_EDGE('',*,*,#5164,.T.);
#6906=ORIENTED_EDGE('',*,*,#4816,.T.);
#6907=ORIENTED_EDGE('',*,*,#5242,.F.);
#6908=ORIENTED_EDGE('',*,*,#5251,.T.);
#6909=ORIENTED_EDGE('',*,*,#5253,.T.);
#6910=ORIENTED_EDGE('',*,*,#5379,.F.);
#6911=ORIENTED_EDGE('',*,*,#4925,.T.);
#6912=ORIENTED_EDGE('',*,*,#5380,.F.);
#6913=ORIENTED_EDGE('',*,*,#5381,.F.);
#6914=ORIENTED_EDGE('',*,*,#4924,.F.);
#6915=ORIENTED_EDGE('',*,*,#5291,.T.);
#6916=ORIENTED_EDGE('',*,*,#5250,.F.);
#6917=ORIENTED_EDGE('',*,*,#5380,.T.);
#6918=ORIENTED_EDGE('',*,*,#5382,.T.);
#6919=ORIENTED_EDGE('',*,*,#5255,.T.);
#6920=ORIENTED_EDGE('',*,*,#5382,.F.);
#6921=ORIENTED_EDGE('',*,*,#5381,.T.);
#6922=ORIENTED_EDGE('',*,*,#5383,.T.);
#6923=ORIENTED_EDGE('',*,*,#4939,.F.);
#6924=ORIENTED_EDGE('',*,*,#5384,.F.);
#6925=ORIENTED_EDGE('',*,*,#5385,.T.);
#6926=ORIENTED_EDGE('',*,*,#4940,.T.);
#6927=ORIENTED_EDGE('',*,*,#5383,.F.);
#6928=ORIENTED_EDGE('',*,*,#5386,.F.);
#6929=ORIENTED_EDGE('',*,*,#5063,.F.);
#6930=ORIENTED_EDGE('',*,*,#5384,.T.);
#6931=ORIENTED_EDGE('',*,*,#5387,.T.);
#6932=ORIENTED_EDGE('',*,*,#5385,.F.);
#6933=ORIENTED_EDGE('',*,*,#5062,.T.);
#6934=ORIENTED_EDGE('',*,*,#5060,.F.);
#6935=ORIENTED_EDGE('',*,*,#5369,.T.);
#6936=ORIENTED_EDGE('',*,*,#5388,.F.);
#6937=ORIENTED_EDGE('',*,*,#5051,.F.);
#6938=ORIENTED_EDGE('',*,*,#5389,.T.);
#6939=ORIENTED_EDGE('',*,*,#5390,.F.);
#6940=ORIENTED_EDGE('',*,*,#4951,.F.);
#6941=ORIENTED_EDGE('',*,*,#5389,.F.);
#6942=ORIENTED_EDGE('',*,*,#5368,.T.);
#6943=ORIENTED_EDGE('',*,*,#5058,.T.);
#6944=ORIENTED_EDGE('',*,*,#5391,.T.);
#6945=ORIENTED_EDGE('',*,*,#5392,.F.);
#6946=ORIENTED_EDGE('',*,*,#5374,.T.);
#6947=ORIENTED_EDGE('',*,*,#5393,.F.);
#6948=ORIENTED_EDGE('',*,*,#5391,.F.);
#6949=ORIENTED_EDGE('',*,*,#5350,.T.);
#6950=ORIENTED_EDGE('',*,*,#5362,.T.);
#6951=ORIENTED_EDGE('',*,*,#5394,.F.);
#6952=ORIENTED_EDGE('',*,*,#5027,.F.);
#6953=ORIENTED_EDGE('',*,*,#5394,.T.);
#6954=ORIENTED_EDGE('',*,*,#5395,.F.);
#6955=ORIENTED_EDGE('',*,*,#5395,.T.);
#6956=ORIENTED_EDGE('',*,*,#5396,.F.);
#6957=ORIENTED_EDGE('',*,*,#5028,.T.);
#6958=ORIENTED_EDGE('',*,*,#5397,.F.);
#6959=ORIENTED_EDGE('',*,*,#5398,.F.);
#6960=ORIENTED_EDGE('',*,*,#5396,.T.);
#6961=ORIENTED_EDGE('',*,*,#5399,.F.);
#6962=ORIENTED_EDGE('',*,*,#5400,.T.);
#6963=ORIENTED_EDGE('',*,*,#5401,.F.);
#6964=ORIENTED_EDGE('',*,*,#5029,.T.);
#6965=ORIENTED_EDGE('',*,*,#5398,.T.);
#6966=ORIENTED_EDGE('',*,*,#5400,.F.);
#6967=ORIENTED_EDGE('',*,*,#5030,.T.);
#6968=ORIENTED_EDGE('',*,*,#5402,.T.);
#6969=ORIENTED_EDGE('',*,*,#5403,.F.);
#6970=ORIENTED_EDGE('',*,*,#5403,.T.);
#6971=ORIENTED_EDGE('',*,*,#5404,.F.);
#6972=ORIENTED_EDGE('',*,*,#5405,.F.);
#6973=ORIENTED_EDGE('',*,*,#5406,.F.);
#6974=ORIENTED_EDGE('',*,*,#5405,.T.);
#6975=ORIENTED_EDGE('',*,*,#5407,.F.);
#6976=ORIENTED_EDGE('',*,*,#5031,.T.);
#6977=ORIENTED_EDGE('',*,*,#5406,.T.);
#6978=ORIENTED_EDGE('',*,*,#5408,.F.);
#6979=ORIENTED_EDGE('',*,*,#5409,.F.);
#6980=ORIENTED_EDGE('',*,*,#5410,.T.);
#6981=ORIENTED_EDGE('',*,*,#5287,.F.);
#6982=ORIENTED_EDGE('',*,*,#5288,.T.);
#6983=ORIENTED_EDGE('',*,*,#5410,.F.);
#6984=ORIENTED_EDGE('',*,*,#5411,.F.);
#6985=ORIENTED_EDGE('',*,*,#5409,.T.);
#6986=ORIENTED_EDGE('',*,*,#4916,.F.);
#6987=ORIENTED_EDGE('',*,*,#5194,.T.);
#6988=ORIENTED_EDGE('',*,*,#4894,.T.);
#6989=ORIENTED_EDGE('',*,*,#5411,.T.);
#6990=ORIENTED_EDGE('',*,*,#5195,.F.);
#6991=ORIENTED_EDGE('',*,*,#5412,.F.);
#6992=ORIENTED_EDGE('',*,*,#5402,.F.);
#6993=ORIENTED_EDGE('',*,*,#5399,.T.);
#6994=ORIENTED_EDGE('',*,*,#5413,.F.);
#6995=ORIENTED_EDGE('',*,*,#5414,.F.);
#6996=ORIENTED_EDGE('',*,*,#5415,.T.);
#6997=ORIENTED_EDGE('',*,*,#5048,.F.);
#6998=ORIENTED_EDGE('',*,*,#5416,.T.);
#6999=ORIENTED_EDGE('',*,*,#5417,.F.);
#7000=ORIENTED_EDGE('',*,*,#5418,.T.);
#7001=ORIENTED_EDGE('',*,*,#4954,.F.);
#7002=ORIENTED_EDGE('',*,*,#5419,.F.);
#7003=ORIENTED_EDGE('',*,*,#5047,.F.);
#7004=ORIENTED_EDGE('',*,*,#5419,.T.);
#7005=ORIENTED_EDGE('',*,*,#5420,.F.);
#7006=ORIENTED_EDGE('',*,*,#5421,.T.);
#7007=ORIENTED_EDGE('',*,*,#4955,.T.);
#7008=ORIENTED_EDGE('',*,*,#5418,.F.);
#7009=ORIENTED_EDGE('',*,*,#5046,.F.);
#7010=ORIENTED_EDGE('',*,*,#5422,.T.);
#7011=ORIENTED_EDGE('',*,*,#5421,.F.);
#7012=ORIENTED_EDGE('',*,*,#5423,.F.);
#7013=ORIENTED_EDGE('',*,*,#5043,.F.);
#7014=ORIENTED_EDGE('',*,*,#5424,.T.);
#7015=ORIENTED_EDGE('',*,*,#5425,.T.);
#7016=ORIENTED_EDGE('',*,*,#4937,.T.);
#7017=ORIENTED_EDGE('',*,*,#5424,.F.);
#7018=ORIENTED_EDGE('',*,*,#4944,.T.);
#7019=ORIENTED_EDGE('',*,*,#5371,.F.);
#7020=ORIENTED_EDGE('',*,*,#5392,.T.);
#7021=ORIENTED_EDGE('',*,*,#5365,.T.);
#7022=ORIENTED_EDGE('',*,*,#4947,.T.);
#7023=ORIENTED_EDGE('',*,*,#5426,.F.);
#7024=ORIENTED_EDGE('',*,*,#5427,.F.);
#7025=ORIENTED_EDGE('',*,*,#5061,.T.);
#7026=ORIENTED_EDGE('',*,*,#5428,.T.);
#7027=ORIENTED_EDGE('',*,*,#4942,.F.);
#7028=ORIENTED_EDGE('',*,*,#5428,.F.);
#7029=ORIENTED_EDGE('',*,*,#5388,.T.);
#7030=ORIENTED_EDGE('',*,*,#4949,.F.);
#7031=ORIENTED_EDGE('',*,*,#5429,.F.);
#7032=ORIENTED_EDGE('',*,*,#5430,.T.);
#7033=ORIENTED_EDGE('',*,*,#5390,.T.);
#7034=ORIENTED_EDGE('',*,*,#4950,.F.);
#7035=ORIENTED_EDGE('',*,*,#5431,.F.);
#7036=ORIENTED_EDGE('',*,*,#5432,.F.);
#7037=ORIENTED_EDGE('',*,*,#5056,.T.);
#7038=ORIENTED_EDGE('',*,*,#5433,.T.);
#7039=ORIENTED_EDGE('',*,*,#4946,.F.);
#7040=ORIENTED_EDGE('',*,*,#5375,.F.);
#7041=ORIENTED_EDGE('',*,*,#5432,.T.);
#7042=ORIENTED_EDGE('',*,*,#5055,.T.);
#7043=ORIENTED_EDGE('',*,*,#5426,.T.);
#7044=ORIENTED_EDGE('',*,*,#5433,.F.);
#7045=ORIENTED_EDGE('',*,*,#5397,.T.);
#7046=ORIENTED_EDGE('',*,*,#5434,.F.);
#7047=ORIENTED_EDGE('',*,*,#5435,.T.);
#7048=ORIENTED_EDGE('',*,*,#5436,.T.);
#7049=ORIENTED_EDGE('',*,*,#5435,.F.);
#7050=ORIENTED_EDGE('',*,*,#5437,.F.);
#7051=ORIENTED_EDGE('',*,*,#5438,.F.);
#7052=ORIENTED_EDGE('',*,*,#5439,.T.);
#7053=ORIENTED_EDGE('',*,*,#5436,.F.);
#7054=ORIENTED_EDGE('',*,*,#5413,.T.);
#7055=ORIENTED_EDGE('',*,*,#5412,.T.);
#7056=ORIENTED_EDGE('',*,*,#5440,.F.);
#7057=ORIENTED_EDGE('',*,*,#5415,.F.);
#7058=ORIENTED_EDGE('',*,*,#5441,.F.);
#7059=ORIENTED_EDGE('',*,*,#5442,.T.);
#7060=ORIENTED_EDGE('',*,*,#5443,.T.);
#7061=ORIENTED_EDGE('',*,*,#5444,.F.);
#7062=ORIENTED_EDGE('',*,*,#5045,.F.);
#7063=ORIENTED_EDGE('',*,*,#5443,.F.);
#7064=ORIENTED_EDGE('',*,*,#5445,.T.);
#7065=ORIENTED_EDGE('',*,*,#4934,.F.);
#7066=ORIENTED_EDGE('',*,*,#5044,.F.);
#7067=ORIENTED_EDGE('',*,*,#5446,.T.);
#7068=ORIENTED_EDGE('',*,*,#5445,.F.);
#7069=ORIENTED_EDGE('',*,*,#5447,.F.);
#7070=ORIENTED_EDGE('',*,*,#5423,.T.);
#7071=ORIENTED_EDGE('',*,*,#4936,.F.);
#7072=ORIENTED_EDGE('',*,*,#5317,.F.);
#7073=ORIENTED_EDGE('',*,*,#5448,.F.);
#7074=ORIENTED_EDGE('',*,*,#5318,.T.);
#7075=ORIENTED_EDGE('',*,*,#5319,.F.);
#7076=ORIENTED_EDGE('',*,*,#5449,.F.);
#7077=ORIENTED_EDGE('',*,*,#5450,.T.);
#7078=ORIENTED_EDGE('',*,*,#5450,.F.);
#7079=ORIENTED_EDGE('',*,*,#5451,.F.);
#7080=ORIENTED_EDGE('',*,*,#5320,.T.);
#7081=ORIENTED_EDGE('',*,*,#5322,.F.);
#7082=ORIENTED_EDGE('',*,*,#5452,.F.);
#7083=ORIENTED_EDGE('',*,*,#5354,.T.);
#7084=ORIENTED_EDGE('',*,*,#5453,.F.);
#7085=ORIENTED_EDGE('',*,*,#5454,.T.);
#7086=ORIENTED_EDGE('',*,*,#5363,.F.);
#7087=ORIENTED_EDGE('',*,*,#5052,.T.);
#7088=ORIENTED_EDGE('',*,*,#5431,.T.);
#7089=ORIENTED_EDGE('',*,*,#5430,.F.);
#7090=ORIENTED_EDGE('',*,*,#5386,.T.);
#7091=ORIENTED_EDGE('',*,*,#5455,.F.);
#7092=ORIENTED_EDGE('',*,*,#5064,.T.);
#7093=ORIENTED_EDGE('',*,*,#5455,.T.);
#7094=ORIENTED_EDGE('',*,*,#4938,.T.);
#7095=ORIENTED_EDGE('',*,*,#5425,.F.);
#7096=ORIENTED_EDGE('',*,*,#5366,.F.);
#7097=ORIENTED_EDGE('',*,*,#5429,.T.);
#7098=ORIENTED_EDGE('',*,*,#4948,.F.);
#7099=ORIENTED_EDGE('',*,*,#5427,.T.);
#7100=ORIENTED_EDGE('',*,*,#4941,.T.);
#7101=ORIENTED_EDGE('',*,*,#5387,.F.);
#7102=ORIENTED_EDGE('',*,*,#5434,.T.);
#7103=ORIENTED_EDGE('',*,*,#5361,.F.);
#7104=ORIENTED_EDGE('',*,*,#5456,.F.);
#7105=ORIENTED_EDGE('',*,*,#5457,.F.);
#7106=ORIENTED_EDGE('',*,*,#5458,.T.);
#7107=ORIENTED_EDGE('',*,*,#5459,.F.);
#7108=ORIENTED_EDGE('',*,*,#5460,.T.);
#7109=ORIENTED_EDGE('',*,*,#5458,.F.);
#7110=ORIENTED_EDGE('',*,*,#5461,.F.);
#7111=ORIENTED_EDGE('',*,*,#5222,.T.);
#7112=ORIENTED_EDGE('',*,*,#5462,.T.);
#7113=ORIENTED_EDGE('',*,*,#5460,.F.);
#7114=ORIENTED_EDGE('',*,*,#5367,.F.);
#7115=ORIENTED_EDGE('',*,*,#5050,.F.);
#7116=ORIENTED_EDGE('',*,*,#5463,.T.);
#7117=ORIENTED_EDGE('',*,*,#5463,.F.);
#7118=ORIENTED_EDGE('',*,*,#5049,.F.);
#7119=ORIENTED_EDGE('',*,*,#5417,.T.);
#7120=ORIENTED_EDGE('',*,*,#5420,.T.);
#7121=ORIENTED_EDGE('',*,*,#4953,.T.);
#7122=ORIENTED_EDGE('',*,*,#5416,.F.);
#7123=ORIENTED_EDGE('',*,*,#5464,.F.);
#7124=ORIENTED_EDGE('',*,*,#5465,.T.);
#7125=ORIENTED_EDGE('',*,*,#5225,.T.);
#7126=ORIENTED_EDGE('',*,*,#5464,.T.);
#7127=ORIENTED_EDGE('',*,*,#5466,.F.);
#7128=ORIENTED_EDGE('',*,*,#5467,.T.);
#7129=ORIENTED_EDGE('',*,*,#5468,.T.);
#7130=ORIENTED_EDGE('',*,*,#5469,.T.);
#7131=ORIENTED_EDGE('',*,*,#5470,.F.);
#7132=ORIENTED_EDGE('',*,*,#5227,.T.);
#7133=ORIENTED_EDGE('',*,*,#5469,.F.);
#7134=ORIENTED_EDGE('',*,*,#5471,.T.);
#7135=ORIENTED_EDGE('',*,*,#5472,.T.);
#7136=ORIENTED_EDGE('',*,*,#5473,.T.);
#7137=ORIENTED_EDGE('',*,*,#5474,.F.);
#7138=ORIENTED_EDGE('',*,*,#5230,.F.);
#7139=ORIENTED_EDGE('',*,*,#5473,.F.);
#7140=ORIENTED_EDGE('',*,*,#5470,.T.);
#7141=ORIENTED_EDGE('',*,*,#5447,.T.);
#7142=ORIENTED_EDGE('',*,*,#4935,.T.);
#7143=ORIENTED_EDGE('',*,*,#5446,.F.);
#7144=ORIENTED_EDGE('',*,*,#5474,.T.);
#7145=ORIENTED_EDGE('',*,*,#5234,.F.);
#7146=ORIENTED_EDGE('',*,*,#5475,.F.);
#7147=ORIENTED_EDGE('',*,*,#5393,.T.);
#7148=ORIENTED_EDGE('',*,*,#5373,.T.);
#7149=ORIENTED_EDGE('',*,*,#4945,.F.);
#7150=ORIENTED_EDGE('',*,*,#5440,.T.);
#7151=ORIENTED_EDGE('',*,*,#5401,.T.);
#7152=ORIENTED_EDGE('',*,*,#5439,.F.);
#7153=ORIENTED_EDGE('',*,*,#5404,.T.);
#7154=ORIENTED_EDGE('',*,*,#5442,.F.);
#7155=ORIENTED_EDGE('',*,*,#5476,.T.);
#7156=ORIENTED_EDGE('',*,*,#5477,.T.);
#7157=ORIENTED_EDGE('',*,*,#5407,.T.);
#7158=ORIENTED_EDGE('',*,*,#5476,.F.);
#7159=ORIENTED_EDGE('',*,*,#5478,.F.);
#7160=ORIENTED_EDGE('',*,*,#5408,.T.);
#7161=ORIENTED_EDGE('',*,*,#5479,.F.);
#7162=ORIENTED_EDGE('',*,*,#5032,.T.);
#7163=ORIENTED_EDGE('',*,*,#5480,.F.);
#7164=ORIENTED_EDGE('',*,*,#5481,.F.);
#7165=ORIENTED_EDGE('',*,*,#5479,.T.);
#7166=ORIENTED_EDGE('',*,*,#5482,.T.);
#7167=ORIENTED_EDGE('',*,*,#5483,.F.);
#7168=ORIENTED_EDGE('',*,*,#5033,.T.);
#7169=ORIENTED_EDGE('',*,*,#5481,.T.);
#7170=ORIENTED_EDGE('',*,*,#5484,.F.);
#7171=ORIENTED_EDGE('',*,*,#5482,.F.);
#7172=ORIENTED_EDGE('',*,*,#5477,.F.);
#7173=ORIENTED_EDGE('',*,*,#5485,.F.);
#7174=ORIENTED_EDGE('',*,*,#5486,.T.);
#7175=ORIENTED_EDGE('',*,*,#5480,.T.);
#7176=ORIENTED_EDGE('',*,*,#5486,.F.);
#7177=ORIENTED_EDGE('',*,*,#5487,.F.);
#7178=ORIENTED_EDGE('',*,*,#5484,.T.);
#7179=ORIENTED_EDGE('',*,*,#5488,.F.);
#7180=ORIENTED_EDGE('',*,*,#4854,.T.);
#7181=ORIENTED_EDGE('',*,*,#5489,.T.);
#7182=ORIENTED_EDGE('',*,*,#5454,.F.);
#7183=ORIENTED_EDGE('',*,*,#5490,.T.);
#7184=ORIENTED_EDGE('',*,*,#5488,.T.);
#7185=ORIENTED_EDGE('',*,*,#5313,.T.);
#7186=ORIENTED_EDGE('',*,*,#5489,.F.);
#7187=ORIENTED_EDGE('',*,*,#5491,.F.);
#7188=ORIENTED_EDGE('',*,*,#5491,.T.);
#7189=ORIENTED_EDGE('',*,*,#4853,.F.);
#7190=ORIENTED_EDGE('',*,*,#5492,.T.);
#7191=ORIENTED_EDGE('',*,*,#5315,.T.);
#7192=ORIENTED_EDGE('',*,*,#5492,.F.);
#7193=ORIENTED_EDGE('',*,*,#5493,.F.);
#7194=ORIENTED_EDGE('',*,*,#5493,.T.);
#7195=ORIENTED_EDGE('',*,*,#4852,.F.);
#7196=ORIENTED_EDGE('',*,*,#5494,.T.);
#7197=ORIENTED_EDGE('',*,*,#5448,.T.);
#7198=ORIENTED_EDGE('',*,*,#5494,.F.);
#7199=ORIENTED_EDGE('',*,*,#5495,.T.);
#7200=ORIENTED_EDGE('',*,*,#5449,.T.);
#7201=ORIENTED_EDGE('',*,*,#5495,.F.);
#7202=ORIENTED_EDGE('',*,*,#5496,.F.);
#7203=ORIENTED_EDGE('',*,*,#4851,.F.);
#7204=ORIENTED_EDGE('',*,*,#5497,.T.);
#7205=ORIENTED_EDGE('',*,*,#5496,.T.);
#7206=ORIENTED_EDGE('',*,*,#5451,.T.);
#7207=ORIENTED_EDGE('',*,*,#5497,.F.);
#7208=ORIENTED_EDGE('',*,*,#5498,.F.);
#7209=ORIENTED_EDGE('',*,*,#5498,.T.);
#7210=ORIENTED_EDGE('',*,*,#4850,.F.);
#7211=ORIENTED_EDGE('',*,*,#5499,.T.);
#7212=ORIENTED_EDGE('',*,*,#5452,.T.);
#7213=ORIENTED_EDGE('',*,*,#5499,.F.);
#7214=ORIENTED_EDGE('',*,*,#5500,.F.);
#7215=ORIENTED_EDGE('',*,*,#5359,.F.);
#7216=ORIENTED_EDGE('',*,*,#5501,.F.);
#7217=ORIENTED_EDGE('',*,*,#5360,.T.);
#7218=ORIENTED_EDGE('',*,*,#5500,.T.);
#7219=ORIENTED_EDGE('',*,*,#4849,.F.);
#7220=ORIENTED_EDGE('',*,*,#5502,.T.);
#7221=ORIENTED_EDGE('',*,*,#5353,.T.);
#7222=ORIENTED_EDGE('',*,*,#5502,.F.);
#7223=ORIENTED_EDGE('',*,*,#5503,.T.);
#7224=ORIENTED_EDGE('',*,*,#5338,.T.);
#7225=ORIENTED_EDGE('',*,*,#5503,.F.);
#7226=ORIENTED_EDGE('',*,*,#5504,.F.);
#7227=ORIENTED_EDGE('',*,*,#5504,.T.);
#7228=ORIENTED_EDGE('',*,*,#4848,.F.);
#7229=ORIENTED_EDGE('',*,*,#5505,.F.);
#7230=ORIENTED_EDGE('',*,*,#5505,.T.);
#7231=ORIENTED_EDGE('',*,*,#4847,.F.);
#7232=ORIENTED_EDGE('',*,*,#5506,.T.);
#7233=ORIENTED_EDGE('',*,*,#5342,.T.);
#7234=ORIENTED_EDGE('',*,*,#5506,.F.);
#7235=ORIENTED_EDGE('',*,*,#5507,.F.);
#7236=ORIENTED_EDGE('',*,*,#5507,.T.);
#7237=ORIENTED_EDGE('',*,*,#4846,.F.);
#7238=ORIENTED_EDGE('',*,*,#5508,.T.);
#7239=ORIENTED_EDGE('',*,*,#5356,.T.);
#7240=ORIENTED_EDGE('',*,*,#5508,.F.);
#7241=ORIENTED_EDGE('',*,*,#5509,.F.);
#7242=ORIENTED_EDGE('',*,*,#5509,.T.);
#7243=ORIENTED_EDGE('',*,*,#4845,.F.);
#7244=ORIENTED_EDGE('',*,*,#5510,.T.);
#7245=ORIENTED_EDGE('',*,*,#5358,.T.);
#7246=ORIENTED_EDGE('',*,*,#5510,.F.);
#7247=ORIENTED_EDGE('',*,*,#5511,.F.);
#7248=ORIENTED_EDGE('',*,*,#5511,.T.);
#7249=ORIENTED_EDGE('',*,*,#4844,.F.);
#7250=ORIENTED_EDGE('',*,*,#5512,.T.);
#7251=ORIENTED_EDGE('',*,*,#5501,.T.);
#7252=ORIENTED_EDGE('',*,*,#5512,.F.);
#7253=ORIENTED_EDGE('',*,*,#5513,.F.);
#7254=ORIENTED_EDGE('',*,*,#4843,.F.);
#7255=ORIENTED_EDGE('',*,*,#5514,.T.);
#7256=ORIENTED_EDGE('',*,*,#5513,.T.);
#7257=ORIENTED_EDGE('',*,*,#5456,.T.);
#7258=ORIENTED_EDGE('',*,*,#5514,.F.);
#7259=ORIENTED_EDGE('',*,*,#5515,.F.);
#7260=ORIENTED_EDGE('',*,*,#5516,.F.);
#7261=ORIENTED_EDGE('',*,*,#4855,.T.);
#7262=ORIENTED_EDGE('',*,*,#5490,.F.);
#7263=ORIENTED_EDGE('',*,*,#5444,.T.);
#7264=ORIENTED_EDGE('',*,*,#4933,.T.);
#7265=ORIENTED_EDGE('',*,*,#5422,.F.);
#7266=ORIENTED_EDGE('',*,*,#5515,.T.);
#7267=ORIENTED_EDGE('',*,*,#4842,.F.);
#7268=ORIENTED_EDGE('',*,*,#5517,.T.);
#7269=ORIENTED_EDGE('',*,*,#5437,.T.);
#7270=ORIENTED_EDGE('',*,*,#5517,.F.);
#7271=ORIENTED_EDGE('',*,*,#5518,.F.);
#7272=ORIENTED_EDGE('',*,*,#5518,.T.);
#7273=ORIENTED_EDGE('',*,*,#4841,.F.);
#7274=ORIENTED_EDGE('',*,*,#5519,.T.);
#7275=ORIENTED_EDGE('',*,*,#5438,.T.);
#7276=ORIENTED_EDGE('',*,*,#5519,.F.);
#7277=ORIENTED_EDGE('',*,*,#5520,.F.);
#7278=ORIENTED_EDGE('',*,*,#5520,.T.);
#7279=ORIENTED_EDGE('',*,*,#4840,.F.);
#7280=ORIENTED_EDGE('',*,*,#5521,.T.);
#7281=ORIENTED_EDGE('',*,*,#5414,.T.);
#7282=ORIENTED_EDGE('',*,*,#5521,.F.);
#7283=ORIENTED_EDGE('',*,*,#5522,.F.);
#7284=ORIENTED_EDGE('',*,*,#5522,.T.);
#7285=ORIENTED_EDGE('',*,*,#4839,.F.);
#7286=ORIENTED_EDGE('',*,*,#5523,.T.);
#7287=ORIENTED_EDGE('',*,*,#5524,.F.);
#7288=ORIENTED_EDGE('',*,*,#5441,.T.);
#7289=ORIENTED_EDGE('',*,*,#5523,.F.);
#7290=ORIENTED_EDGE('',*,*,#5525,.F.);
#7291=ORIENTED_EDGE('',*,*,#5526,.T.);
#7292=ORIENTED_EDGE('',*,*,#4838,.F.);
#7293=ORIENTED_EDGE('',*,*,#5478,.T.);
#7294=ORIENTED_EDGE('',*,*,#5524,.T.);
#7295=ORIENTED_EDGE('',*,*,#5526,.F.);
#7296=ORIENTED_EDGE('',*,*,#5527,.T.);
#7297=ORIENTED_EDGE('',*,*,#5525,.T.);
#7298=ORIENTED_EDGE('',*,*,#4837,.F.);
#7299=ORIENTED_EDGE('',*,*,#5485,.T.);
#7300=ORIENTED_EDGE('',*,*,#5527,.F.);
#7301=ORIENTED_EDGE('',*,*,#5528,.F.);
#7302=ORIENTED_EDGE('',*,*,#5529,.T.);
#7303=ORIENTED_EDGE('',*,*,#5528,.T.);
#7304=ORIENTED_EDGE('',*,*,#5530,.F.);
#7305=ORIENTED_EDGE('',*,*,#4836,.F.);
#7306=ORIENTED_EDGE('',*,*,#5531,.F.);
#7307=ORIENTED_EDGE('',*,*,#5530,.T.);
#7308=ORIENTED_EDGE('',*,*,#5015,.F.);
#7309=ORIENTED_EDGE('',*,*,#5532,.T.);
#7310=ORIENTED_EDGE('',*,*,#5306,.F.);
#7311=ORIENTED_EDGE('',*,*,#5533,.T.);
#7312=ORIENTED_EDGE('',*,*,#5534,.T.);
#7313=ORIENTED_EDGE('',*,*,#5532,.F.);
#7314=ORIENTED_EDGE('',*,*,#5014,.F.);
#7315=ORIENTED_EDGE('',*,*,#5535,.T.);
#7316=ORIENTED_EDGE('',*,*,#5533,.F.);
#7317=ORIENTED_EDGE('',*,*,#5013,.F.);
#7318=ORIENTED_EDGE('',*,*,#5536,.T.);
#7319=ORIENTED_EDGE('',*,*,#5537,.F.);
#7320=ORIENTED_EDGE('',*,*,#5538,.T.);
#7321=ORIENTED_EDGE('',*,*,#5539,.T.);
#7322=ORIENTED_EDGE('',*,*,#5536,.F.);
#7323=ORIENTED_EDGE('',*,*,#5540,.F.);
#7324=ORIENTED_EDGE('',*,*,#5012,.F.);
#7325=ORIENTED_EDGE('',*,*,#5541,.T.);
#7326=ORIENTED_EDGE('',*,*,#5542,.T.);
#7327=ORIENTED_EDGE('',*,*,#5538,.F.);
#7328=ORIENTED_EDGE('',*,*,#5540,.T.);
#7329=ORIENTED_EDGE('',*,*,#5537,.T.);
#7330=ORIENTED_EDGE('',*,*,#5543,.T.);
#7331=ORIENTED_EDGE('',*,*,#5535,.F.);
#7332=ORIENTED_EDGE('',*,*,#5544,.T.);
#7333=ORIENTED_EDGE('',*,*,#5539,.F.);
#7334=ORIENTED_EDGE('',*,*,#5545,.F.);
#7335=ORIENTED_EDGE('',*,*,#5546,.F.);
#7336=ORIENTED_EDGE('',*,*,#5547,.F.);
#7337=ORIENTED_EDGE('',*,*,#5548,.T.);
#7338=ORIENTED_EDGE('',*,*,#5547,.T.);
#7339=ORIENTED_EDGE('',*,*,#5549,.F.);
#7340=ORIENTED_EDGE('',*,*,#5011,.F.);
#7341=ORIENTED_EDGE('',*,*,#5550,.F.);
#7342=ORIENTED_EDGE('',*,*,#5541,.F.);
#7343=ORIENTED_EDGE('',*,*,#5549,.T.);
#7344=ORIENTED_EDGE('',*,*,#5010,.F.);
#7345=ORIENTED_EDGE('',*,*,#5551,.T.);
#7346=ORIENTED_EDGE('',*,*,#5548,.F.);
#7347=ORIENTED_EDGE('',*,*,#5483,.T.);
#7348=ORIENTED_EDGE('',*,*,#5552,.F.);
#7349=ORIENTED_EDGE('',*,*,#5553,.F.);
#7350=ORIENTED_EDGE('',*,*,#5034,.T.);
#7351=ORIENTED_EDGE('',*,*,#5553,.T.);
#7352=ORIENTED_EDGE('',*,*,#5554,.F.);
#7353=ORIENTED_EDGE('',*,*,#5554,.T.);
#7354=ORIENTED_EDGE('',*,*,#5555,.F.);
#7355=ORIENTED_EDGE('',*,*,#5556,.F.);
#7356=ORIENTED_EDGE('',*,*,#5035,.T.);
#7357=ORIENTED_EDGE('',*,*,#5556,.T.);
#7358=ORIENTED_EDGE('',*,*,#5557,.F.);
#7359=ORIENTED_EDGE('',*,*,#5557,.T.);
#7360=ORIENTED_EDGE('',*,*,#5558,.F.);
#7361=ORIENTED_EDGE('',*,*,#5036,.T.);
#7362=ORIENTED_EDGE('',*,*,#5559,.T.);
#7363=ORIENTED_EDGE('',*,*,#5560,.F.);
#7364=ORIENTED_EDGE('',*,*,#5558,.T.);
#7365=ORIENTED_EDGE('',*,*,#5561,.F.);
#7366=ORIENTED_EDGE('',*,*,#5562,.T.);
#7367=ORIENTED_EDGE('',*,*,#5563,.F.);
#7368=ORIENTED_EDGE('',*,*,#5560,.T.);
#7369=ORIENTED_EDGE('',*,*,#5562,.F.);
#7370=ORIENTED_EDGE('',*,*,#5037,.T.);
#7371=ORIENTED_EDGE('',*,*,#5564,.F.);
#7372=ORIENTED_EDGE('',*,*,#5565,.T.);
#7373=ORIENTED_EDGE('',*,*,#5566,.F.);
#7374=ORIENTED_EDGE('',*,*,#5567,.F.);
#7375=ORIENTED_EDGE('',*,*,#5568,.T.);
#7376=ORIENTED_EDGE('',*,*,#5555,.T.);
#7377=ORIENTED_EDGE('',*,*,#5559,.F.);
#7378=ORIENTED_EDGE('',*,*,#5569,.F.);
#7379=ORIENTED_EDGE('',*,*,#5570,.F.);
#7380=ORIENTED_EDGE('',*,*,#5571,.T.);
#7381=ORIENTED_EDGE('',*,*,#5572,.T.);
#7382=ORIENTED_EDGE('',*,*,#5563,.T.);
#7383=ORIENTED_EDGE('',*,*,#5571,.F.);
#7384=ORIENTED_EDGE('',*,*,#5573,.T.);
#7385=ORIENTED_EDGE('',*,*,#5551,.F.);
#7386=ORIENTED_EDGE('',*,*,#5574,.T.);
#7387=ORIENTED_EDGE('',*,*,#5574,.F.);
#7388=ORIENTED_EDGE('',*,*,#5009,.F.);
#7389=ORIENTED_EDGE('',*,*,#5575,.T.);
#7390=ORIENTED_EDGE('',*,*,#5561,.T.);
#7391=ORIENTED_EDGE('',*,*,#5576,.F.);
#7392=ORIENTED_EDGE('',*,*,#5577,.F.);
#7393=ORIENTED_EDGE('',*,*,#5038,.T.);
#7394=ORIENTED_EDGE('',*,*,#5577,.T.);
#7395=ORIENTED_EDGE('',*,*,#5578,.F.);
#7396=ORIENTED_EDGE('',*,*,#5579,.T.);
#7397=ORIENTED_EDGE('',*,*,#5580,.F.);
#7398=ORIENTED_EDGE('',*,*,#5581,.T.);
#7399=ORIENTED_EDGE('',*,*,#5578,.T.);
#7400=ORIENTED_EDGE('',*,*,#5581,.F.);
#7401=ORIENTED_EDGE('',*,*,#5039,.T.);
#7402=ORIENTED_EDGE('',*,*,#5582,.F.);
#7403=ORIENTED_EDGE('',*,*,#5090,.F.);
#7404=ORIENTED_EDGE('',*,*,#5583,.T.);
#7405=ORIENTED_EDGE('',*,*,#5583,.F.);
#7406=ORIENTED_EDGE('',*,*,#5040,.T.);
#7407=ORIENTED_EDGE('',*,*,#5580,.T.);
#7408=ORIENTED_EDGE('',*,*,#5546,.T.);
#7409=ORIENTED_EDGE('',*,*,#5584,.F.);
#7410=ORIENTED_EDGE('',*,*,#5585,.T.);
#7411=ORIENTED_EDGE('',*,*,#5586,.T.);
#7412=ORIENTED_EDGE('',*,*,#5584,.T.);
#7413=ORIENTED_EDGE('',*,*,#5587,.F.);
#7414=ORIENTED_EDGE('',*,*,#5588,.F.);
#7415=ORIENTED_EDGE('',*,*,#5589,.T.);
#7416=ORIENTED_EDGE('',*,*,#5590,.F.);
#7417=ORIENTED_EDGE('',*,*,#5591,.T.);
#7418=ORIENTED_EDGE('',*,*,#5589,.F.);
#7419=ORIENTED_EDGE('',*,*,#5592,.T.);
#7420=ORIENTED_EDGE('',*,*,#5593,.T.);
#7421=ORIENTED_EDGE('',*,*,#5594,.F.);
#7422=ORIENTED_EDGE('',*,*,#5007,.F.);
#7423=ORIENTED_EDGE('',*,*,#5595,.T.);
#7424=ORIENTED_EDGE('',*,*,#5596,.F.);
#7425=ORIENTED_EDGE('',*,*,#5008,.F.);
#7426=ORIENTED_EDGE('',*,*,#5597,.T.);
#7427=ORIENTED_EDGE('',*,*,#5595,.F.);
#7428=ORIENTED_EDGE('',*,*,#5594,.T.);
#7429=ORIENTED_EDGE('',*,*,#5596,.T.);
#7430=ORIENTED_EDGE('',*,*,#5598,.T.);
#7431=ORIENTED_EDGE('',*,*,#5575,.F.);
#7432=ORIENTED_EDGE('',*,*,#5599,.F.);
#7433=ORIENTED_EDGE('',*,*,#5582,.T.);
#7434=ORIENTED_EDGE('',*,*,#5600,.F.);
#7435=ORIENTED_EDGE('',*,*,#5601,.F.);
#7436=ORIENTED_EDGE('',*,*,#5602,.T.);
#7437=ORIENTED_EDGE('',*,*,#5573,.F.);
#7438=ORIENTED_EDGE('',*,*,#5587,.T.);
#7439=ORIENTED_EDGE('',*,*,#5602,.F.);
#7440=ORIENTED_EDGE('',*,*,#5603,.F.);
#7441=ORIENTED_EDGE('',*,*,#5604,.F.);
#7442=ORIENTED_EDGE('',*,*,#5601,.T.);
#7443=ORIENTED_EDGE('',*,*,#5598,.F.);
#7444=ORIENTED_EDGE('',*,*,#5605,.F.);
#7445=ORIENTED_EDGE('',*,*,#5606,.T.);
#7446=ORIENTED_EDGE('',*,*,#5604,.T.);
#7447=ORIENTED_EDGE('',*,*,#5566,.T.);
#7448=ORIENTED_EDGE('',*,*,#5487,.T.);
#7449=ORIENTED_EDGE('',*,*,#5529,.F.);
#7450=ORIENTED_EDGE('',*,*,#5552,.T.);
#7451=ORIENTED_EDGE('',*,*,#5565,.F.);
#7452=ORIENTED_EDGE('',*,*,#5567,.T.);
#7453=ORIENTED_EDGE('',*,*,#5569,.T.);
#7454=ORIENTED_EDGE('',*,*,#5568,.F.);
#7455=ORIENTED_EDGE('',*,*,#5607,.F.);
#7456=ORIENTED_EDGE('',*,*,#5572,.F.);
#7457=ORIENTED_EDGE('',*,*,#5608,.F.);
#7458=ORIENTED_EDGE('',*,*,#5609,.T.);
#7459=ORIENTED_EDGE('',*,*,#5576,.T.);
#7460=ORIENTED_EDGE('',*,*,#5610,.F.);
#7461=ORIENTED_EDGE('',*,*,#5611,.T.);
#7462=ORIENTED_EDGE('',*,*,#5612,.F.);
#7463=ORIENTED_EDGE('',*,*,#5610,.T.);
#7464=ORIENTED_EDGE('',*,*,#5609,.F.);
#7465=ORIENTED_EDGE('',*,*,#5579,.F.);
#7466=ORIENTED_EDGE('',*,*,#5613,.F.);
#7467=ORIENTED_EDGE('',*,*,#5600,.T.);
#7468=ORIENTED_EDGE('',*,*,#5614,.F.);
#7469=ORIENTED_EDGE('',*,*,#5613,.T.);
#7470=ORIENTED_EDGE('',*,*,#5611,.F.);
#7471=ORIENTED_EDGE('',*,*,#4764,.T.);
#7472=ORIENTED_EDGE('',*,*,#5599,.T.);
#7473=ORIENTED_EDGE('',*,*,#5615,.F.);
#7474=ORIENTED_EDGE('',*,*,#5616,.F.);
#7475=ORIENTED_EDGE('',*,*,#5617,.T.);
#7476=ORIENTED_EDGE('',*,*,#5453,.T.);
#7477=ORIENTED_EDGE('',*,*,#5534,.F.);
#7478=ORIENTED_EDGE('',*,*,#5543,.F.);
#7479=ORIENTED_EDGE('',*,*,#5618,.F.);
#7480=ORIENTED_EDGE('',*,*,#5616,.T.);
#7481=ORIENTED_EDGE('',*,*,#5619,.F.);
#7482=ORIENTED_EDGE('',*,*,#5620,.T.);
#7483=ORIENTED_EDGE('',*,*,#5542,.F.);
#7484=ORIENTED_EDGE('',*,*,#5621,.F.);
#7485=ORIENTED_EDGE('',*,*,#5622,.T.);
#7486=ORIENTED_EDGE('',*,*,#5618,.T.);
#7487=ORIENTED_EDGE('',*,*,#5623,.F.);
#7488=ORIENTED_EDGE('',*,*,#5624,.F.);
#7489=ORIENTED_EDGE('',*,*,#5625,.T.);
#7490=ORIENTED_EDGE('',*,*,#5592,.F.);
#7491=ORIENTED_EDGE('',*,*,#5623,.T.);
#7492=ORIENTED_EDGE('',*,*,#5626,.T.);
#7493=ORIENTED_EDGE('',*,*,#5617,.F.);
#7494=ORIENTED_EDGE('',*,*,#5627,.T.);
#7495=ORIENTED_EDGE('',*,*,#5516,.T.);
#7496=ORIENTED_EDGE('',*,*,#5544,.F.);
#7497=ORIENTED_EDGE('',*,*,#5628,.T.);
#7498=ORIENTED_EDGE('',*,*,#5621,.T.);
#7499=ORIENTED_EDGE('',*,*,#5545,.T.);
#7500=ORIENTED_EDGE('',*,*,#5620,.F.);
#7501=ORIENTED_EDGE('',*,*,#5629,.T.);
#7502=ORIENTED_EDGE('',*,*,#5630,.T.);
#7503=ORIENTED_EDGE('',*,*,#5631,.T.);
#7504=ORIENTED_EDGE('',*,*,#5585,.F.);
#7505=ORIENTED_EDGE('',*,*,#4856,.T.);
#7506=ORIENTED_EDGE('',*,*,#5627,.F.);
#7507=ORIENTED_EDGE('',*,*,#5632,.F.);
#7508=ORIENTED_EDGE('',*,*,#5633,.F.);
#7509=ORIENTED_EDGE('',*,*,#5634,.F.);
#7510=ORIENTED_EDGE('',*,*,#5457,.T.);
#7511=ORIENTED_EDGE('',*,*,#5625,.F.);
#7512=ORIENTED_EDGE('',*,*,#5633,.T.);
#7513=ORIENTED_EDGE('',*,*,#5635,.T.);
#7514=ORIENTED_EDGE('',*,*,#5622,.F.);
#7515=ORIENTED_EDGE('',*,*,#5636,.F.);
#7516=ORIENTED_EDGE('',*,*,#5632,.T.);
#7517=ORIENTED_EDGE('',*,*,#5550,.T.);
#7518=ORIENTED_EDGE('',*,*,#5631,.F.);
#7519=ORIENTED_EDGE('',*,*,#5619,.T.);
#7520=ORIENTED_EDGE('',*,*,#5628,.F.);
#7521=ORIENTED_EDGE('',*,*,#5637,.F.);
#7522=ORIENTED_EDGE('',*,*,#5638,.T.);
#7523=ORIENTED_EDGE('',*,*,#4857,.T.);
#7524=ORIENTED_EDGE('',*,*,#5636,.T.);
#7525=ORIENTED_EDGE('',*,*,#5638,.F.);
#7526=ORIENTED_EDGE('',*,*,#5605,.T.);
#7527=ORIENTED_EDGE('',*,*,#5597,.F.);
#7528=ORIENTED_EDGE('',*,*,#5639,.F.);
#7529=ORIENTED_EDGE('',*,*,#5640,.T.);
#7530=ORIENTED_EDGE('',*,*,#5629,.F.);
#7531=ORIENTED_EDGE('',*,*,#5641,.T.);
#7532=ORIENTED_EDGE('',*,*,#5637,.T.);
#7533=ORIENTED_EDGE('',*,*,#5642,.F.);
#7534=ORIENTED_EDGE('',*,*,#5643,.T.);
#7535=ORIENTED_EDGE('',*,*,#5644,.F.);
#7536=ORIENTED_EDGE('',*,*,#5639,.T.);
#7537=ORIENTED_EDGE('',*,*,#5643,.F.);
#7538=ORIENTED_EDGE('',*,*,#5645,.T.);
#7539=ORIENTED_EDGE('',*,*,#5646,.T.);
#7540=ORIENTED_EDGE('',*,*,#5647,.T.);
#7541=ORIENTED_EDGE('',*,*,#5648,.F.);
#7542=ORIENTED_EDGE('',*,*,#5642,.T.);
#7543=ORIENTED_EDGE('',*,*,#5647,.F.);
#7544=ORIENTED_EDGE('',*,*,#5649,.F.);
#7545=ORIENTED_EDGE('',*,*,#5650,.T.);
#7546=ORIENTED_EDGE('',*,*,#5646,.F.);
#7547=ORIENTED_EDGE('',*,*,#5651,.F.);
#7548=ORIENTED_EDGE('',*,*,#5652,.T.);
#7549=ORIENTED_EDGE('',*,*,#5653,.F.);
#7550=ORIENTED_EDGE('',*,*,#4858,.T.);
#7551=ORIENTED_EDGE('',*,*,#5641,.F.);
#7552=ORIENTED_EDGE('',*,*,#5630,.F.);
#7553=ORIENTED_EDGE('',*,*,#5654,.T.);
#7554=ORIENTED_EDGE('',*,*,#5653,.T.);
#7555=ORIENTED_EDGE('',*,*,#5655,.F.);
#7556=ORIENTED_EDGE('',*,*,#4859,.T.);
#7557=ORIENTED_EDGE('',*,*,#5654,.F.);
#7558=ORIENTED_EDGE('',*,*,#5586,.F.);
#7559=ORIENTED_EDGE('',*,*,#5656,.T.);
#7560=ORIENTED_EDGE('',*,*,#5655,.T.);
#7561=ORIENTED_EDGE('',*,*,#5657,.T.);
#7562=ORIENTED_EDGE('',*,*,#4860,.T.);
#7563=ORIENTED_EDGE('',*,*,#5656,.F.);
#7564=ORIENTED_EDGE('',*,*,#5590,.T.);
#7565=ORIENTED_EDGE('',*,*,#5658,.T.);
#7566=ORIENTED_EDGE('',*,*,#5652,.F.);
#7567=ORIENTED_EDGE('',*,*,#5659,.F.);
#7568=ORIENTED_EDGE('',*,*,#5660,.T.);
#7569=ORIENTED_EDGE('',*,*,#4835,.F.);
#7570=ORIENTED_EDGE('',*,*,#5661,.F.);
#7571=ORIENTED_EDGE('',*,*,#5564,.T.);
#7572=ORIENTED_EDGE('',*,*,#5531,.T.);
#7573=ORIENTED_EDGE('',*,*,#5660,.F.);
#7574=ORIENTED_EDGE('',*,*,#4834,.F.);
#7575=ORIENTED_EDGE('',*,*,#5662,.F.);
#7576=ORIENTED_EDGE('',*,*,#5663,.T.);
#7577=ORIENTED_EDGE('',*,*,#5607,.T.);
#7578=ORIENTED_EDGE('',*,*,#5661,.T.);
#7579=ORIENTED_EDGE('',*,*,#5663,.F.);
#7580=ORIENTED_EDGE('',*,*,#5570,.T.);
#7581=ORIENTED_EDGE('',*,*,#5664,.F.);
#7582=ORIENTED_EDGE('',*,*,#5665,.F.);
#7583=ORIENTED_EDGE('',*,*,#5471,.F.);
#7584=ORIENTED_EDGE('',*,*,#5466,.T.);
#7585=ORIENTED_EDGE('',*,*,#5221,.F.);
#7586=ORIENTED_EDGE('',*,*,#5459,.T.);
#7587=ORIENTED_EDGE('',*,*,#5666,.T.);
#7588=ORIENTED_EDGE('',*,*,#5667,.F.);
#7589=ORIENTED_EDGE('',*,*,#4871,.F.);
#7590=ORIENTED_EDGE('',*,*,#5668,.F.);
#7591=ORIENTED_EDGE('',*,*,#5667,.T.);
#7592=ORIENTED_EDGE('',*,*,#4872,.T.);
#7593=ORIENTED_EDGE('',*,*,#5666,.F.);
#7594=ORIENTED_EDGE('',*,*,#5669,.F.);
#7595=ORIENTED_EDGE('',*,*,#5669,.T.);
#7596=ORIENTED_EDGE('',*,*,#5462,.F.);
#7597=ORIENTED_EDGE('',*,*,#5670,.T.);
#7598=ORIENTED_EDGE('',*,*,#4873,.T.);
#7599=ORIENTED_EDGE('',*,*,#5670,.F.);
#7600=ORIENTED_EDGE('',*,*,#5671,.F.);
#7601=ORIENTED_EDGE('',*,*,#5465,.F.);
#7602=ORIENTED_EDGE('',*,*,#5672,.F.);
#7603=ORIENTED_EDGE('',*,*,#5671,.T.);
#7604=ORIENTED_EDGE('',*,*,#5467,.F.);
#7605=ORIENTED_EDGE('',*,*,#5673,.T.);
#7606=ORIENTED_EDGE('',*,*,#5674,.T.);
#7607=ORIENTED_EDGE('',*,*,#4874,.T.);
#7608=ORIENTED_EDGE('',*,*,#5672,.T.);
#7609=ORIENTED_EDGE('',*,*,#5674,.F.);
#7610=ORIENTED_EDGE('',*,*,#4875,.T.);
#7611=ORIENTED_EDGE('',*,*,#5673,.F.);
#7612=ORIENTED_EDGE('',*,*,#5675,.F.);
#7613=ORIENTED_EDGE('',*,*,#5468,.F.);
#7614=ORIENTED_EDGE('',*,*,#5676,.T.);
#7615=ORIENTED_EDGE('',*,*,#5675,.T.);
#7616=ORIENTED_EDGE('',*,*,#5475,.T.);
#7617=ORIENTED_EDGE('',*,*,#5677,.F.);
#7618=ORIENTED_EDGE('',*,*,#5678,.T.);
#7619=ORIENTED_EDGE('',*,*,#5092,.F.);
#7620=ORIENTED_EDGE('',*,*,#5679,.F.);
#7621=ORIENTED_EDGE('',*,*,#5680,.T.);
#7622=ORIENTED_EDGE('',*,*,#5235,.T.);
#7623=ORIENTED_EDGE('',*,*,#5679,.T.);
#7624=ORIENTED_EDGE('',*,*,#4824,.F.);
#7625=ORIENTED_EDGE('',*,*,#5681,.F.);
#7626=ORIENTED_EDGE('',*,*,#4876,.T.);
#7627=ORIENTED_EDGE('',*,*,#5676,.F.);
#7628=ORIENTED_EDGE('',*,*,#5682,.F.);
#7629=ORIENTED_EDGE('',*,*,#5472,.F.);
#7630=ORIENTED_EDGE('',*,*,#5683,.F.);
#7631=ORIENTED_EDGE('',*,*,#5682,.T.);
#7632=ORIENTED_EDGE('',*,*,#5684,.T.);
#7633=ORIENTED_EDGE('',*,*,#5677,.T.);
#7634=ORIENTED_EDGE('',*,*,#5239,.F.);
#7635=ORIENTED_EDGE('',*,*,#5685,.F.);
#7636=ORIENTED_EDGE('',*,*,#5678,.F.);
#7637=ORIENTED_EDGE('',*,*,#5686,.F.);
#7638=ORIENTED_EDGE('',*,*,#5687,.T.);
#7639=ORIENTED_EDGE('',*,*,#4877,.T.);
#7640=ORIENTED_EDGE('',*,*,#5683,.T.);
#7641=ORIENTED_EDGE('',*,*,#5687,.F.);
#7642=ORIENTED_EDGE('',*,*,#5684,.F.);
#7643=ORIENTED_EDGE('',*,*,#5688,.T.);
#7644=ORIENTED_EDGE('',*,*,#5689,.T.);
#7645=ORIENTED_EDGE('',*,*,#4878,.T.);
#7646=ORIENTED_EDGE('',*,*,#5686,.T.);
#7647=ORIENTED_EDGE('',*,*,#5689,.F.);
#7648=ORIENTED_EDGE('',*,*,#5690,.T.);
#7649=ORIENTED_EDGE('',*,*,#5691,.F.);
#7650=ORIENTED_EDGE('',*,*,#5692,.F.);
#7651=ORIENTED_EDGE('',*,*,#4988,.F.);
#7652=ORIENTED_EDGE('',*,*,#5692,.T.);
#7653=ORIENTED_EDGE('',*,*,#5693,.F.);
#7654=ORIENTED_EDGE('',*,*,#4987,.T.);
#7655=ORIENTED_EDGE('',*,*,#5694,.T.);
#7656=ORIENTED_EDGE('',*,*,#5690,.F.);
#7657=ORIENTED_EDGE('',*,*,#5695,.T.);
#7658=ORIENTED_EDGE('',*,*,#5696,.T.);
#7659=ORIENTED_EDGE('',*,*,#5694,.F.);
#7660=ORIENTED_EDGE('',*,*,#4986,.T.);
#7661=ORIENTED_EDGE('',*,*,#5697,.T.);
#7662=ORIENTED_EDGE('',*,*,#5695,.F.);
#7663=ORIENTED_EDGE('',*,*,#5698,.T.);
#7664=ORIENTED_EDGE('',*,*,#5699,.T.);
#7665=ORIENTED_EDGE('',*,*,#5697,.F.);
#7666=ORIENTED_EDGE('',*,*,#5700,.F.);
#7667=ORIENTED_EDGE('',*,*,#5698,.F.);
#7668=ORIENTED_EDGE('',*,*,#5701,.T.);
#7669=ORIENTED_EDGE('',*,*,#5702,.F.);
#7670=ORIENTED_EDGE('',*,*,#5703,.T.);
#7671=ORIENTED_EDGE('',*,*,#5691,.T.);
#7672=ORIENTED_EDGE('',*,*,#5704,.F.);
#7673=ORIENTED_EDGE('',*,*,#4985,.F.);
#7674=ORIENTED_EDGE('',*,*,#5705,.T.);
#7675=ORIENTED_EDGE('',*,*,#5701,.F.);
#7676=ORIENTED_EDGE('',*,*,#5696,.F.);
#7677=ORIENTED_EDGE('',*,*,#5706,.F.);
#7678=ORIENTED_EDGE('',*,*,#5704,.T.);
#7679=ORIENTED_EDGE('',*,*,#5707,.T.);
#7680=ORIENTED_EDGE('',*,*,#5706,.T.);
#7681=ORIENTED_EDGE('',*,*,#5708,.F.);
#7682=ORIENTED_EDGE('',*,*,#5709,.F.);
#7683=ORIENTED_EDGE('',*,*,#4984,.T.);
#7684=ORIENTED_EDGE('',*,*,#5710,.T.);
#7685=ORIENTED_EDGE('',*,*,#5711,.F.);
#7686=ORIENTED_EDGE('',*,*,#5708,.T.);
#7687=ORIENTED_EDGE('',*,*,#5699,.F.);
#7688=ORIENTED_EDGE('',*,*,#5096,.T.);
#7689=ORIENTED_EDGE('',*,*,#5710,.F.);
#7690=ORIENTED_EDGE('',*,*,#5712,.T.);
#7691=ORIENTED_EDGE('',*,*,#5713,.T.);
#7692=ORIENTED_EDGE('',*,*,#5712,.F.);
#7693=ORIENTED_EDGE('',*,*,#4983,.T.);
#7694=ORIENTED_EDGE('',*,*,#5700,.T.);
#7695=ORIENTED_EDGE('',*,*,#5714,.F.);
#7696=ORIENTED_EDGE('',*,*,#5715,.T.);
#7697=ORIENTED_EDGE('',*,*,#5716,.T.);
#7698=ORIENTED_EDGE('',*,*,#5705,.F.);
#7699=ORIENTED_EDGE('',*,*,#5709,.T.);
#7700=ORIENTED_EDGE('',*,*,#5714,.T.);
#7701=ORIENTED_EDGE('',*,*,#5716,.F.);
#7702=ORIENTED_EDGE('',*,*,#5717,.F.);
#7703=ORIENTED_EDGE('',*,*,#5662,.T.);
#7704=ORIENTED_EDGE('',*,*,#4833,.F.);
#7705=ORIENTED_EDGE('',*,*,#5664,.T.);
#7706=ORIENTED_EDGE('',*,*,#5665,.T.);
#7707=ORIENTED_EDGE('',*,*,#4832,.F.);
#7708=ORIENTED_EDGE('',*,*,#5718,.T.);
#7709=ORIENTED_EDGE('',*,*,#5608,.T.);
#7710=ORIENTED_EDGE('',*,*,#5718,.F.);
#7711=ORIENTED_EDGE('',*,*,#5719,.F.);
#7712=ORIENTED_EDGE('',*,*,#5720,.T.);
#7713=ORIENTED_EDGE('',*,*,#4861,.F.);
#7714=ORIENTED_EDGE('',*,*,#5721,.F.);
#7715=ORIENTED_EDGE('',*,*,#4862,.T.);
#7716=ORIENTED_EDGE('',*,*,#5722,.F.);
#7717=ORIENTED_EDGE('',*,*,#5723,.F.);
#7718=ORIENTED_EDGE('',*,*,#5722,.T.);
#7719=ORIENTED_EDGE('',*,*,#5720,.F.);
#7720=ORIENTED_EDGE('',*,*,#5606,.F.);
#7721=ORIENTED_EDGE('',*,*,#5603,.T.);
#7722=ORIENTED_EDGE('',*,*,#5721,.T.);
#7723=ORIENTED_EDGE('',*,*,#5657,.F.);
#7724=ORIENTED_EDGE('',*,*,#5724,.T.);
#7725=ORIENTED_EDGE('',*,*,#5723,.T.);
#7726=ORIENTED_EDGE('',*,*,#5640,.F.);
#7727=ORIENTED_EDGE('',*,*,#4863,.T.);
#7728=ORIENTED_EDGE('',*,*,#5724,.F.);
#7729=ORIENTED_EDGE('',*,*,#5725,.F.);
#7730=ORIENTED_EDGE('',*,*,#4831,.F.);
#7731=ORIENTED_EDGE('',*,*,#5726,.F.);
#7732=ORIENTED_EDGE('',*,*,#5727,.T.);
#7733=ORIENTED_EDGE('',*,*,#5612,.T.);
#7734=ORIENTED_EDGE('',*,*,#5719,.T.);
#7735=ORIENTED_EDGE('',*,*,#5727,.F.);
#7736=ORIENTED_EDGE('',*,*,#5726,.T.);
#7737=ORIENTED_EDGE('',*,*,#4830,.F.);
#7738=ORIENTED_EDGE('',*,*,#5728,.T.);
#7739=ORIENTED_EDGE('',*,*,#5614,.T.);
#7740=ORIENTED_EDGE('',*,*,#5728,.F.);
#7741=ORIENTED_EDGE('',*,*,#5729,.F.);
#7742=ORIENTED_EDGE('',*,*,#5729,.T.);
#7743=ORIENTED_EDGE('',*,*,#4829,.F.);
#7744=ORIENTED_EDGE('',*,*,#5730,.T.);
#7745=ORIENTED_EDGE('',*,*,#5615,.T.);
#7746=ORIENTED_EDGE('',*,*,#5730,.F.);
#7747=ORIENTED_EDGE('',*,*,#5091,.F.);
#7748=ORIENTED_EDGE('',*,*,#5731,.F.);
#7749=ORIENTED_EDGE('',*,*,#5006,.F.);
#7750=ORIENTED_EDGE('',*,*,#5732,.T.);
#7751=ORIENTED_EDGE('',*,*,#5644,.T.);
#7752=ORIENTED_EDGE('',*,*,#5593,.F.);
#7753=ORIENTED_EDGE('',*,*,#5731,.T.);
#7754=ORIENTED_EDGE('',*,*,#5645,.F.);
#7755=ORIENTED_EDGE('',*,*,#5733,.T.);
#7756=ORIENTED_EDGE('',*,*,#5725,.T.);
#7757=ORIENTED_EDGE('',*,*,#5734,.T.);
#7758=ORIENTED_EDGE('',*,*,#4864,.T.);
#7759=ORIENTED_EDGE('',*,*,#5733,.F.);
#7760=ORIENTED_EDGE('',*,*,#5735,.T.);
#7761=ORIENTED_EDGE('',*,*,#4865,.F.);
#7762=ORIENTED_EDGE('',*,*,#5736,.F.);
#7763=ORIENTED_EDGE('',*,*,#5737,.T.);
#7764=ORIENTED_EDGE('',*,*,#5648,.T.);
#7765=ORIENTED_EDGE('',*,*,#5732,.F.);
#7766=ORIENTED_EDGE('',*,*,#5738,.T.);
#7767=ORIENTED_EDGE('',*,*,#5735,.F.);
#7768=ORIENTED_EDGE('',*,*,#5650,.F.);
#7769=ORIENTED_EDGE('',*,*,#5739,.F.);
#7770=ORIENTED_EDGE('',*,*,#5004,.T.);
#7771=ORIENTED_EDGE('',*,*,#5740,.T.);
#7772=ORIENTED_EDGE('',*,*,#4866,.T.);
#7773=ORIENTED_EDGE('',*,*,#5738,.F.);
#7774=ORIENTED_EDGE('',*,*,#5741,.F.);
#7775=ORIENTED_EDGE('',*,*,#5649,.T.);
#7776=ORIENTED_EDGE('',*,*,#5736,.T.);
#7777=ORIENTED_EDGE('',*,*,#5734,.F.);
#7778=ORIENTED_EDGE('',*,*,#5659,.T.);
#7779=ORIENTED_EDGE('',*,*,#5740,.F.);
#7780=ORIENTED_EDGE('',*,*,#5742,.F.);
#7781=ORIENTED_EDGE('',*,*,#5743,.T.);
#7782=ORIENTED_EDGE('',*,*,#5737,.F.);
#7783=ORIENTED_EDGE('',*,*,#5005,.T.);
#7784=ORIENTED_EDGE('',*,*,#5658,.F.);
#7785=ORIENTED_EDGE('',*,*,#5744,.T.);
#7786=ORIENTED_EDGE('',*,*,#5741,.T.);
#7787=ORIENTED_EDGE('',*,*,#5651,.T.);
#7788=ORIENTED_EDGE('',*,*,#5743,.F.);
#7789=ORIENTED_EDGE('',*,*,#5739,.T.);
#7790=ORIENTED_EDGE('',*,*,#5745,.F.);
#7791=ORIENTED_EDGE('',*,*,#4867,.T.);
#7792=ORIENTED_EDGE('',*,*,#5744,.F.);
#7793=ORIENTED_EDGE('',*,*,#5003,.F.);
#7794=ORIENTED_EDGE('',*,*,#5746,.F.);
#7795=ORIENTED_EDGE('',*,*,#5742,.T.);
#7796=ORIENTED_EDGE('',*,*,#4991,.F.);
#7797=ORIENTED_EDGE('',*,*,#5747,.T.);
#7798=ORIENTED_EDGE('',*,*,#5238,.F.);
#7799=ORIENTED_EDGE('',*,*,#4990,.F.);
#7800=ORIENTED_EDGE('',*,*,#5748,.T.);
#7801=ORIENTED_EDGE('',*,*,#5749,.F.);
#7802=ORIENTED_EDGE('',*,*,#5750,.T.);
#7803=ORIENTED_EDGE('',*,*,#5751,.T.);
#7804=ORIENTED_EDGE('',*,*,#5748,.F.);
#7805=ORIENTED_EDGE('',*,*,#5749,.T.);
#7806=ORIENTED_EDGE('',*,*,#5752,.T.);
#7807=ORIENTED_EDGE('',*,*,#5747,.F.);
#7808=ORIENTED_EDGE('',*,*,#4989,.T.);
#7809=ORIENTED_EDGE('',*,*,#5753,.T.);
#7810=ORIENTED_EDGE('',*,*,#5750,.F.);
#7811=ORIENTED_EDGE('',*,*,#5752,.F.);
#7812=ORIENTED_EDGE('',*,*,#5754,.F.);
#7813=ORIENTED_EDGE('',*,*,#5685,.T.);
#7814=ORIENTED_EDGE('',*,*,#5693,.T.);
#7815=ORIENTED_EDGE('',*,*,#5755,.F.);
#7816=ORIENTED_EDGE('',*,*,#5753,.F.);
#7817=ORIENTED_EDGE('',*,*,#5236,.T.);
#7818=ORIENTED_EDGE('',*,*,#5756,.F.);
#7819=ORIENTED_EDGE('',*,*,#4956,.F.);
#7820=ORIENTED_EDGE('',*,*,#4957,.T.);
#7821=ORIENTED_EDGE('',*,*,#5757,.T.);
#7822=ORIENTED_EDGE('',*,*,#5758,.F.);
#7823=ORIENTED_EDGE('',*,*,#5756,.T.);
#7824=ORIENTED_EDGE('',*,*,#5759,.F.);
#7825=ORIENTED_EDGE('',*,*,#5757,.F.);
#7826=ORIENTED_EDGE('',*,*,#5758,.T.);
#7827=ORIENTED_EDGE('',*,*,#5760,.T.);
#7828=ORIENTED_EDGE('',*,*,#5761,.F.);
#7829=ORIENTED_EDGE('',*,*,#4958,.T.);
#7830=ORIENTED_EDGE('',*,*,#5761,.T.);
#7831=ORIENTED_EDGE('',*,*,#5762,.F.);
#7832=ORIENTED_EDGE('',*,*,#5762,.T.);
#7833=ORIENTED_EDGE('',*,*,#5763,.F.);
#7834=ORIENTED_EDGE('',*,*,#5764,.F.);
#7835=ORIENTED_EDGE('',*,*,#5765,.F.);
#7836=ORIENTED_EDGE('',*,*,#4959,.T.);
#7837=ORIENTED_EDGE('',*,*,#5764,.T.);
#7838=ORIENTED_EDGE('',*,*,#5760,.F.);
#7839=ORIENTED_EDGE('',*,*,#5766,.F.);
#7840=ORIENTED_EDGE('',*,*,#5767,.T.);
#7841=ORIENTED_EDGE('',*,*,#5763,.T.);
#7842=ORIENTED_EDGE('',*,*,#5768,.F.);
#7843=ORIENTED_EDGE('',*,*,#5769,.T.);
#7844=ORIENTED_EDGE('',*,*,#4960,.T.);
#7845=ORIENTED_EDGE('',*,*,#5770,.T.);
#7846=ORIENTED_EDGE('',*,*,#5771,.F.);
#7847=ORIENTED_EDGE('',*,*,#5765,.T.);
#7848=ORIENTED_EDGE('',*,*,#5772,.F.);
#7849=ORIENTED_EDGE('',*,*,#5770,.F.);
#7850=ORIENTED_EDGE('',*,*,#5773,.T.);
#7851=ORIENTED_EDGE('',*,*,#5774,.F.);
#7852=ORIENTED_EDGE('',*,*,#5775,.T.);
#7853=ORIENTED_EDGE('',*,*,#5771,.T.);
#7854=ORIENTED_EDGE('',*,*,#5775,.F.);
#7855=ORIENTED_EDGE('',*,*,#4961,.F.);
#7856=ORIENTED_EDGE('',*,*,#5774,.T.);
#7857=ORIENTED_EDGE('',*,*,#5776,.F.);
#7858=ORIENTED_EDGE('',*,*,#4962,.F.);
#7859=ORIENTED_EDGE('',*,*,#5777,.T.);
#7860=ORIENTED_EDGE('',*,*,#5778,.F.);
#7861=ORIENTED_EDGE('',*,*,#5776,.T.);
#7862=ORIENTED_EDGE('',*,*,#5778,.T.);
#7863=ORIENTED_EDGE('',*,*,#5244,.F.);
#7864=ORIENTED_EDGE('',*,*,#4963,.T.);
#7865=ORIENTED_EDGE('',*,*,#5779,.F.);
#7866=ORIENTED_EDGE('',*,*,#5768,.T.);
#7867=ORIENTED_EDGE('',*,*,#5767,.F.);
#7868=ORIENTED_EDGE('',*,*,#5773,.F.);
#7869=ORIENTED_EDGE('',*,*,#5780,.F.);
#7870=ORIENTED_EDGE('',*,*,#5781,.T.);
#7871=ORIENTED_EDGE('',*,*,#5782,.T.);
#7872=ORIENTED_EDGE('',*,*,#5252,.T.);
#7873=ORIENTED_EDGE('',*,*,#5777,.F.);
#7874=ORIENTED_EDGE('',*,*,#5781,.F.);
#7875=ORIENTED_EDGE('',*,*,#5783,.T.);
#7876=ORIENTED_EDGE('',*,*,#5754,.T.);
#7877=ORIENTED_EDGE('',*,*,#5784,.F.);
#7878=ORIENTED_EDGE('',*,*,#5785,.F.);
#7879=ORIENTED_EDGE('',*,*,#5786,.T.);
#7880=ORIENTED_EDGE('',*,*,#5751,.F.);
#7881=ORIENTED_EDGE('',*,*,#5703,.F.);
#7882=ORIENTED_EDGE('',*,*,#5787,.T.);
#7883=ORIENTED_EDGE('',*,*,#5755,.T.);
#7884=ORIENTED_EDGE('',*,*,#5711,.T.);
#7885=ORIENTED_EDGE('',*,*,#5788,.F.);
#7886=ORIENTED_EDGE('',*,*,#5789,.T.);
#7887=ORIENTED_EDGE('',*,*,#5790,.F.);
#7888=ORIENTED_EDGE('',*,*,#5717,.T.);
#7889=ORIENTED_EDGE('',*,*,#5791,.F.);
#7890=ORIENTED_EDGE('',*,*,#5702,.T.);
#7891=ORIENTED_EDGE('',*,*,#5792,.F.);
#7892=ORIENTED_EDGE('',*,*,#5793,.T.);
#7893=ORIENTED_EDGE('',*,*,#5788,.T.);
#7894=ORIENTED_EDGE('',*,*,#5715,.F.);
#7895=ORIENTED_EDGE('',*,*,#5794,.F.);
#7896=ORIENTED_EDGE('',*,*,#5098,.T.);
#7897=ORIENTED_EDGE('',*,*,#5273,.F.);
#7898=ORIENTED_EDGE('',*,*,#5791,.T.);
#7899=ORIENTED_EDGE('',*,*,#5707,.F.);
#7900=ORIENTED_EDGE('',*,*,#5795,.F.);
#7901=ORIENTED_EDGE('',*,*,#5796,.T.);
#7902=ORIENTED_EDGE('',*,*,#4883,.F.);
#7903=ORIENTED_EDGE('',*,*,#5792,.T.);
#7904=ORIENTED_EDGE('',*,*,#5796,.F.);
#7905=ORIENTED_EDGE('',*,*,#5789,.F.);
#7906=ORIENTED_EDGE('',*,*,#5797,.T.);
#7907=ORIENTED_EDGE('',*,*,#5798,.T.);
#7908=ORIENTED_EDGE('',*,*,#5591,.F.);
#7909=ORIENTED_EDGE('',*,*,#5799,.T.);
#7910=ORIENTED_EDGE('',*,*,#5745,.T.);
#7911=ORIENTED_EDGE('',*,*,#4884,.T.);
#7912=ORIENTED_EDGE('',*,*,#5795,.T.);
#7913=ORIENTED_EDGE('',*,*,#5798,.F.);
#7914=ORIENTED_EDGE('',*,*,#5800,.T.);
#7915=ORIENTED_EDGE('',*,*,#4868,.T.);
#7916=ORIENTED_EDGE('',*,*,#5799,.F.);
#7917=ORIENTED_EDGE('',*,*,#5801,.T.);
#7918=ORIENTED_EDGE('',*,*,#4885,.F.);
#7919=ORIENTED_EDGE('',*,*,#5802,.F.);
#7920=ORIENTED_EDGE('',*,*,#5803,.F.);
#7921=ORIENTED_EDGE('',*,*,#5801,.F.);
#7922=ORIENTED_EDGE('',*,*,#5790,.T.);
#7923=ORIENTED_EDGE('',*,*,#4886,.T.);
#7924=ORIENTED_EDGE('',*,*,#5803,.T.);
#7925=ORIENTED_EDGE('',*,*,#5274,.F.);
#7926=ORIENTED_EDGE('',*,*,#5804,.F.);
#7927=ORIENTED_EDGE('',*,*,#4869,.T.);
#7928=ORIENTED_EDGE('',*,*,#5800,.F.);
#7929=ORIENTED_EDGE('',*,*,#5794,.T.);
#7930=ORIENTED_EDGE('',*,*,#5802,.T.);
#7931=ORIENTED_EDGE('',*,*,#5797,.F.);
#7932=ORIENTED_EDGE('',*,*,#5626,.F.);
#7933=ORIENTED_EDGE('',*,*,#5805,.F.);
#7934=ORIENTED_EDGE('',*,*,#5804,.T.);
#7935=ORIENTED_EDGE('',*,*,#5635,.F.);
#7936=ORIENTED_EDGE('',*,*,#5806,.T.);
#7937=ORIENTED_EDGE('',*,*,#5805,.T.);
#7938=ORIENTED_EDGE('',*,*,#5668,.T.);
#7939=ORIENTED_EDGE('',*,*,#4870,.T.);
#7940=ORIENTED_EDGE('',*,*,#5806,.F.);
#7941=ORIENTED_EDGE('',*,*,#5784,.T.);
#7942=ORIENTED_EDGE('',*,*,#5786,.F.);
#7943=ORIENTED_EDGE('',*,*,#5807,.T.);
#7944=ORIENTED_EDGE('',*,*,#4879,.T.);
#7945=ORIENTED_EDGE('',*,*,#5688,.F.);
#7946=ORIENTED_EDGE('',*,*,#5808,.F.);
#7947=ORIENTED_EDGE('',*,*,#5783,.F.);
#7948=ORIENTED_EDGE('',*,*,#5809,.F.);
#7949=ORIENTED_EDGE('',*,*,#5808,.T.);
#7950=ORIENTED_EDGE('',*,*,#5787,.F.);
#7951=ORIENTED_EDGE('',*,*,#5810,.T.);
#7952=ORIENTED_EDGE('',*,*,#5785,.T.);
#7953=ORIENTED_EDGE('',*,*,#5807,.F.);
#7954=ORIENTED_EDGE('',*,*,#5811,.T.);
#7955=ORIENTED_EDGE('',*,*,#5812,.T.);
#7956=ORIENTED_EDGE('',*,*,#4880,.T.);
#7957=ORIENTED_EDGE('',*,*,#5809,.T.);
#7958=ORIENTED_EDGE('',*,*,#5812,.F.);
#7959=ORIENTED_EDGE('',*,*,#4881,.T.);
#7960=ORIENTED_EDGE('',*,*,#5811,.F.);
#7961=ORIENTED_EDGE('',*,*,#5813,.F.);
#7962=ORIENTED_EDGE('',*,*,#5813,.T.);
#7963=ORIENTED_EDGE('',*,*,#5810,.F.);
#7964=ORIENTED_EDGE('',*,*,#5814,.F.);
#7965=ORIENTED_EDGE('',*,*,#4882,.T.);
#7966=ORIENTED_EDGE('',*,*,#5814,.T.);
#7967=ORIENTED_EDGE('',*,*,#5793,.F.);
#7968=ORIENTED_EDGE('',*,*,#5815,.F.);
#7969=ORIENTED_EDGE('',*,*,#5816,.T.);
#7970=ORIENTED_EDGE('',*,*,#5759,.T.);
#7971=ORIENTED_EDGE('',*,*,#5680,.F.);
#7972=ORIENTED_EDGE('',*,*,#5766,.T.);
#7973=ORIENTED_EDGE('',*,*,#5816,.F.);
#7974=ORIENTED_EDGE('',*,*,#5817,.F.);
#7975=ORIENTED_EDGE('',*,*,#4932,.F.);
#7976=ORIENTED_EDGE('',*,*,#5818,.T.);
#7977=ORIENTED_EDGE('',*,*,#5681,.T.);
#7978=ORIENTED_EDGE('',*,*,#5815,.T.);
#7979=ORIENTED_EDGE('',*,*,#5818,.F.);
#7980=ORIENTED_EDGE('',*,*,#5819,.F.);
#7981=ORIENTED_EDGE('',*,*,#4931,.F.);
#7982=ORIENTED_EDGE('',*,*,#5820,.F.);
#7983=ORIENTED_EDGE('',*,*,#5819,.T.);
#7984=ORIENTED_EDGE('',*,*,#4930,.F.);
#7985=ORIENTED_EDGE('',*,*,#5821,.T.);
#7986=ORIENTED_EDGE('',*,*,#5822,.T.);
#7987=ORIENTED_EDGE('',*,*,#5817,.T.);
#7988=ORIENTED_EDGE('',*,*,#5820,.T.);
#7989=ORIENTED_EDGE('',*,*,#5822,.F.);
#7990=ORIENTED_EDGE('',*,*,#4929,.F.);
#7991=ORIENTED_EDGE('',*,*,#5823,.T.);
#7992=ORIENTED_EDGE('',*,*,#5824,.T.);
#7993=ORIENTED_EDGE('',*,*,#5824,.F.);
#7994=ORIENTED_EDGE('',*,*,#5779,.T.);
#7995=ORIENTED_EDGE('',*,*,#5821,.F.);
#7996=ORIENTED_EDGE('',*,*,#5825,.F.);
#7997=ORIENTED_EDGE('',*,*,#5826,.T.);
#7998=ORIENTED_EDGE('',*,*,#5772,.T.);
#7999=ORIENTED_EDGE('',*,*,#5769,.F.);
#8000=ORIENTED_EDGE('',*,*,#5780,.T.);
#8001=ORIENTED_EDGE('',*,*,#5826,.F.);
#8002=ORIENTED_EDGE('',*,*,#5827,.F.);
#8003=ORIENTED_EDGE('',*,*,#5825,.T.);
#8004=ORIENTED_EDGE('',*,*,#5823,.F.);
#8005=ORIENTED_EDGE('',*,*,#5828,.F.);
#8006=ORIENTED_EDGE('',*,*,#4928,.F.);
#8007=ORIENTED_EDGE('',*,*,#5829,.F.);
#8008=ORIENTED_EDGE('',*,*,#5828,.T.);
#8009=ORIENTED_EDGE('',*,*,#5830,.T.);
#8010=ORIENTED_EDGE('',*,*,#5829,.T.);
#8011=ORIENTED_EDGE('',*,*,#4927,.F.);
#8012=ORIENTED_EDGE('',*,*,#5827,.T.);
#8013=ORIENTED_EDGE('',*,*,#5830,.F.);
#8014=ORIENTED_EDGE('',*,*,#5831,.F.);
#8015=ORIENTED_EDGE('',*,*,#5782,.F.);
#8016=ORIENTED_EDGE('',*,*,#5832,.T.);
#8017=ORIENTED_EDGE('',*,*,#5379,.T.);
#8018=ORIENTED_EDGE('',*,*,#5831,.T.);
#8019=ORIENTED_EDGE('',*,*,#4926,.T.);
#8020=ORIENTED_EDGE('',*,*,#5832,.F.);
#8021=ORIENTED_EDGE('',*,*,#5099,.F.);
#8022=ORIENTED_EDGE('',*,*,#5833,.F.);
#8023=ORIENTED_EDGE('',*,*,#5834,.T.);
#8024=ORIENTED_EDGE('',*,*,#5835,.T.);
#8025=ORIENTED_EDGE('',*,*,#5172,.T.);
#8026=ORIENTED_EDGE('',*,*,#5836,.F.);
#8027=ORIENTED_EDGE('',*,*,#5837,.F.);
#8028=ORIENTED_EDGE('',*,*,#4977,.F.);
#8029=ORIENTED_EDGE('',*,*,#5836,.T.);
#8030=ORIENTED_EDGE('',*,*,#5837,.T.);
#8031=ORIENTED_EDGE('',*,*,#5176,.F.);
#8032=ORIENTED_EDGE('',*,*,#5838,.F.);
#8033=ORIENTED_EDGE('',*,*,#5180,.F.);
#8034=ORIENTED_EDGE('',*,*,#5839,.F.);
#8035=ORIENTED_EDGE('',*,*,#5840,.T.);
#8036=ORIENTED_EDGE('',*,*,#5838,.T.);
#8037=ORIENTED_EDGE('',*,*,#5840,.F.);
#8038=ORIENTED_EDGE('',*,*,#4978,.F.);
#8039=ORIENTED_EDGE('',*,*,#4979,.F.);
#8040=ORIENTED_EDGE('',*,*,#5839,.T.);
#8041=ORIENTED_EDGE('',*,*,#5841,.F.);
#8042=ORIENTED_EDGE('',*,*,#5841,.T.);
#8043=ORIENTED_EDGE('',*,*,#5182,.F.);
#8044=ORIENTED_EDGE('',*,*,#5842,.F.);
#8045=ORIENTED_EDGE('',*,*,#4980,.F.);
#8046=ORIENTED_EDGE('',*,*,#5842,.T.);
#8047=ORIENTED_EDGE('',*,*,#5843,.F.);
#8048=ORIENTED_EDGE('',*,*,#5843,.T.);
#8049=ORIENTED_EDGE('',*,*,#5185,.F.);
#8050=ORIENTED_EDGE('',*,*,#5844,.F.);
#8051=ORIENTED_EDGE('',*,*,#4981,.F.);
#8052=ORIENTED_EDGE('',*,*,#5844,.T.);
#8053=ORIENTED_EDGE('',*,*,#5845,.F.);
#8054=ORIENTED_EDGE('',*,*,#5834,.F.);
#8055=ORIENTED_EDGE('',*,*,#5845,.T.);
#8056=ORIENTED_EDGE('',*,*,#5846,.F.);
#8057=ORIENTED_EDGE('',*,*,#5256,.T.);
#8058=ORIENTED_EDGE('',*,*,#5846,.T.);
#8059=ORIENTED_EDGE('',*,*,#5187,.F.);
#8060=ORIENTED_EDGE('',*,*,#4982,.T.);
#8061=ORIENTED_EDGE('',*,*,#5833,.T.);
#8062=ORIENTED_EDGE('',*,*,#5713,.F.);
#8063=ORIENTED_EDGE('',*,*,#5001,.F.);
#8064=ORIENTED_EDGE('',*,*,#5847,.T.);
#8065=ORIENTED_EDGE('',*,*,#5848,.T.);
#8066=ORIENTED_EDGE('',*,*,#5848,.F.);
#8067=ORIENTED_EDGE('',*,*,#5849,.T.);
#8068=ORIENTED_EDGE('',*,*,#5002,.T.);
#8069=ORIENTED_EDGE('',*,*,#5588,.T.);
#8070=ORIENTED_EDGE('',*,*,#5746,.T.);
#8071=ORIENTED_EDGE('',*,*,#5849,.F.);
#8072=ORIENTED_EDGE('',*,*,#5850,.T.);
#8073=ORIENTED_EDGE('',*,*,#5624,.T.);
#8074=ORIENTED_EDGE('',*,*,#5847,.F.);
#8075=ORIENTED_EDGE('',*,*,#4970,.F.);
#8076=ORIENTED_EDGE('',*,*,#5851,.T.);
#8077=ORIENTED_EDGE('',*,*,#5852,.T.);
#8078=ORIENTED_EDGE('',*,*,#5852,.F.);
#8079=ORIENTED_EDGE('',*,*,#5123,.T.);
#8080=ORIENTED_EDGE('',*,*,#5853,.F.);
#8081=ORIENTED_EDGE('',*,*,#5126,.F.);
#8082=ORIENTED_EDGE('',*,*,#5854,.F.);
#8083=ORIENTED_EDGE('',*,*,#5855,.T.);
#8084=ORIENTED_EDGE('',*,*,#5853,.T.);
#8085=ORIENTED_EDGE('',*,*,#5855,.F.);
#8086=ORIENTED_EDGE('',*,*,#4971,.T.);
#8087=ORIENTED_EDGE('',*,*,#5130,.F.);
#8088=ORIENTED_EDGE('',*,*,#5856,.T.);
#8089=ORIENTED_EDGE('',*,*,#5857,.T.);
#8090=ORIENTED_EDGE('',*,*,#5854,.T.);
#8091=ORIENTED_EDGE('',*,*,#5857,.F.);
#8092=ORIENTED_EDGE('',*,*,#4972,.T.);
#8093=ORIENTED_EDGE('',*,*,#4973,.T.);
#8094=ORIENTED_EDGE('',*,*,#5856,.F.);
#8095=ORIENTED_EDGE('',*,*,#5858,.F.);
#8096=ORIENTED_EDGE('',*,*,#5858,.T.);
#8097=ORIENTED_EDGE('',*,*,#5134,.F.);
#8098=ORIENTED_EDGE('',*,*,#5859,.F.);
#8099=ORIENTED_EDGE('',*,*,#5860,.F.);
#8100=ORIENTED_EDGE('',*,*,#4974,.F.);
#8101=ORIENTED_EDGE('',*,*,#5859,.T.);
#8102=ORIENTED_EDGE('',*,*,#5861,.T.);
#8103=ORIENTED_EDGE('',*,*,#5141,.T.);
#8104=ORIENTED_EDGE('',*,*,#5862,.F.);
#8105=ORIENTED_EDGE('',*,*,#4976,.F.);
#8106=ORIENTED_EDGE('',*,*,#5862,.T.);
#8107=ORIENTED_EDGE('',*,*,#5835,.F.);
#8108=ORIENTED_EDGE('',*,*,#5860,.T.);
#8109=ORIENTED_EDGE('',*,*,#5137,.F.);
#8110=ORIENTED_EDGE('',*,*,#5863,.F.);
#8111=ORIENTED_EDGE('',*,*,#4975,.F.);
#8112=ORIENTED_EDGE('',*,*,#5863,.T.);
#8113=ORIENTED_EDGE('',*,*,#5861,.F.);
#8114=ORIENTED_EDGE('',*,*,#4966,.T.);
#8115=ORIENTED_EDGE('',*,*,#5864,.T.);
#8116=ORIENTED_EDGE('',*,*,#5865,.F.);
#8117=ORIENTED_EDGE('',*,*,#5249,.T.);
#8118=ORIENTED_EDGE('',*,*,#5210,.F.);
#8119=ORIENTED_EDGE('',*,*,#5864,.F.);
#8120=ORIENTED_EDGE('',*,*,#5865,.T.);
#8121=ORIENTED_EDGE('',*,*,#5211,.F.);
#8122=ORIENTED_EDGE('',*,*,#5866,.F.);
#8123=ORIENTED_EDGE('',*,*,#4967,.T.);
#8124=ORIENTED_EDGE('',*,*,#5866,.T.);
#8125=ORIENTED_EDGE('',*,*,#5867,.F.);
#8126=ORIENTED_EDGE('',*,*,#5867,.T.);
#8127=ORIENTED_EDGE('',*,*,#5160,.F.);
#8128=ORIENTED_EDGE('',*,*,#5868,.F.);
#8129=ORIENTED_EDGE('',*,*,#5869,.F.);
#8130=ORIENTED_EDGE('',*,*,#4968,.T.);
#8131=ORIENTED_EDGE('',*,*,#5868,.T.);
#8132=ORIENTED_EDGE('',*,*,#4969,.F.);
#8133=ORIENTED_EDGE('',*,*,#5870,.T.);
#8134=ORIENTED_EDGE('',*,*,#5871,.T.);
#8135=ORIENTED_EDGE('',*,*,#5871,.F.);
#8136=ORIENTED_EDGE('',*,*,#5212,.T.);
#8137=ORIENTED_EDGE('',*,*,#5851,.F.);
#8138=ORIENTED_EDGE('',*,*,#5869,.T.);
#8139=ORIENTED_EDGE('',*,*,#5166,.T.);
#8140=ORIENTED_EDGE('',*,*,#5870,.F.);
#8141=ORIENTED_EDGE('',*,*,#5850,.F.);
#8142=ORIENTED_EDGE('',*,*,#5872,.F.);
#8143=ORIENTED_EDGE('',*,*,#5634,.T.);
#8144=ORIENTED_EDGE('',*,*,#5872,.T.);
#8145=ORIENTED_EDGE('',*,*,#5000,.F.);
#8146=ORIENTED_EDGE('',*,*,#5873,.F.);
#8147=ORIENTED_EDGE('',*,*,#5873,.T.);
#8148=ORIENTED_EDGE('',*,*,#4999,.F.);
#8149=ORIENTED_EDGE('',*,*,#5874,.T.);
#8150=ORIENTED_EDGE('',*,*,#5875,.T.);
#8151=ORIENTED_EDGE('',*,*,#5461,.T.);
#8152=ORIENTED_EDGE('',*,*,#5874,.F.);
#8153=ORIENTED_EDGE('',*,*,#4998,.T.);
#8154=ORIENTED_EDGE('',*,*,#5216,.T.);
#8155=ORIENTED_EDGE('',*,*,#5875,.F.);
#8156=CYLINDRICAL_SURFACE('',#8821,1.2645);
#8157=CYLINDRICAL_SURFACE('',#8825,1.2645);
#8158=CYLINDRICAL_SURFACE('',#8829,1.2645);
#8159=CYLINDRICAL_SURFACE('',#8833,1.2645);
#8160=CYLINDRICAL_SURFACE('',#8837,1.2645);
#8161=CYLINDRICAL_SURFACE('',#8841,1.2645);
#8162=CYLINDRICAL_SURFACE('',#8859,1.04999999999999);
#8163=CYLINDRICAL_SURFACE('',#8861,1.04999999999999);
#8164=CYLINDRICAL_SURFACE('',#8863,1.04999999999999);
#8165=CYLINDRICAL_SURFACE('',#8865,1.04999999999999);
#8166=CYLINDRICAL_SURFACE('',#8867,4.3);
#8167=CYLINDRICAL_SURFACE('',#8876,3.);
#8168=CYLINDRICAL_SURFACE('',#8878,3.);
#8169=ADVANCED_FACE('',(#666),#8156,.F.);
#8170=ADVANCED_FACE('',(#667),#29,.F.);
#8171=ADVANCED_FACE('',(#668),#8157,.F.);
#8172=ADVANCED_FACE('',(#669),#30,.F.);
#8173=ADVANCED_FACE('',(#670),#8158,.F.);
#8174=ADVANCED_FACE('',(#671),#31,.F.);
#8175=ADVANCED_FACE('',(#672),#8159,.F.);
#8176=ADVANCED_FACE('',(#673),#32,.F.);
#8177=ADVANCED_FACE('',(#674),#8160,.F.);
#8178=ADVANCED_FACE('',(#675),#33,.F.);
#8179=ADVANCED_FACE('',(#676),#8161,.F.);
#8180=ADVANCED_FACE('',(#677),#34,.F.);
#8181=ADVANCED_FACE('',(#678),#35,.F.);
#8182=ADVANCED_FACE('',(#679),#36,.F.);
#8183=ADVANCED_FACE('',(#680),#37,.F.);
#8184=ADVANCED_FACE('',(#681),#38,.F.);
#8185=ADVANCED_FACE('',(#682),#39,.F.);
#8186=ADVANCED_FACE('',(#683),#40,.T.);
#8187=ADVANCED_FACE('',(#684),#41,.T.);
#8188=ADVANCED_FACE('',(#685),#42,.T.);
#8189=ADVANCED_FACE('',(#686),#43,.T.);
#8190=ADVANCED_FACE('',(#687),#8162,.T.);
#8191=ADVANCED_FACE('',(#688),#8163,.T.);
#8192=ADVANCED_FACE('',(#689),#8164,.T.);
#8193=ADVANCED_FACE('',(#690),#8165,.T.);
#8194=ADVANCED_FACE('',(#691),#8166,.T.);
#8195=ADVANCED_FACE('',(#692),#44,.T.);
#8196=ADVANCED_FACE('',(#693),#45,.F.);
#8197=ADVANCED_FACE('',(#694),#46,.F.);
#8198=ADVANCED_FACE('',(#695),#8167,.F.);
#8199=ADVANCED_FACE('',(#696,#15,#16,#17,#18,#19,#20,#21,#22,#23,#24,#25),
#47,.T.);
#8200=ADVANCED_FACE('',(#697),#8168,.F.);
#8201=ADVANCED_FACE('',(#698),#48,.T.);
#8202=ADVANCED_FACE('',(#699),#49,.T.);
#8203=ADVANCED_FACE('',(#700),#50,.T.);
#8204=ADVANCED_FACE('',(#701),#51,.T.);
#8205=ADVANCED_FACE('',(#702),#52,.T.);
#8206=ADVANCED_FACE('',(#703,#26),#53,.T.);
#8207=ADVANCED_FACE('',(#704,#27,#28),#54,.T.);
#8208=ADVANCED_FACE('',(#705),#55,.T.);
#8209=ADVANCED_FACE('',(#706),#56,.T.);
#8210=ADVANCED_FACE('',(#707),#57,.T.);
#8211=ADVANCED_FACE('',(#708),#58,.T.);
#8212=ADVANCED_FACE('',(#709),#59,.T.);
#8213=ADVANCED_FACE('',(#710),#60,.T.);
#8214=ADVANCED_FACE('',(#711),#61,.T.);
#8215=ADVANCED_FACE('',(#712),#62,.T.);
#8216=ADVANCED_FACE('',(#713),#63,.T.);
#8217=ADVANCED_FACE('',(#714),#64,.T.);
#8218=ADVANCED_FACE('',(#715),#65,.T.);
#8219=ADVANCED_FACE('',(#716),#66,.T.);
#8220=ADVANCED_FACE('',(#717),#67,.T.);
#8221=ADVANCED_FACE('',(#718),#68,.T.);
#8222=ADVANCED_FACE('',(#719),#69,.T.);
#8223=ADVANCED_FACE('',(#720),#70,.T.);
#8224=ADVANCED_FACE('',(#721),#71,.T.);
#8225=ADVANCED_FACE('',(#722),#72,.T.);
#8226=ADVANCED_FACE('',(#723),#73,.T.);
#8227=ADVANCED_FACE('',(#724),#74,.T.);
#8228=ADVANCED_FACE('',(#725),#75,.T.);
#8229=ADVANCED_FACE('',(#726),#76,.T.);
#8230=ADVANCED_FACE('',(#727),#77,.T.);
#8231=ADVANCED_FACE('',(#728),#78,.T.);
#8232=ADVANCED_FACE('',(#729),#79,.T.);
#8233=ADVANCED_FACE('',(#730),#80,.T.);
#8234=ADVANCED_FACE('',(#731),#81,.T.);
#8235=ADVANCED_FACE('',(#732),#82,.T.);
#8236=ADVANCED_FACE('',(#733),#83,.T.);
#8237=ADVANCED_FACE('',(#734),#84,.T.);
#8238=ADVANCED_FACE('',(#735),#85,.T.);
#8239=ADVANCED_FACE('',(#736),#86,.T.);
#8240=ADVANCED_FACE('',(#737),#87,.T.);
#8241=ADVANCED_FACE('',(#738),#88,.T.);
#8242=ADVANCED_FACE('',(#739),#89,.T.);
#8243=ADVANCED_FACE('',(#740),#90,.T.);
#8244=ADVANCED_FACE('',(#741),#91,.T.);
#8245=ADVANCED_FACE('',(#742),#92,.T.);
#8246=ADVANCED_FACE('',(#743),#93,.T.);
#8247=ADVANCED_FACE('',(#744),#94,.T.);
#8248=ADVANCED_FACE('',(#745),#95,.T.);
#8249=ADVANCED_FACE('',(#746),#96,.T.);
#8250=ADVANCED_FACE('',(#747),#97,.T.);
#8251=ADVANCED_FACE('',(#748),#98,.T.);
#8252=ADVANCED_FACE('',(#749),#99,.T.);
#8253=ADVANCED_FACE('',(#750),#100,.T.);
#8254=ADVANCED_FACE('',(#751),#101,.T.);
#8255=ADVANCED_FACE('',(#752),#102,.T.);
#8256=ADVANCED_FACE('',(#753),#103,.T.);
#8257=ADVANCED_FACE('',(#754),#104,.T.);
#8258=ADVANCED_FACE('',(#755),#105,.T.);
#8259=ADVANCED_FACE('',(#756),#106,.T.);
#8260=ADVANCED_FACE('',(#757),#107,.T.);
#8261=ADVANCED_FACE('',(#758),#108,.T.);
#8262=ADVANCED_FACE('',(#759),#109,.T.);
#8263=ADVANCED_FACE('',(#760),#110,.T.);
#8264=ADVANCED_FACE('',(#761),#111,.T.);
#8265=ADVANCED_FACE('',(#762),#112,.T.);
#8266=ADVANCED_FACE('',(#763),#113,.T.);
#8267=ADVANCED_FACE('',(#764),#114,.T.);
#8268=ADVANCED_FACE('',(#765),#115,.T.);
#8269=ADVANCED_FACE('',(#766),#116,.T.);
#8270=ADVANCED_FACE('',(#767),#117,.T.);
#8271=ADVANCED_FACE('',(#768),#118,.T.);
#8272=ADVANCED_FACE('',(#769),#119,.T.);
#8273=ADVANCED_FACE('',(#770),#120,.T.);
#8274=ADVANCED_FACE('',(#771),#121,.T.);
#8275=ADVANCED_FACE('',(#772),#122,.T.);
#8276=ADVANCED_FACE('',(#773),#123,.T.);
#8277=ADVANCED_FACE('',(#774),#124,.T.);
#8278=ADVANCED_FACE('',(#775),#125,.T.);
#8279=ADVANCED_FACE('',(#776),#126,.T.);
#8280=ADVANCED_FACE('',(#777),#127,.T.);
#8281=ADVANCED_FACE('',(#778),#128,.T.);
#8282=ADVANCED_FACE('',(#779),#129,.T.);
#8283=ADVANCED_FACE('',(#780),#130,.T.);
#8284=ADVANCED_FACE('',(#781),#131,.T.);
#8285=ADVANCED_FACE('',(#782),#132,.T.);
#8286=ADVANCED_FACE('',(#783),#133,.T.);
#8287=ADVANCED_FACE('',(#784),#134,.T.);
#8288=ADVANCED_FACE('',(#785),#135,.T.);
#8289=ADVANCED_FACE('',(#786),#136,.T.);
#8290=ADVANCED_FACE('',(#787),#137,.T.);
#8291=ADVANCED_FACE('',(#788),#138,.T.);
#8292=ADVANCED_FACE('',(#789),#139,.T.);
#8293=ADVANCED_FACE('',(#790),#140,.T.);
#8294=ADVANCED_FACE('',(#791),#141,.T.);
#8295=ADVANCED_FACE('',(#792),#142,.T.);
#8296=ADVANCED_FACE('',(#793),#143,.T.);
#8297=ADVANCED_FACE('',(#794),#144,.T.);
#8298=ADVANCED_FACE('',(#795),#145,.T.);
#8299=ADVANCED_FACE('',(#796),#146,.T.);
#8300=ADVANCED_FACE('',(#797),#147,.T.);
#8301=ADVANCED_FACE('',(#798),#148,.T.);
#8302=ADVANCED_FACE('',(#799),#149,.T.);
#8303=ADVANCED_FACE('',(#800),#150,.T.);
#8304=ADVANCED_FACE('',(#801),#151,.T.);
#8305=ADVANCED_FACE('',(#802),#152,.T.);
#8306=ADVANCED_FACE('',(#803),#153,.T.);
#8307=ADVANCED_FACE('',(#804),#154,.T.);
#8308=ADVANCED_FACE('',(#805),#155,.T.);
#8309=ADVANCED_FACE('',(#806),#156,.T.);
#8310=ADVANCED_FACE('',(#807),#157,.T.);
#8311=ADVANCED_FACE('',(#808),#158,.T.);
#8312=ADVANCED_FACE('',(#809),#159,.T.);
#8313=ADVANCED_FACE('',(#810),#160,.T.);
#8314=ADVANCED_FACE('',(#811),#161,.T.);
#8315=ADVANCED_FACE('',(#812),#162,.T.);
#8316=ADVANCED_FACE('',(#813),#163,.T.);
#8317=ADVANCED_FACE('',(#814),#164,.T.);
#8318=ADVANCED_FACE('',(#815),#165,.T.);
#8319=ADVANCED_FACE('',(#816),#166,.T.);
#8320=ADVANCED_FACE('',(#817),#167,.T.);
#8321=ADVANCED_FACE('',(#818),#168,.T.);
#8322=ADVANCED_FACE('',(#819),#169,.T.);
#8323=ADVANCED_FACE('',(#820),#170,.T.);
#8324=ADVANCED_FACE('',(#821),#171,.T.);
#8325=ADVANCED_FACE('',(#822),#172,.T.);
#8326=ADVANCED_FACE('',(#823),#173,.T.);
#8327=ADVANCED_FACE('',(#824),#174,.T.);
#8328=ADVANCED_FACE('',(#825),#175,.T.);
#8329=ADVANCED_FACE('',(#826),#176,.T.);
#8330=ADVANCED_FACE('',(#827),#177,.T.);
#8331=ADVANCED_FACE('',(#828),#178,.T.);
#8332=ADVANCED_FACE('',(#829),#179,.T.);
#8333=ADVANCED_FACE('',(#830),#180,.T.);
#8334=ADVANCED_FACE('',(#831),#181,.T.);
#8335=ADVANCED_FACE('',(#832),#182,.T.);
#8336=ADVANCED_FACE('',(#833),#183,.T.);
#8337=ADVANCED_FACE('',(#834),#184,.T.);
#8338=ADVANCED_FACE('',(#835),#185,.T.);
#8339=ADVANCED_FACE('',(#836),#186,.T.);
#8340=ADVANCED_FACE('',(#837),#187,.T.);
#8341=ADVANCED_FACE('',(#838),#188,.T.);
#8342=ADVANCED_FACE('',(#839),#189,.T.);
#8343=ADVANCED_FACE('',(#840),#190,.T.);
#8344=ADVANCED_FACE('',(#841),#191,.T.);
#8345=ADVANCED_FACE('',(#842),#192,.T.);
#8346=ADVANCED_FACE('',(#843),#193,.T.);
#8347=ADVANCED_FACE('',(#844),#194,.T.);
#8348=ADVANCED_FACE('',(#845),#195,.T.);
#8349=ADVANCED_FACE('',(#846),#196,.T.);
#8350=ADVANCED_FACE('',(#847),#197,.T.);
#8351=ADVANCED_FACE('',(#848),#198,.T.);
#8352=ADVANCED_FACE('',(#849),#199,.T.);
#8353=ADVANCED_FACE('',(#850),#200,.T.);
#8354=ADVANCED_FACE('',(#851),#201,.T.);
#8355=ADVANCED_FACE('',(#852),#202,.T.);
#8356=ADVANCED_FACE('',(#853),#203,.T.);
#8357=ADVANCED_FACE('',(#854),#204,.T.);
#8358=ADVANCED_FACE('',(#855),#205,.T.);
#8359=ADVANCED_FACE('',(#856),#206,.T.);
#8360=ADVANCED_FACE('',(#857),#207,.T.);
#8361=ADVANCED_FACE('',(#858),#208,.T.);
#8362=ADVANCED_FACE('',(#859),#209,.T.);
#8363=ADVANCED_FACE('',(#860),#210,.T.);
#8364=ADVANCED_FACE('',(#861),#211,.T.);
#8365=ADVANCED_FACE('',(#862),#212,.T.);
#8366=ADVANCED_FACE('',(#863),#213,.T.);
#8367=ADVANCED_FACE('',(#864),#214,.T.);
#8368=ADVANCED_FACE('',(#865),#215,.T.);
#8369=ADVANCED_FACE('',(#866),#216,.T.);
#8370=ADVANCED_FACE('',(#867),#217,.T.);
#8371=ADVANCED_FACE('',(#868),#218,.T.);
#8372=ADVANCED_FACE('',(#869),#219,.T.);
#8373=ADVANCED_FACE('',(#870),#220,.T.);
#8374=ADVANCED_FACE('',(#871),#221,.T.);
#8375=ADVANCED_FACE('',(#872),#222,.T.);
#8376=ADVANCED_FACE('',(#873),#223,.T.);
#8377=ADVANCED_FACE('',(#874),#224,.T.);
#8378=ADVANCED_FACE('',(#875),#225,.T.);
#8379=ADVANCED_FACE('',(#876),#226,.T.);
#8380=ADVANCED_FACE('',(#877),#227,.T.);
#8381=ADVANCED_FACE('',(#878),#228,.T.);
#8382=ADVANCED_FACE('',(#879),#229,.T.);
#8383=ADVANCED_FACE('',(#880),#230,.T.);
#8384=ADVANCED_FACE('',(#881),#231,.T.);
#8385=ADVANCED_FACE('',(#882),#232,.T.);
#8386=ADVANCED_FACE('',(#883),#233,.T.);
#8387=ADVANCED_FACE('',(#884),#234,.T.);
#8388=ADVANCED_FACE('',(#885),#235,.T.);
#8389=ADVANCED_FACE('',(#886),#236,.T.);
#8390=ADVANCED_FACE('',(#887),#237,.T.);
#8391=ADVANCED_FACE('',(#888),#238,.T.);
#8392=ADVANCED_FACE('',(#889),#239,.T.);
#8393=ADVANCED_FACE('',(#890),#240,.T.);
#8394=ADVANCED_FACE('',(#891),#241,.T.);
#8395=ADVANCED_FACE('',(#892),#242,.T.);
#8396=ADVANCED_FACE('',(#893),#243,.T.);
#8397=ADVANCED_FACE('',(#894),#244,.T.);
#8398=ADVANCED_FACE('',(#895),#245,.T.);
#8399=ADVANCED_FACE('',(#896),#246,.T.);
#8400=ADVANCED_FACE('',(#897),#247,.T.);
#8401=ADVANCED_FACE('',(#898),#248,.T.);
#8402=ADVANCED_FACE('',(#899),#249,.T.);
#8403=ADVANCED_FACE('',(#900),#250,.T.);
#8404=ADVANCED_FACE('',(#901),#251,.T.);
#8405=ADVANCED_FACE('',(#902),#252,.T.);
#8406=ADVANCED_FACE('',(#903),#253,.T.);
#8407=ADVANCED_FACE('',(#904),#254,.T.);
#8408=ADVANCED_FACE('',(#905),#255,.T.);
#8409=ADVANCED_FACE('',(#906),#256,.T.);
#8410=ADVANCED_FACE('',(#907),#257,.T.);
#8411=ADVANCED_FACE('',(#908),#258,.T.);
#8412=ADVANCED_FACE('',(#909),#259,.T.);
#8413=ADVANCED_FACE('',(#910),#260,.T.);
#8414=ADVANCED_FACE('',(#911),#261,.T.);
#8415=ADVANCED_FACE('',(#912),#262,.T.);
#8416=ADVANCED_FACE('',(#913),#263,.T.);
#8417=ADVANCED_FACE('',(#914),#264,.T.);
#8418=ADVANCED_FACE('',(#915),#265,.T.);
#8419=ADVANCED_FACE('',(#916),#266,.T.);
#8420=ADVANCED_FACE('',(#917),#267,.T.);
#8421=ADVANCED_FACE('',(#918),#268,.T.);
#8422=ADVANCED_FACE('',(#919),#269,.T.);
#8423=ADVANCED_FACE('',(#920),#270,.T.);
#8424=ADVANCED_FACE('',(#921),#271,.T.);
#8425=ADVANCED_FACE('',(#922),#272,.T.);
#8426=ADVANCED_FACE('',(#923),#273,.T.);
#8427=ADVANCED_FACE('',(#924),#274,.T.);
#8428=ADVANCED_FACE('',(#925),#275,.T.);
#8429=ADVANCED_FACE('',(#926),#276,.T.);
#8430=ADVANCED_FACE('',(#927),#277,.T.);
#8431=ADVANCED_FACE('',(#928),#278,.T.);
#8432=ADVANCED_FACE('',(#929),#279,.T.);
#8433=ADVANCED_FACE('',(#930),#280,.T.);
#8434=ADVANCED_FACE('',(#931),#281,.T.);
#8435=ADVANCED_FACE('',(#932),#282,.T.);
#8436=ADVANCED_FACE('',(#933),#283,.T.);
#8437=ADVANCED_FACE('',(#934),#284,.T.);
#8438=ADVANCED_FACE('',(#935),#285,.T.);
#8439=ADVANCED_FACE('',(#936),#286,.T.);
#8440=ADVANCED_FACE('',(#937),#287,.T.);
#8441=ADVANCED_FACE('',(#938),#288,.T.);
#8442=ADVANCED_FACE('',(#939),#289,.T.);
#8443=ADVANCED_FACE('',(#940),#290,.T.);
#8444=ADVANCED_FACE('',(#941),#291,.T.);
#8445=ADVANCED_FACE('',(#942),#292,.T.);
#8446=ADVANCED_FACE('',(#943),#293,.T.);
#8447=ADVANCED_FACE('',(#944),#294,.T.);
#8448=ADVANCED_FACE('',(#945),#295,.T.);
#8449=ADVANCED_FACE('',(#946),#296,.T.);
#8450=ADVANCED_FACE('',(#947),#297,.T.);
#8451=ADVANCED_FACE('',(#948),#298,.T.);
#8452=ADVANCED_FACE('',(#949),#299,.T.);
#8453=ADVANCED_FACE('',(#950),#300,.T.);
#8454=ADVANCED_FACE('',(#951),#301,.T.);
#8455=ADVANCED_FACE('',(#952),#302,.T.);
#8456=ADVANCED_FACE('',(#953),#303,.T.);
#8457=ADVANCED_FACE('',(#954),#304,.T.);
#8458=ADVANCED_FACE('',(#955),#305,.T.);
#8459=ADVANCED_FACE('',(#956),#306,.T.);
#8460=ADVANCED_FACE('',(#957),#307,.T.);
#8461=ADVANCED_FACE('',(#958),#308,.T.);
#8462=ADVANCED_FACE('',(#959),#309,.T.);
#8463=ADVANCED_FACE('',(#960),#310,.T.);
#8464=ADVANCED_FACE('',(#961),#311,.T.);
#8465=ADVANCED_FACE('',(#962),#312,.T.);
#8466=ADVANCED_FACE('',(#963),#313,.T.);
#8467=ADVANCED_FACE('',(#964),#314,.T.);
#8468=ADVANCED_FACE('',(#965),#315,.T.);
#8469=ADVANCED_FACE('',(#966),#316,.T.);
#8470=ADVANCED_FACE('',(#967),#317,.T.);
#8471=ADVANCED_FACE('',(#968),#318,.T.);
#8472=ADVANCED_FACE('',(#969),#319,.T.);
#8473=ADVANCED_FACE('',(#970),#320,.T.);
#8474=ADVANCED_FACE('',(#971),#321,.T.);
#8475=ADVANCED_FACE('',(#972),#322,.T.);
#8476=ADVANCED_FACE('',(#973),#323,.T.);
#8477=ADVANCED_FACE('',(#974),#324,.T.);
#8478=ADVANCED_FACE('',(#975),#325,.T.);
#8479=ADVANCED_FACE('',(#976),#326,.T.);
#8480=ADVANCED_FACE('',(#977),#327,.T.);
#8481=ADVANCED_FACE('',(#978),#328,.T.);
#8482=ADVANCED_FACE('',(#979),#329,.T.);
#8483=ADVANCED_FACE('',(#980),#330,.T.);
#8484=ADVANCED_FACE('',(#981),#331,.T.);
#8485=ADVANCED_FACE('',(#982),#332,.T.);
#8486=ADVANCED_FACE('',(#983),#333,.T.);
#8487=ADVANCED_FACE('',(#984),#334,.T.);
#8488=ADVANCED_FACE('',(#985),#335,.T.);
#8489=ADVANCED_FACE('',(#986),#336,.T.);
#8490=ADVANCED_FACE('',(#987),#337,.T.);
#8491=ADVANCED_FACE('',(#988),#338,.T.);
#8492=ADVANCED_FACE('',(#989),#339,.T.);
#8493=ADVANCED_FACE('',(#990),#340,.T.);
#8494=ADVANCED_FACE('',(#991),#341,.T.);
#8495=ADVANCED_FACE('',(#992),#342,.T.);
#8496=ADVANCED_FACE('',(#993),#343,.T.);
#8497=ADVANCED_FACE('',(#994),#344,.T.);
#8498=ADVANCED_FACE('',(#995),#345,.T.);
#8499=ADVANCED_FACE('',(#996),#346,.T.);
#8500=ADVANCED_FACE('',(#997),#347,.T.);
#8501=ADVANCED_FACE('',(#998),#348,.T.);
#8502=ADVANCED_FACE('',(#999),#349,.T.);
#8503=ADVANCED_FACE('',(#1000),#350,.T.);
#8504=ADVANCED_FACE('',(#1001),#351,.T.);
#8505=ADVANCED_FACE('',(#1002),#352,.T.);
#8506=ADVANCED_FACE('',(#1003),#353,.T.);
#8507=ADVANCED_FACE('',(#1004),#354,.T.);
#8508=ADVANCED_FACE('',(#1005),#355,.T.);
#8509=ADVANCED_FACE('',(#1006),#356,.T.);
#8510=ADVANCED_FACE('',(#1007),#357,.T.);
#8511=ADVANCED_FACE('',(#1008),#358,.T.);
#8512=ADVANCED_FACE('',(#1009),#359,.T.);
#8513=ADVANCED_FACE('',(#1010),#360,.T.);
#8514=ADVANCED_FACE('',(#1011),#361,.T.);
#8515=ADVANCED_FACE('',(#1012),#362,.T.);
#8516=ADVANCED_FACE('',(#1013),#363,.T.);
#8517=ADVANCED_FACE('',(#1014),#364,.T.);
#8518=ADVANCED_FACE('',(#1015),#365,.T.);
#8519=ADVANCED_FACE('',(#1016),#366,.T.);
#8520=ADVANCED_FACE('',(#1017),#367,.T.);
#8521=ADVANCED_FACE('',(#1018),#368,.T.);
#8522=ADVANCED_FACE('',(#1019),#369,.T.);
#8523=ADVANCED_FACE('',(#1020),#370,.T.);
#8524=ADVANCED_FACE('',(#1021),#371,.T.);
#8525=ADVANCED_FACE('',(#1022),#372,.T.);
#8526=ADVANCED_FACE('',(#1023),#373,.T.);
#8527=ADVANCED_FACE('',(#1024),#374,.T.);
#8528=ADVANCED_FACE('',(#1025),#375,.T.);
#8529=ADVANCED_FACE('',(#1026),#376,.T.);
#8530=ADVANCED_FACE('',(#1027),#377,.T.);
#8531=ADVANCED_FACE('',(#1028),#378,.T.);
#8532=ADVANCED_FACE('',(#1029),#379,.T.);
#8533=ADVANCED_FACE('',(#1030),#380,.T.);
#8534=ADVANCED_FACE('',(#1031),#381,.T.);
#8535=ADVANCED_FACE('',(#1032),#382,.T.);
#8536=ADVANCED_FACE('',(#1033),#383,.T.);
#8537=ADVANCED_FACE('',(#1034),#384,.T.);
#8538=ADVANCED_FACE('',(#1035),#385,.T.);
#8539=ADVANCED_FACE('',(#1036),#386,.T.);
#8540=ADVANCED_FACE('',(#1037),#387,.T.);
#8541=ADVANCED_FACE('',(#1038),#388,.T.);
#8542=ADVANCED_FACE('',(#1039),#389,.T.);
#8543=ADVANCED_FACE('',(#1040),#390,.T.);
#8544=ADVANCED_FACE('',(#1041),#391,.T.);
#8545=ADVANCED_FACE('',(#1042),#392,.T.);
#8546=ADVANCED_FACE('',(#1043),#393,.T.);
#8547=ADVANCED_FACE('',(#1044),#394,.T.);
#8548=ADVANCED_FACE('',(#1045),#395,.T.);
#8549=ADVANCED_FACE('',(#1046),#396,.T.);
#8550=ADVANCED_FACE('',(#1047),#397,.T.);
#8551=ADVANCED_FACE('',(#1048),#398,.T.);
#8552=ADVANCED_FACE('',(#1049),#399,.T.);
#8553=ADVANCED_FACE('',(#1050),#400,.T.);
#8554=ADVANCED_FACE('',(#1051),#401,.T.);
#8555=ADVANCED_FACE('',(#1052),#402,.T.);
#8556=ADVANCED_FACE('',(#1053),#403,.T.);
#8557=ADVANCED_FACE('',(#1054),#404,.T.);
#8558=ADVANCED_FACE('',(#1055),#405,.T.);
#8559=ADVANCED_FACE('',(#1056),#406,.T.);
#8560=ADVANCED_FACE('',(#1057),#407,.T.);
#8561=ADVANCED_FACE('',(#1058),#408,.T.);
#8562=ADVANCED_FACE('',(#1059),#409,.T.);
#8563=ADVANCED_FACE('',(#1060),#410,.T.);
#8564=ADVANCED_FACE('',(#1061),#411,.T.);
#8565=ADVANCED_FACE('',(#1062),#412,.T.);
#8566=ADVANCED_FACE('',(#1063),#413,.T.);
#8567=ADVANCED_FACE('',(#1064),#414,.T.);
#8568=ADVANCED_FACE('',(#1065),#415,.T.);
#8569=ADVANCED_FACE('',(#1066),#416,.T.);
#8570=ADVANCED_FACE('',(#1067),#417,.T.);
#8571=ADVANCED_FACE('',(#1068),#418,.T.);
#8572=ADVANCED_FACE('',(#1069),#419,.T.);
#8573=ADVANCED_FACE('',(#1070),#420,.T.);
#8574=ADVANCED_FACE('',(#1071),#421,.T.);
#8575=ADVANCED_FACE('',(#1072),#422,.T.);
#8576=ADVANCED_FACE('',(#1073),#423,.T.);
#8577=ADVANCED_FACE('',(#1074),#424,.T.);
#8578=ADVANCED_FACE('',(#1075),#425,.T.);
#8579=ADVANCED_FACE('',(#1076),#426,.T.);
#8580=ADVANCED_FACE('',(#1077),#427,.T.);
#8581=ADVANCED_FACE('',(#1078),#428,.T.);
#8582=ADVANCED_FACE('',(#1079),#429,.T.);
#8583=ADVANCED_FACE('',(#1080),#430,.T.);
#8584=ADVANCED_FACE('',(#1081),#431,.T.);
#8585=ADVANCED_FACE('',(#1082),#432,.T.);
#8586=ADVANCED_FACE('',(#1083),#433,.T.);
#8587=ADVANCED_FACE('',(#1084),#434,.T.);
#8588=ADVANCED_FACE('',(#1085),#435,.T.);
#8589=ADVANCED_FACE('',(#1086),#436,.T.);
#8590=ADVANCED_FACE('',(#1087),#437,.T.);
#8591=ADVANCED_FACE('',(#1088),#438,.T.);
#8592=ADVANCED_FACE('',(#1089),#439,.T.);
#8593=ADVANCED_FACE('',(#1090),#440,.T.);
#8594=ADVANCED_FACE('',(#1091),#441,.T.);
#8595=ADVANCED_FACE('',(#1092),#442,.T.);
#8596=ADVANCED_FACE('',(#1093),#443,.T.);
#8597=ADVANCED_FACE('',(#1094),#444,.T.);
#8598=ADVANCED_FACE('',(#1095),#445,.T.);
#8599=ADVANCED_FACE('',(#1096),#446,.T.);
#8600=ADVANCED_FACE('',(#1097),#447,.T.);
#8601=ADVANCED_FACE('',(#1098),#448,.T.);
#8602=ADVANCED_FACE('',(#1099),#449,.T.);
#8603=ADVANCED_FACE('',(#1100),#450,.T.);
#8604=ADVANCED_FACE('',(#1101),#451,.T.);
#8605=ADVANCED_FACE('',(#1102),#452,.T.);
#8606=ADVANCED_FACE('',(#1103),#453,.T.);
#8607=ADVANCED_FACE('',(#1104),#454,.T.);
#8608=ADVANCED_FACE('',(#1105),#455,.T.);
#8609=ADVANCED_FACE('',(#1106),#456,.T.);
#8610=ADVANCED_FACE('',(#1107),#457,.T.);
#8611=ADVANCED_FACE('',(#1108),#458,.T.);
#8612=ADVANCED_FACE('',(#1109),#459,.T.);
#8613=ADVANCED_FACE('',(#1110),#460,.T.);
#8614=ADVANCED_FACE('',(#1111),#461,.T.);
#8615=ADVANCED_FACE('',(#1112),#462,.T.);
#8616=ADVANCED_FACE('',(#1113),#463,.T.);
#8617=ADVANCED_FACE('',(#1114),#464,.T.);
#8618=ADVANCED_FACE('',(#1115),#465,.T.);
#8619=ADVANCED_FACE('',(#1116),#466,.T.);
#8620=ADVANCED_FACE('',(#1117),#467,.T.);
#8621=ADVANCED_FACE('',(#1118),#468,.T.);
#8622=ADVANCED_FACE('',(#1119),#469,.T.);
#8623=ADVANCED_FACE('',(#1120),#470,.T.);
#8624=ADVANCED_FACE('',(#1121),#471,.T.);
#8625=ADVANCED_FACE('',(#1122),#472,.T.);
#8626=ADVANCED_FACE('',(#1123),#473,.T.);
#8627=ADVANCED_FACE('',(#1124),#474,.T.);
#8628=ADVANCED_FACE('',(#1125),#475,.T.);
#8629=ADVANCED_FACE('',(#1126),#476,.T.);
#8630=ADVANCED_FACE('',(#1127),#477,.T.);
#8631=ADVANCED_FACE('',(#1128),#478,.T.);
#8632=ADVANCED_FACE('',(#1129),#479,.T.);
#8633=ADVANCED_FACE('',(#1130),#480,.T.);
#8634=ADVANCED_FACE('',(#1131),#481,.T.);
#8635=ADVANCED_FACE('',(#1132),#482,.T.);
#8636=ADVANCED_FACE('',(#1133),#483,.T.);
#8637=ADVANCED_FACE('',(#1134),#484,.T.);
#8638=ADVANCED_FACE('',(#1135),#485,.T.);
#8639=ADVANCED_FACE('',(#1136),#486,.T.);
#8640=ADVANCED_FACE('',(#1137),#487,.T.);
#8641=ADVANCED_FACE('',(#1138),#488,.T.);
#8642=ADVANCED_FACE('',(#1139),#489,.T.);
#8643=ADVANCED_FACE('',(#1140),#490,.T.);
#8644=ADVANCED_FACE('',(#1141),#491,.T.);
#8645=ADVANCED_FACE('',(#1142),#492,.T.);
#8646=ADVANCED_FACE('',(#1143),#493,.T.);
#8647=ADVANCED_FACE('',(#1144),#494,.T.);
#8648=ADVANCED_FACE('',(#1145),#495,.T.);
#8649=ADVANCED_FACE('',(#1146),#496,.T.);
#8650=ADVANCED_FACE('',(#1147),#497,.T.);
#8651=ADVANCED_FACE('',(#1148),#498,.T.);
#8652=ADVANCED_FACE('',(#1149),#499,.T.);
#8653=ADVANCED_FACE('',(#1150),#500,.T.);
#8654=ADVANCED_FACE('',(#1151),#501,.T.);
#8655=ADVANCED_FACE('',(#1152),#502,.T.);
#8656=ADVANCED_FACE('',(#1153),#503,.T.);
#8657=ADVANCED_FACE('',(#1154),#504,.T.);
#8658=ADVANCED_FACE('',(#1155),#505,.T.);
#8659=ADVANCED_FACE('',(#1156),#506,.T.);
#8660=ADVANCED_FACE('',(#1157),#507,.T.);
#8661=ADVANCED_FACE('',(#1158),#508,.T.);
#8662=ADVANCED_FACE('',(#1159),#509,.T.);
#8663=ADVANCED_FACE('',(#1160),#510,.T.);
#8664=ADVANCED_FACE('',(#1161),#511,.T.);
#8665=ADVANCED_FACE('',(#1162),#512,.T.);
#8666=ADVANCED_FACE('',(#1163),#513,.T.);
#8667=ADVANCED_FACE('',(#1164),#514,.T.);
#8668=ADVANCED_FACE('',(#1165),#515,.T.);
#8669=ADVANCED_FACE('',(#1166),#516,.T.);
#8670=ADVANCED_FACE('',(#1167),#517,.T.);
#8671=ADVANCED_FACE('',(#1168),#518,.T.);
#8672=ADVANCED_FACE('',(#1169),#519,.T.);
#8673=ADVANCED_FACE('',(#1170),#520,.T.);
#8674=ADVANCED_FACE('',(#1171),#521,.T.);
#8675=ADVANCED_FACE('',(#1172),#522,.T.);
#8676=ADVANCED_FACE('',(#1173),#523,.T.);
#8677=ADVANCED_FACE('',(#1174),#524,.T.);
#8678=ADVANCED_FACE('',(#1175),#525,.T.);
#8679=ADVANCED_FACE('',(#1176),#526,.T.);
#8680=ADVANCED_FACE('',(#1177),#527,.T.);
#8681=ADVANCED_FACE('',(#1178),#528,.T.);
#8682=ADVANCED_FACE('',(#1179),#529,.T.);
#8683=ADVANCED_FACE('',(#1180),#530,.T.);
#8684=ADVANCED_FACE('',(#1181),#531,.T.);
#8685=ADVANCED_FACE('',(#1182),#532,.T.);
#8686=ADVANCED_FACE('',(#1183),#533,.T.);
#8687=ADVANCED_FACE('',(#1184),#534,.T.);
#8688=ADVANCED_FACE('',(#1185),#535,.T.);
#8689=ADVANCED_FACE('',(#1186),#536,.T.);
#8690=ADVANCED_FACE('',(#1187),#537,.T.);
#8691=ADVANCED_FACE('',(#1188),#538,.T.);
#8692=ADVANCED_FACE('',(#1189),#539,.T.);
#8693=ADVANCED_FACE('',(#1190),#540,.T.);
#8694=ADVANCED_FACE('',(#1191),#541,.T.);
#8695=ADVANCED_FACE('',(#1192),#542,.T.);
#8696=ADVANCED_FACE('',(#1193),#543,.T.);
#8697=ADVANCED_FACE('',(#1194),#544,.T.);
#8698=ADVANCED_FACE('',(#1195),#545,.T.);
#8699=ADVANCED_FACE('',(#1196),#546,.T.);
#8700=ADVANCED_FACE('',(#1197),#547,.T.);
#8701=ADVANCED_FACE('',(#1198),#548,.T.);
#8702=ADVANCED_FACE('',(#1199),#549,.T.);
#8703=ADVANCED_FACE('',(#1200),#550,.T.);
#8704=ADVANCED_FACE('',(#1201),#551,.T.);
#8705=ADVANCED_FACE('',(#1202),#552,.T.);
#8706=ADVANCED_FACE('',(#1203),#553,.T.);
#8707=ADVANCED_FACE('',(#1204),#554,.T.);
#8708=ADVANCED_FACE('',(#1205),#555,.T.);
#8709=ADVANCED_FACE('',(#1206),#556,.T.);
#8710=ADVANCED_FACE('',(#1207),#557,.T.);
#8711=ADVANCED_FACE('',(#1208),#558,.T.);
#8712=ADVANCED_FACE('',(#1209),#559,.T.);
#8713=ADVANCED_FACE('',(#1210),#560,.T.);
#8714=ADVANCED_FACE('',(#1211),#561,.T.);
#8715=ADVANCED_FACE('',(#1212),#562,.T.);
#8716=ADVANCED_FACE('',(#1213),#563,.T.);
#8717=ADVANCED_FACE('',(#1214),#564,.T.);
#8718=ADVANCED_FACE('',(#1215),#565,.T.);
#8719=ADVANCED_FACE('',(#1216),#566,.T.);
#8720=ADVANCED_FACE('',(#1217),#567,.T.);
#8721=ADVANCED_FACE('',(#1218),#568,.T.);
#8722=ADVANCED_FACE('',(#1219),#569,.T.);
#8723=ADVANCED_FACE('',(#1220),#570,.T.);
#8724=ADVANCED_FACE('',(#1221),#571,.T.);
#8725=ADVANCED_FACE('',(#1222),#572,.T.);
#8726=ADVANCED_FACE('',(#1223),#573,.T.);
#8727=ADVANCED_FACE('',(#1224),#574,.T.);
#8728=ADVANCED_FACE('',(#1225),#575,.T.);
#8729=ADVANCED_FACE('',(#1226),#576,.T.);
#8730=ADVANCED_FACE('',(#1227),#577,.T.);
#8731=ADVANCED_FACE('',(#1228),#578,.T.);
#8732=ADVANCED_FACE('',(#1229),#579,.T.);
#8733=ADVANCED_FACE('',(#1230),#580,.T.);
#8734=ADVANCED_FACE('',(#1231),#581,.T.);
#8735=ADVANCED_FACE('',(#1232),#582,.T.);
#8736=ADVANCED_FACE('',(#1233),#583,.T.);
#8737=ADVANCED_FACE('',(#1234),#584,.T.);
#8738=ADVANCED_FACE('',(#1235),#585,.T.);
#8739=ADVANCED_FACE('',(#1236),#586,.T.);
#8740=ADVANCED_FACE('',(#1237),#587,.T.);
#8741=ADVANCED_FACE('',(#1238),#588,.T.);
#8742=ADVANCED_FACE('',(#1239),#589,.T.);
#8743=ADVANCED_FACE('',(#1240),#590,.T.);
#8744=ADVANCED_FACE('',(#1241),#591,.T.);
#8745=ADVANCED_FACE('',(#1242),#592,.T.);
#8746=ADVANCED_FACE('',(#1243),#593,.T.);
#8747=ADVANCED_FACE('',(#1244),#594,.T.);
#8748=ADVANCED_FACE('',(#1245),#595,.T.);
#8749=ADVANCED_FACE('',(#1246),#596,.T.);
#8750=ADVANCED_FACE('',(#1247),#597,.T.);
#8751=ADVANCED_FACE('',(#1248),#598,.T.);
#8752=ADVANCED_FACE('',(#1249),#599,.T.);
#8753=ADVANCED_FACE('',(#1250),#600,.T.);
#8754=ADVANCED_FACE('',(#1251),#601,.T.);
#8755=ADVANCED_FACE('',(#1252),#602,.T.);
#8756=ADVANCED_FACE('',(#1253),#603,.T.);
#8757=ADVANCED_FACE('',(#1254),#604,.T.);
#8758=ADVANCED_FACE('',(#1255),#605,.T.);
#8759=ADVANCED_FACE('',(#1256),#606,.T.);
#8760=ADVANCED_FACE('',(#1257),#607,.T.);
#8761=ADVANCED_FACE('',(#1258),#608,.T.);
#8762=ADVANCED_FACE('',(#1259),#609,.T.);
#8763=ADVANCED_FACE('',(#1260),#610,.T.);
#8764=ADVANCED_FACE('',(#1261),#611,.T.);
#8765=ADVANCED_FACE('',(#1262),#612,.T.);
#8766=ADVANCED_FACE('',(#1263),#613,.T.);
#8767=ADVANCED_FACE('',(#1264),#614,.T.);
#8768=ADVANCED_FACE('',(#1265),#615,.T.);
#8769=ADVANCED_FACE('',(#1266),#616,.T.);
#8770=ADVANCED_FACE('',(#1267),#617,.T.);
#8771=ADVANCED_FACE('',(#1268),#618,.T.);
#8772=ADVANCED_FACE('',(#1269),#619,.T.);
#8773=ADVANCED_FACE('',(#1270),#620,.T.);
#8774=ADVANCED_FACE('',(#1271),#621,.T.);
#8775=ADVANCED_FACE('',(#1272),#622,.T.);
#8776=ADVANCED_FACE('',(#1273),#623,.T.);
#8777=ADVANCED_FACE('',(#1274),#624,.T.);
#8778=ADVANCED_FACE('',(#1275),#625,.T.);
#8779=ADVANCED_FACE('',(#1276),#626,.T.);
#8780=ADVANCED_FACE('',(#1277),#627,.T.);
#8781=ADVANCED_FACE('',(#1278),#628,.T.);
#8782=ADVANCED_FACE('',(#1279),#629,.T.);
#8783=ADVANCED_FACE('',(#1280),#630,.T.);
#8784=ADVANCED_FACE('',(#1281),#631,.T.);
#8785=ADVANCED_FACE('',(#1282),#632,.T.);
#8786=ADVANCED_FACE('',(#1283),#633,.T.);
#8787=ADVANCED_FACE('',(#1284),#634,.T.);
#8788=ADVANCED_FACE('',(#1285),#635,.T.);
#8789=ADVANCED_FACE('',(#1286),#636,.T.);
#8790=ADVANCED_FACE('',(#1287),#637,.T.);
#8791=ADVANCED_FACE('',(#1288),#638,.T.);
#8792=ADVANCED_FACE('',(#1289),#639,.T.);
#8793=ADVANCED_FACE('',(#1290),#640,.T.);
#8794=ADVANCED_FACE('',(#1291),#641,.T.);
#8795=ADVANCED_FACE('',(#1292),#642,.T.);
#8796=ADVANCED_FACE('',(#1293),#643,.T.);
#8797=ADVANCED_FACE('',(#1294),#644,.T.);
#8798=ADVANCED_FACE('',(#1295),#645,.T.);
#8799=ADVANCED_FACE('',(#1296),#646,.T.);
#8800=ADVANCED_FACE('',(#1297),#647,.T.);
#8801=ADVANCED_FACE('',(#1298),#648,.T.);
#8802=ADVANCED_FACE('',(#1299),#649,.T.);
#8803=ADVANCED_FACE('',(#1300),#650,.T.);
#8804=ADVANCED_FACE('',(#1301),#651,.T.);
#8805=ADVANCED_FACE('',(#1302),#652,.T.);
#8806=ADVANCED_FACE('',(#1303),#653,.T.);
#8807=ADVANCED_FACE('',(#1304),#654,.T.);
#8808=ADVANCED_FACE('',(#1305),#655,.T.);
#8809=ADVANCED_FACE('',(#1306),#656,.T.);
#8810=ADVANCED_FACE('',(#1307),#657,.T.);
#8811=ADVANCED_FACE('',(#1308),#658,.T.);
#8812=ADVANCED_FACE('',(#1309),#659,.T.);
#8813=ADVANCED_FACE('',(#1310),#660,.T.);
#8814=ADVANCED_FACE('',(#1311),#661,.T.);
#8815=ADVANCED_FACE('',(#1312),#662,.T.);
#8816=ADVANCED_FACE('',(#1313),#663,.T.);
#8817=ADVANCED_FACE('',(#1314),#664,.T.);
#8818=ADVANCED_FACE('',(#1315),#665,.T.);
#8819=CLOSED_SHELL('',(#8169,#8170,#8171,#8172,#8173,#8174,#8175,#8176,
#8177,#8178,#8179,#8180,#8181,#8182,#8183,#8184,#8185,#8186,#8187,#8188,
#8189,#8190,#8191,#8192,#8193,#8194,#8195,#8196,#8197,#8198,#8199,#8200,
#8201,#8202,#8203,#8204,#8205,#8206,#8207,#8208,#8209,#8210,#8211,#8212,
#8213,#8214,#8215,#8216,#8217,#8218,#8219,#8220,#8221,#8222,#8223,#8224,
#8225,#8226,#8227,#8228,#8229,#8230,#8231,#8232,#8233,#8234,#8235,#8236,
#8237,#8238,#8239,#8240,#8241,#8242,#8243,#8244,#8245,#8246,#8247,#8248,
#8249,#8250,#8251,#8252,#8253,#8254,#8255,#8256,#8257,#8258,#8259,#8260,
#8261,#8262,#8263,#8264,#8265,#8266,#8267,#8268,#8269,#8270,#8271,#8272,
#8273,#8274,#8275,#8276,#8277,#8278,#8279,#8280,#8281,#8282,#8283,#8284,
#8285,#8286,#8287,#8288,#8289,#8290,#8291,#8292,#8293,#8294,#8295,#8296,
#8297,#8298,#8299,#8300,#8301,#8302,#8303,#8304,#8305,#8306,#8307,#8308,
#8309,#8310,#8311,#8312,#8313,#8314,#8315,#8316,#8317,#8318,#8319,#8320,
#8321,#8322,#8323,#8324,#8325,#8326,#8327,#8328,#8329,#8330,#8331,#8332,
#8333,#8334,#8335,#8336,#8337,#8338,#8339,#8340,#8341,#8342,#8343,#8344,
#8345,#8346,#8347,#8348,#8349,#8350,#8351,#8352,#8353,#8354,#8355,#8356,
#8357,#8358,#8359,#8360,#8361,#8362,#8363,#8364,#8365,#8366,#8367,#8368,
#8369,#8370,#8371,#8372,#8373,#8374,#8375,#8376,#8377,#8378,#8379,#8380,
#8381,#8382,#8383,#8384,#8385,#8386,#8387,#8388,#8389,#8390,#8391,#8392,
#8393,#8394,#8395,#8396,#8397,#8398,#8399,#8400,#8401,#8402,#8403,#8404,
#8405,#8406,#8407,#8408,#8409,#8410,#8411,#8412,#8413,#8414,#8415,#8416,
#8417,#8418,#8419,#8420,#8421,#8422,#8423,#8424,#8425,#8426,#8427,#8428,
#8429,#8430,#8431,#8432,#8433,#8434,#8435,#8436,#8437,#8438,#8439,#8440,
#8441,#8442,#8443,#8444,#8445,#8446,#8447,#8448,#8449,#8450,#8451,#8452,
#8453,#8454,#8455,#8456,#8457,#8458,#8459,#8460,#8461,#8462,#8463,#8464,
#8465,#8466,#8467,#8468,#8469,#8470,#8471,#8472,#8473,#8474,#8475,#8476,
#8477,#8478,#8479,#8480,#8481,#8482,#8483,#8484,#8485,#8486,#8487,#8488,
#8489,#8490,#8491,#8492,#8493,#8494,#8495,#8496,#8497,#8498,#8499,#8500,
#8501,#8502,#8503,#8504,#8505,#8506,#8507,#8508,#8509,#8510,#8511,#8512,
#8513,#8514,#8515,#8516,#8517,#8518,#8519,#8520,#8521,#8522,#8523,#8524,
#8525,#8526,#8527,#8528,#8529,#8530,#8531,#8532,#8533,#8534,#8535,#8536,
#8537,#8538,#8539,#8540,#8541,#8542,#8543,#8544,#8545,#8546,#8547,#8548,
#8549,#8550,#8551,#8552,#8553,#8554,#8555,#8556,#8557,#8558,#8559,#8560,
#8561,#8562,#8563,#8564,#8565,#8566,#8567,#8568,#8569,#8570,#8571,#8572,
#8573,#8574,#8575,#8576,#8577,#8578,#8579,#8580,#8581,#8582,#8583,#8584,
#8585,#8586,#8587,#8588,#8589,#8590,#8591,#8592,#8593,#8594,#8595,#8596,
#8597,#8598,#8599,#8600,#8601,#8602,#8603,#8604,#8605,#8606,#8607,#8608,
#8609,#8610,#8611,#8612,#8613,#8614,#8615,#8616,#8617,#8618,#8619,#8620,
#8621,#8622,#8623,#8624,#8625,#8626,#8627,#8628,#8629,#8630,#8631,#8632,
#8633,#8634,#8635,#8636,#8637,#8638,#8639,#8640,#8641,#8642,#8643,#8644,
#8645,#8646,#8647,#8648,#8649,#8650,#8651,#8652,#8653,#8654,#8655,#8656,
#8657,#8658,#8659,#8660,#8661,#8662,#8663,#8664,#8665,#8666,#8667,#8668,
#8669,#8670,#8671,#8672,#8673,#8674,#8675,#8676,#8677,#8678,#8679,#8680,
#8681,#8682,#8683,#8684,#8685,#8686,#8687,#8688,#8689,#8690,#8691,#8692,
#8693,#8694,#8695,#8696,#8697,#8698,#8699,#8700,#8701,#8702,#8703,#8704,
#8705,#8706,#8707,#8708,#8709,#8710,#8711,#8712,#8713,#8714,#8715,#8716,
#8717,#8718,#8719,#8720,#8721,#8722,#8723,#8724,#8725,#8726,#8727,#8728,
#8729,#8730,#8731,#8732,#8733,#8734,#8735,#8736,#8737,#8738,#8739,#8740,
#8741,#8742,#8743,#8744,#8745,#8746,#8747,#8748,#8749,#8750,#8751,#8752,
#8753,#8754,#8755,#8756,#8757,#8758,#8759,#8760,#8761,#8762,#8763,#8764,
#8765,#8766,#8767,#8768,#8769,#8770,#8771,#8772,#8773,#8774,#8775,#8776,
#8777,#8778,#8779,#8780,#8781,#8782,#8783,#8784,#8785,#8786,#8787,#8788,
#8789,#8790,#8791,#8792,#8793,#8794,#8795,#8796,#8797,#8798,#8799,#8800,
#8801,#8802,#8803,#8804,#8805,#8806,#8807,#8808,#8809,#8810,#8811,#8812,
#8813,#8814,#8815,#8816,#8817,#8818));
#8820=AXIS2_PLACEMENT_3D('',#11965,#9497,#9498);
#8821=AXIS2_PLACEMENT_3D('',#11966,#9499,#9500);
#8822=AXIS2_PLACEMENT_3D('',#11968,#9501,#9502);
#8823=AXIS2_PLACEMENT_3D('',#11971,#9504,#9505);
#8824=AXIS2_PLACEMENT_3D('',#11972,#9506,#9507);
#8825=AXIS2_PLACEMENT_3D('',#11973,#9508,#9509);
#8826=AXIS2_PLACEMENT_3D('',#11975,#9510,#9511);
#8827=AXIS2_PLACEMENT_3D('',#11978,#9513,#9514);
#8828=AXIS2_PLACEMENT_3D('',#11979,#9515,#9516);
#8829=AXIS2_PLACEMENT_3D('',#11980,#9517,#9518);
#8830=AXIS2_PLACEMENT_3D('',#11982,#9519,#9520);
#8831=AXIS2_PLACEMENT_3D('',#11985,#9522,#9523);
#8832=AXIS2_PLACEMENT_3D('',#11986,#9524,#9525);
#8833=AXIS2_PLACEMENT_3D('',#11987,#9526,#9527);
#8834=AXIS2_PLACEMENT_3D('',#11989,#9528,#9529);
#8835=AXIS2_PLACEMENT_3D('',#11992,#9531,#9532);
#8836=AXIS2_PLACEMENT_3D('',#11993,#9533,#9534);
#8837=AXIS2_PLACEMENT_3D('',#11994,#9535,#9536);
#8838=AXIS2_PLACEMENT_3D('',#11996,#9537,#9538);
#8839=AXIS2_PLACEMENT_3D('',#11999,#9540,#9541);
#8840=AXIS2_PLACEMENT_3D('',#12000,#9542,#9543);
#8841=AXIS2_PLACEMENT_3D('',#12001,#9544,#9545);
#8842=AXIS2_PLACEMENT_3D('',#12003,#9546,#9547);
#8843=AXIS2_PLACEMENT_3D('',#12006,#9549,#9550);
#8844=AXIS2_PLACEMENT_3D('',#12007,#9551,#9552);
#8845=AXIS2_PLACEMENT_3D('',#12008,#9553,#9554);
#8846=AXIS2_PLACEMENT_3D('',#12010,#9555,#9556);
#8847=AXIS2_PLACEMENT_3D('',#12011,#9557,#9558);
#8848=AXIS2_PLACEMENT_3D('',#12013,#9559,#9560);
#8849=AXIS2_PLACEMENT_3D('',#12014,#9561,#9562);
#8850=AXIS2_PLACEMENT_3D('',#12016,#9563,#9564);
#8851=AXIS2_PLACEMENT_3D('',#12017,#9565,#9566);
#8852=AXIS2_PLACEMENT_3D('',#12019,#9567,#9568);
#8853=AXIS2_PLACEMENT_3D('',#12020,#9569,#9570);
#8854=AXIS2_PLACEMENT_3D('',#12022,#9571,#9572);
#8855=AXIS2_PLACEMENT_3D('',#12023,#9573,#9574);
#8856=AXIS2_PLACEMENT_3D('',#12040,#9583,#9584);
#8857=AXIS2_PLACEMENT_3D('',#12050,#9590,#9591);
#8858=AXIS2_PLACEMENT_3D('',#12060,#9597,#9598);
#8859=AXIS2_PLACEMENT_3D('',#12069,#9603,#9604);
#8860=AXIS2_PLACEMENT_3D('',#12071,#9605,#9606);
#8861=AXIS2_PLACEMENT_3D('',#12073,#9608,#9609);
#8862=AXIS2_PLACEMENT_3D('',#12075,#9610,#9611);
#8863=AXIS2_PLACEMENT_3D('',#12077,#9613,#9614);
#8864=AXIS2_PLACEMENT_3D('',#12079,#9615,#9616);
#8865=AXIS2_PLACEMENT_3D('',#12081,#9618,#9619);
#8866=AXIS2_PLACEMENT_3D('',#12083,#9620,#9621);
#8867=AXIS2_PLACEMENT_3D('',#12085,#9623,#9624);
#8868=AXIS2_PLACEMENT_3D('',#12087,#9625,#9626);
#8869=AXIS2_PLACEMENT_3D('',#12089,#9628,#9629);
#8870=AXIS2_PLACEMENT_3D('',#12095,#9633,#9634);
#8871=AXIS2_PLACEMENT_3D('',#12099,#9636,#9637);
#8872=AXIS2_PLACEMENT_3D('',#12106,#9641,#9642);
#8873=AXIS2_PLACEMENT_3D('',#12110,#9645,#9646);
#8874=AXIS2_PLACEMENT_3D('',#12114,#9648,#9649);
#8875=AXIS2_PLACEMENT_3D('',#12121,#9653,#9654);
#8876=AXIS2_PLACEMENT_3D('',#12125,#9657,#9658);
#8877=AXIS2_PLACEMENT_3D('',#12127,#9660,#9661);
#8878=AXIS2_PLACEMENT_3D('',#12129,#9663,#9664);
#8879=AXIS2_PLACEMENT_3D('',#12130,#9665,#9666);
#8880=AXIS2_PLACEMENT_3D('',#12141,#9672,#9673);
#8881=AXIS2_PLACEMENT_3D('',#12147,#9677,#9678);
#8882=AXIS2_PLACEMENT_3D('',#12153,#9682,#9683);
#8883=AXIS2_PLACEMENT_3D('',#12157,#9686,#9687);
#8884=AXIS2_PLACEMENT_3D('',#12161,#9690,#9691);
#8885=AXIS2_PLACEMENT_3D('',#12418,#9821,#9822);
#8886=AXIS2_PLACEMENT_3D('',#12682,#9955,#9956);
#8887=AXIS2_PLACEMENT_3D('',#12684,#9958,#9959);
#8888=AXIS2_PLACEMENT_3D('',#12686,#9961,#9962);
#8889=AXIS2_PLACEMENT_3D('',#12688,#9964,#9965);
#8890=AXIS2_PLACEMENT_3D('',#12690,#9967,#9968);
#8891=AXIS2_PLACEMENT_3D('',#12692,#9970,#9971);
#8892=AXIS2_PLACEMENT_3D('',#12695,#9974,#9975);
#8893=AXIS2_PLACEMENT_3D('',#12697,#9977,#9978);
#8894=AXIS2_PLACEMENT_3D('',#12704,#9982,#9983);
#8895=AXIS2_PLACEMENT_3D('',#12708,#9986,#9987);
#8896=AXIS2_PLACEMENT_3D('',#12711,#9990,#9991);
#8897=AXIS2_PLACEMENT_3D('',#12713,#9993,#9994);
#8898=AXIS2_PLACEMENT_3D('',#12715,#9996,#9997);
#8899=AXIS2_PLACEMENT_3D('',#12717,#9999,#10000);
#8900=AXIS2_PLACEMENT_3D('',#12719,#10002,#10003);
#8901=AXIS2_PLACEMENT_3D('',#12721,#10005,#10006);
#8902=AXIS2_PLACEMENT_3D('',#12724,#10009,#10010);
#8903=AXIS2_PLACEMENT_3D('',#12727,#10013,#10014);
#8904=AXIS2_PLACEMENT_3D('',#12729,#10016,#10017);
#8905=AXIS2_PLACEMENT_3D('',#12730,#10018,#10019);
#8906=AXIS2_PLACEMENT_3D('',#12732,#10021,#10022);
#8907=AXIS2_PLACEMENT_3D('',#12735,#10025,#10026);
#8908=AXIS2_PLACEMENT_3D('',#12737,#10028,#10029);
#8909=AXIS2_PLACEMENT_3D('',#12740,#10032,#10033);
#8910=AXIS2_PLACEMENT_3D('',#12743,#10036,#10037);
#8911=AXIS2_PLACEMENT_3D('',#12745,#10039,#10040);
#8912=AXIS2_PLACEMENT_3D('',#12746,#10041,#10042);
#8913=AXIS2_PLACEMENT_3D('',#12753,#10046,#10047);
#8914=AXIS2_PLACEMENT_3D('',#12759,#10051,#10052);
#8915=AXIS2_PLACEMENT_3D('',#12763,#10055,#10056);
#8916=AXIS2_PLACEMENT_3D('',#12767,#10059,#10060);
#8917=AXIS2_PLACEMENT_3D('',#12773,#10064,#10065);
#8918=AXIS2_PLACEMENT_3D('',#12779,#10069,#10070);
#8919=AXIS2_PLACEMENT_3D('',#12783,#10073,#10074);
#8920=AXIS2_PLACEMENT_3D('',#12787,#10077,#10078);
#8921=AXIS2_PLACEMENT_3D('',#12791,#10081,#10082);
#8922=AXIS2_PLACEMENT_3D('',#12794,#10085,#10086);
#8923=AXIS2_PLACEMENT_3D('',#12797,#10089,#10090);
#8924=AXIS2_PLACEMENT_3D('',#12798,#10091,#10092);
#8925=AXIS2_PLACEMENT_3D('',#12800,#10094,#10095);
#8926=AXIS2_PLACEMENT_3D('',#12803,#10098,#10099);
#8927=AXIS2_PLACEMENT_3D('',#12806,#10102,#10103);
#8928=AXIS2_PLACEMENT_3D('',#12808,#10105,#10106);
#8929=AXIS2_PLACEMENT_3D('',#12809,#10107,#10108);
#8930=AXIS2_PLACEMENT_3D('',#12816,#10112,#10113);
#8931=AXIS2_PLACEMENT_3D('',#12822,#10117,#10118);
#8932=AXIS2_PLACEMENT_3D('',#12827,#10122,#10123);
#8933=AXIS2_PLACEMENT_3D('',#12831,#10126,#10127);
#8934=AXIS2_PLACEMENT_3D('',#12835,#10130,#10131);
#8935=AXIS2_PLACEMENT_3D('',#12838,#10134,#10135);
#8936=AXIS2_PLACEMENT_3D('',#12842,#10138,#10139);
#8937=AXIS2_PLACEMENT_3D('',#12846,#10142,#10143);
#8938=AXIS2_PLACEMENT_3D('',#12850,#10146,#10147);
#8939=AXIS2_PLACEMENT_3D('',#12854,#10150,#10151);
#8940=AXIS2_PLACEMENT_3D('',#12858,#10154,#10155);
#8941=AXIS2_PLACEMENT_3D('',#12862,#10158,#10159);
#8942=AXIS2_PLACEMENT_3D('',#12866,#10162,#10163);
#8943=AXIS2_PLACEMENT_3D('',#12870,#10166,#10167);
#8944=AXIS2_PLACEMENT_3D('',#12874,#10170,#10171);
#8945=AXIS2_PLACEMENT_3D('',#12878,#10174,#10175);
#8946=AXIS2_PLACEMENT_3D('',#12879,#10176,#10177);
#8947=AXIS2_PLACEMENT_3D('',#12880,#10178,#10179);
#8948=AXIS2_PLACEMENT_3D('',#12882,#10181,#10182);
#8949=AXIS2_PLACEMENT_3D('',#12886,#10185,#10186);
#8950=AXIS2_PLACEMENT_3D('',#12887,#10187,#10188);
#8951=AXIS2_PLACEMENT_3D('',#12889,#10190,#10191);
#8952=AXIS2_PLACEMENT_3D('',#12892,#10194,#10195);
#8953=AXIS2_PLACEMENT_3D('',#12894,#10197,#10198);
#8954=AXIS2_PLACEMENT_3D('',#12896,#10200,#10201);
#8955=AXIS2_PLACEMENT_3D('',#12899,#10204,#10205);
#8956=AXIS2_PLACEMENT_3D('',#12901,#10207,#10208);
#8957=AXIS2_PLACEMENT_3D('',#12905,#10211,#10212);
#8958=AXIS2_PLACEMENT_3D('',#12908,#10215,#10216);
#8959=AXIS2_PLACEMENT_3D('',#12909,#10217,#10218);
#8960=AXIS2_PLACEMENT_3D('',#12911,#10220,#10221);
#8961=AXIS2_PLACEMENT_3D('',#12913,#10223,#10224);
#8962=AXIS2_PLACEMENT_3D('',#12917,#10227,#10228);
#8963=AXIS2_PLACEMENT_3D('',#12922,#10232,#10233);
#8964=AXIS2_PLACEMENT_3D('',#12924,#10235,#10236);
#8965=AXIS2_PLACEMENT_3D('',#12925,#10237,#10238);
#8966=AXIS2_PLACEMENT_3D('',#12927,#10240,#10241);
#8967=AXIS2_PLACEMENT_3D('',#12929,#10243,#10244);
#8968=AXIS2_PLACEMENT_3D('',#12930,#10245,#10246);
#8969=AXIS2_PLACEMENT_3D('',#12936,#10250,#10251);
#8970=AXIS2_PLACEMENT_3D('',#12938,#10253,#10254);
#8971=AXIS2_PLACEMENT_3D('',#12942,#10257,#10258);
#8972=AXIS2_PLACEMENT_3D('',#12946,#10261,#10262);
#8973=AXIS2_PLACEMENT_3D('',#12950,#10265,#10266);
#8974=AXIS2_PLACEMENT_3D('',#12952,#10268,#10269);
#8975=AXIS2_PLACEMENT_3D('',#12954,#10271,#10272);
#8976=AXIS2_PLACEMENT_3D('',#12959,#10276,#10277);
#8977=AXIS2_PLACEMENT_3D('',#12960,#10278,#10279);
#8978=AXIS2_PLACEMENT_3D('',#12965,#10283,#10284);
#8979=AXIS2_PLACEMENT_3D('',#12966,#10285,#10286);
#8980=AXIS2_PLACEMENT_3D('',#12968,#10288,#10289);
#8981=AXIS2_PLACEMENT_3D('',#12972,#10292,#10293);
#8982=AXIS2_PLACEMENT_3D('',#12976,#10296,#10297);
#8983=AXIS2_PLACEMENT_3D('',#12978,#10299,#10300);
#8984=AXIS2_PLACEMENT_3D('',#12982,#10303,#10304);
#8985=AXIS2_PLACEMENT_3D('',#12984,#10306,#10307);
#8986=AXIS2_PLACEMENT_3D('',#12985,#10308,#10309);
#8987=AXIS2_PLACEMENT_3D('',#12987,#10311,#10312);
#8988=AXIS2_PLACEMENT_3D('',#12993,#10316,#10317);
#8989=AXIS2_PLACEMENT_3D('',#12996,#10320,#10321);
#8990=AXIS2_PLACEMENT_3D('',#12998,#10323,#10324);
#8991=AXIS2_PLACEMENT_3D('',#13000,#10326,#10327);
#8992=AXIS2_PLACEMENT_3D('',#13002,#10329,#10330);
#8993=AXIS2_PLACEMENT_3D('',#13008,#10334,#10335);
#8994=AXIS2_PLACEMENT_3D('',#13011,#10338,#10339);
#8995=AXIS2_PLACEMENT_3D('',#13013,#10341,#10342);
#8996=AXIS2_PLACEMENT_3D('',#13016,#10345,#10346);
#8997=AXIS2_PLACEMENT_3D('',#13019,#10349,#10350);
#8998=AXIS2_PLACEMENT_3D('',#13022,#10353,#10354);
#8999=AXIS2_PLACEMENT_3D('',#13024,#10356,#10357);
#9000=AXIS2_PLACEMENT_3D('',#13026,#10359,#10360);
#9001=AXIS2_PLACEMENT_3D('',#13028,#10362,#10363);
#9002=AXIS2_PLACEMENT_3D('',#13030,#10365,#10366);
#9003=AXIS2_PLACEMENT_3D('',#13032,#10368,#10369);
#9004=AXIS2_PLACEMENT_3D('',#13034,#10371,#10372);
#9005=AXIS2_PLACEMENT_3D('',#13036,#10374,#10375);
#9006=AXIS2_PLACEMENT_3D('',#13039,#10378,#10379);
#9007=AXIS2_PLACEMENT_3D('',#13040,#10380,#10381);
#9008=AXIS2_PLACEMENT_3D('',#13041,#10382,#10383);
#9009=AXIS2_PLACEMENT_3D('',#13043,#10385,#10386);
#9010=AXIS2_PLACEMENT_3D('',#13045,#10388,#10389);
#9011=AXIS2_PLACEMENT_3D('',#13049,#10392,#10393);
#9012=AXIS2_PLACEMENT_3D('',#13052,#10396,#10397);
#9013=AXIS2_PLACEMENT_3D('',#13054,#10399,#10400);
#9014=AXIS2_PLACEMENT_3D('',#13057,#10403,#10404);
#9015=AXIS2_PLACEMENT_3D('',#13058,#10405,#10406);
#9016=AXIS2_PLACEMENT_3D('',#13060,#10408,#10409);
#9017=AXIS2_PLACEMENT_3D('',#13062,#10411,#10412);
#9018=AXIS2_PLACEMENT_3D('',#13064,#10414,#10415);
#9019=AXIS2_PLACEMENT_3D('',#13066,#10417,#10418);
#9020=AXIS2_PLACEMENT_3D('',#13070,#10421,#10422);
#9021=AXIS2_PLACEMENT_3D('',#13072,#10424,#10425);
#9022=AXIS2_PLACEMENT_3D('',#13074,#10427,#10428);
#9023=AXIS2_PLACEMENT_3D('',#13076,#10430,#10431);
#9024=AXIS2_PLACEMENT_3D('',#13078,#10433,#10434);
#9025=AXIS2_PLACEMENT_3D('',#13079,#10435,#10436);
#9026=AXIS2_PLACEMENT_3D('',#13080,#10437,#10438);
#9027=AXIS2_PLACEMENT_3D('',#13081,#10439,#10440);
#9028=AXIS2_PLACEMENT_3D('',#13084,#10443,#10444);
#9029=AXIS2_PLACEMENT_3D('',#13090,#10448,#10449);
#9030=AXIS2_PLACEMENT_3D('',#13092,#10451,#10452);
#9031=AXIS2_PLACEMENT_3D('',#13096,#10455,#10456);
#9032=AXIS2_PLACEMENT_3D('',#13098,#10458,#10459);
#9033=AXIS2_PLACEMENT_3D('',#13102,#10462,#10463);
#9034=AXIS2_PLACEMENT_3D('',#13104,#10465,#10466);
#9035=AXIS2_PLACEMENT_3D('',#13106,#10468,#10469);
#9036=AXIS2_PLACEMENT_3D('',#13110,#10472,#10473);
#9037=AXIS2_PLACEMENT_3D('',#13114,#10476,#10477);
#9038=AXIS2_PLACEMENT_3D('',#13118,#10480,#10481);
#9039=AXIS2_PLACEMENT_3D('',#13120,#10483,#10484);
#9040=AXIS2_PLACEMENT_3D('',#13124,#10487,#10488);
#9041=AXIS2_PLACEMENT_3D('',#13128,#10491,#10492);
#9042=AXIS2_PLACEMENT_3D('',#13130,#10494,#10495);
#9043=AXIS2_PLACEMENT_3D('',#13134,#10498,#10499);
#9044=AXIS2_PLACEMENT_3D('',#13136,#10501,#10502);
#9045=AXIS2_PLACEMENT_3D('',#13140,#10505,#10506);
#9046=AXIS2_PLACEMENT_3D('',#13144,#10509,#10510);
#9047=AXIS2_PLACEMENT_3D('',#13148,#10513,#10514);
#9048=AXIS2_PLACEMENT_3D('',#13150,#10516,#10517);
#9049=AXIS2_PLACEMENT_3D('',#13152,#10519,#10520);
#9050=AXIS2_PLACEMENT_3D('',#13154,#10522,#10523);
#9051=AXIS2_PLACEMENT_3D('',#13158,#10526,#10527);
#9052=AXIS2_PLACEMENT_3D('',#13160,#10529,#10530);
#9053=AXIS2_PLACEMENT_3D('',#13164,#10533,#10534);
#9054=AXIS2_PLACEMENT_3D('',#13168,#10537,#10538);
#9055=AXIS2_PLACEMENT_3D('',#13172,#10541,#10542);
#9056=AXIS2_PLACEMENT_3D('',#13176,#10545,#10546);
#9057=AXIS2_PLACEMENT_3D('',#13180,#10549,#10550);
#9058=AXIS2_PLACEMENT_3D('',#13182,#10552,#10553);
#9059=AXIS2_PLACEMENT_3D('',#13187,#10557,#10558);
#9060=AXIS2_PLACEMENT_3D('',#13189,#10560,#10561);
#9061=AXIS2_PLACEMENT_3D('',#13190,#10562,#10563);
#9062=AXIS2_PLACEMENT_3D('',#13192,#10565,#10566);
#9063=AXIS2_PLACEMENT_3D('',#13196,#10569,#10570);
#9064=AXIS2_PLACEMENT_3D('',#13200,#10573,#10574);
#9065=AXIS2_PLACEMENT_3D('',#13202,#10576,#10577);
#9066=AXIS2_PLACEMENT_3D('',#13206,#10580,#10581);
#9067=AXIS2_PLACEMENT_3D('',#13210,#10584,#10585);
#9068=AXIS2_PLACEMENT_3D('',#13212,#10587,#10588);
#9069=AXIS2_PLACEMENT_3D('',#13214,#10590,#10591);
#9070=AXIS2_PLACEMENT_3D('',#13218,#10594,#10595);
#9071=AXIS2_PLACEMENT_3D('',#13220,#10597,#10598);
#9072=AXIS2_PLACEMENT_3D('',#13226,#10602,#10603);
#9073=AXIS2_PLACEMENT_3D('',#13228,#10605,#10606);
#9074=AXIS2_PLACEMENT_3D('',#13231,#10609,#10610);
#9075=AXIS2_PLACEMENT_3D('',#13233,#10612,#10613);
#9076=AXIS2_PLACEMENT_3D('',#13236,#10616,#10617);
#9077=AXIS2_PLACEMENT_3D('',#13239,#10620,#10621);
#9078=AXIS2_PLACEMENT_3D('',#13241,#10623,#10624);
#9079=AXIS2_PLACEMENT_3D('',#13246,#10628,#10629);
#9080=AXIS2_PLACEMENT_3D('',#13248,#10631,#10632);
#9081=AXIS2_PLACEMENT_3D('',#13250,#10634,#10635);
#9082=AXIS2_PLACEMENT_3D('',#13252,#10637,#10638);
#9083=AXIS2_PLACEMENT_3D('',#13254,#10640,#10641);
#9084=AXIS2_PLACEMENT_3D('',#13255,#10642,#10643);
#9085=AXIS2_PLACEMENT_3D('',#13256,#10644,#10645);
#9086=AXIS2_PLACEMENT_3D('',#13257,#10646,#10647);
#9087=AXIS2_PLACEMENT_3D('',#13260,#10650,#10651);
#9088=AXIS2_PLACEMENT_3D('',#13262,#10653,#10654);
#9089=AXIS2_PLACEMENT_3D('',#13264,#10656,#10657);
#9090=AXIS2_PLACEMENT_3D('',#13265,#10658,#10659);
#9091=AXIS2_PLACEMENT_3D('',#13268,#10662,#10663);
#9092=AXIS2_PLACEMENT_3D('',#13270,#10665,#10666);
#9093=AXIS2_PLACEMENT_3D('',#13272,#10668,#10669);
#9094=AXIS2_PLACEMENT_3D('',#13274,#10671,#10672);
#9095=AXIS2_PLACEMENT_3D('',#13276,#10674,#10675);
#9096=AXIS2_PLACEMENT_3D('',#13279,#10678,#10679);
#9097=AXIS2_PLACEMENT_3D('',#13280,#10680,#10681);
#9098=AXIS2_PLACEMENT_3D('',#13283,#10684,#10685);
#9099=AXIS2_PLACEMENT_3D('',#13285,#10687,#10688);
#9100=AXIS2_PLACEMENT_3D('',#13287,#10690,#10691);
#9101=AXIS2_PLACEMENT_3D('',#13289,#10693,#10694);
#9102=AXIS2_PLACEMENT_3D('',#13291,#10696,#10697);
#9103=AXIS2_PLACEMENT_3D('',#13295,#10700,#10701);
#9104=AXIS2_PLACEMENT_3D('',#13300,#10705,#10706);
#9105=AXIS2_PLACEMENT_3D('',#13301,#10707,#10708);
#9106=AXIS2_PLACEMENT_3D('',#13305,#10711,#10712);
#9107=AXIS2_PLACEMENT_3D('',#13309,#10715,#10716);
#9108=AXIS2_PLACEMENT_3D('',#13313,#10719,#10720);
#9109=AXIS2_PLACEMENT_3D('',#13315,#10722,#10723);
#9110=AXIS2_PLACEMENT_3D('',#13318,#10726,#10727);
#9111=AXIS2_PLACEMENT_3D('',#13320,#10729,#10730);
#9112=AXIS2_PLACEMENT_3D('',#13321,#10731,#10732);
#9113=AXIS2_PLACEMENT_3D('',#13322,#10733,#10734);
#9114=AXIS2_PLACEMENT_3D('',#13324,#10736,#10737);
#9115=AXIS2_PLACEMENT_3D('',#13330,#10741,#10742);
#9116=AXIS2_PLACEMENT_3D('',#13333,#10745,#10746);
#9117=AXIS2_PLACEMENT_3D('',#13336,#10749,#10750);
#9118=AXIS2_PLACEMENT_3D('',#13338,#10752,#10753);
#9119=AXIS2_PLACEMENT_3D('',#13340,#10755,#10756);
#9120=AXIS2_PLACEMENT_3D('',#13342,#10758,#10759);
#9121=AXIS2_PLACEMENT_3D('',#13345,#10762,#10763);
#9122=AXIS2_PLACEMENT_3D('',#13347,#10765,#10766);
#9123=AXIS2_PLACEMENT_3D('',#13348,#10767,#10768);
#9124=AXIS2_PLACEMENT_3D('',#13350,#10770,#10771);
#9125=AXIS2_PLACEMENT_3D('',#13353,#10774,#10775);
#9126=AXIS2_PLACEMENT_3D('',#13354,#10776,#10777);
#9127=AXIS2_PLACEMENT_3D('',#13357,#10780,#10781);
#9128=AXIS2_PLACEMENT_3D('',#13359,#10783,#10784);
#9129=AXIS2_PLACEMENT_3D('',#13362,#10787,#10788);
#9130=AXIS2_PLACEMENT_3D('',#13363,#10789,#10790);
#9131=AXIS2_PLACEMENT_3D('',#13364,#10791,#10792);
#9132=AXIS2_PLACEMENT_3D('',#13368,#10795,#10796);
#9133=AXIS2_PLACEMENT_3D('',#13372,#10799,#10800);
#9134=AXIS2_PLACEMENT_3D('',#13375,#10803,#10804);
#9135=AXIS2_PLACEMENT_3D('',#13377,#10806,#10807);
#9136=AXIS2_PLACEMENT_3D('',#13381,#10810,#10811);
#9137=AXIS2_PLACEMENT_3D('',#13384,#10814,#10815);
#9138=AXIS2_PLACEMENT_3D('',#13386,#10817,#10818);
#9139=AXIS2_PLACEMENT_3D('',#13388,#10820,#10821);
#9140=AXIS2_PLACEMENT_3D('',#13390,#10823,#10824);
#9141=AXIS2_PLACEMENT_3D('',#13392,#10826,#10827);
#9142=AXIS2_PLACEMENT_3D('',#13396,#10830,#10831);
#9143=AXIS2_PLACEMENT_3D('',#13398,#10833,#10834);
#9144=AXIS2_PLACEMENT_3D('',#13400,#10836,#10837);
#9145=AXIS2_PLACEMENT_3D('',#13404,#10840,#10841);
#9146=AXIS2_PLACEMENT_3D('',#13405,#10842,#10843);
#9147=AXIS2_PLACEMENT_3D('',#13407,#10845,#10846);
#9148=AXIS2_PLACEMENT_3D('',#13408,#10847,#10848);
#9149=AXIS2_PLACEMENT_3D('',#13409,#10849,#10850);
#9150=AXIS2_PLACEMENT_3D('',#13410,#10851,#10852);
#9151=AXIS2_PLACEMENT_3D('',#13412,#10854,#10855);
#9152=AXIS2_PLACEMENT_3D('',#13419,#10859,#10860);
#9153=AXIS2_PLACEMENT_3D('',#13422,#10863,#10864);
#9154=AXIS2_PLACEMENT_3D('',#13424,#10866,#10867);
#9155=AXIS2_PLACEMENT_3D('',#13426,#10869,#10870);
#9156=AXIS2_PLACEMENT_3D('',#13427,#10871,#10872);
#9157=AXIS2_PLACEMENT_3D('',#13428,#10873,#10874);
#9158=AXIS2_PLACEMENT_3D('',#13432,#10877,#10878);
#9159=AXIS2_PLACEMENT_3D('',#13436,#10881,#10882);
#9160=AXIS2_PLACEMENT_3D('',#13441,#10886,#10887);
#9161=AXIS2_PLACEMENT_3D('',#13443,#10889,#10890);
#9162=AXIS2_PLACEMENT_3D('',#13448,#10894,#10895);
#9163=AXIS2_PLACEMENT_3D('',#13449,#10896,#10897);
#9164=AXIS2_PLACEMENT_3D('',#13450,#10898,#10899);
#9165=AXIS2_PLACEMENT_3D('',#13452,#10901,#10902);
#9166=AXIS2_PLACEMENT_3D('',#13453,#10903,#10904);
#9167=AXIS2_PLACEMENT_3D('',#13454,#10905,#10906);
#9168=AXIS2_PLACEMENT_3D('',#13456,#10908,#10909);
#9169=AXIS2_PLACEMENT_3D('',#13460,#10912,#10913);
#9170=AXIS2_PLACEMENT_3D('',#13462,#10915,#10916);
#9171=AXIS2_PLACEMENT_3D('',#13466,#10919,#10920);
#9172=AXIS2_PLACEMENT_3D('',#13470,#10923,#10924);
#9173=AXIS2_PLACEMENT_3D('',#13472,#10926,#10927);
#9174=AXIS2_PLACEMENT_3D('',#13476,#10930,#10931);
#9175=AXIS2_PLACEMENT_3D('',#13478,#10933,#10934);
#9176=AXIS2_PLACEMENT_3D('',#13481,#10937,#10938);
#9177=AXIS2_PLACEMENT_3D('',#13483,#10940,#10941);
#9178=AXIS2_PLACEMENT_3D('',#13485,#10943,#10944);
#9179=AXIS2_PLACEMENT_3D('',#13487,#10946,#10947);
#9180=AXIS2_PLACEMENT_3D('',#13489,#10949,#10950);
#9181=AXIS2_PLACEMENT_3D('',#13491,#10952,#10953);
#9182=AXIS2_PLACEMENT_3D('',#13493,#10955,#10956);
#9183=AXIS2_PLACEMENT_3D('',#13495,#10958,#10959);
#9184=AXIS2_PLACEMENT_3D('',#13497,#10961,#10962);
#9185=AXIS2_PLACEMENT_3D('',#13499,#10964,#10965);
#9186=AXIS2_PLACEMENT_3D('',#13501,#10967,#10968);
#9187=AXIS2_PLACEMENT_3D('',#13503,#10970,#10971);
#9188=AXIS2_PLACEMENT_3D('',#13505,#10973,#10974);
#9189=AXIS2_PLACEMENT_3D('',#13507,#10976,#10977);
#9190=AXIS2_PLACEMENT_3D('',#13509,#10979,#10980);
#9191=AXIS2_PLACEMENT_3D('',#13511,#10982,#10983);
#9192=AXIS2_PLACEMENT_3D('',#13513,#10985,#10986);
#9193=AXIS2_PLACEMENT_3D('',#13515,#10988,#10989);
#9194=AXIS2_PLACEMENT_3D('',#13517,#10991,#10992);
#9195=AXIS2_PLACEMENT_3D('',#13519,#10994,#10995);
#9196=AXIS2_PLACEMENT_3D('',#13521,#10997,#10998);
#9197=AXIS2_PLACEMENT_3D('',#13523,#11000,#11001);
#9198=AXIS2_PLACEMENT_3D('',#13525,#11003,#11004);
#9199=AXIS2_PLACEMENT_3D('',#13527,#11006,#11007);
#9200=AXIS2_PLACEMENT_3D('',#13529,#11009,#11010);
#9201=AXIS2_PLACEMENT_3D('',#13531,#11012,#11013);
#9202=AXIS2_PLACEMENT_3D('',#13533,#11015,#11016);
#9203=AXIS2_PLACEMENT_3D('',#13535,#11018,#11019);
#9204=AXIS2_PLACEMENT_3D('',#13536,#11020,#11021);
#9205=AXIS2_PLACEMENT_3D('',#13538,#11023,#11024);
#9206=AXIS2_PLACEMENT_3D('',#13540,#11026,#11027);
#9207=AXIS2_PLACEMENT_3D('',#13542,#11029,#11030);
#9208=AXIS2_PLACEMENT_3D('',#13544,#11032,#11033);
#9209=AXIS2_PLACEMENT_3D('',#13546,#11035,#11036);
#9210=AXIS2_PLACEMENT_3D('',#13548,#11038,#11039);
#9211=AXIS2_PLACEMENT_3D('',#13550,#11041,#11042);
#9212=AXIS2_PLACEMENT_3D('',#13552,#11044,#11045);
#9213=AXIS2_PLACEMENT_3D('',#13555,#11048,#11049);
#9214=AXIS2_PLACEMENT_3D('',#13556,#11050,#11051);
#9215=AXIS2_PLACEMENT_3D('',#13558,#11053,#11054);
#9216=AXIS2_PLACEMENT_3D('',#13560,#11056,#11057);
#9217=AXIS2_PLACEMENT_3D('',#13564,#11060,#11061);
#9218=AXIS2_PLACEMENT_3D('',#13566,#11063,#11064);
#9219=AXIS2_PLACEMENT_3D('',#13568,#11066,#11067);
#9220=AXIS2_PLACEMENT_3D('',#13572,#11070,#11071);
#9221=AXIS2_PLACEMENT_3D('',#13574,#11073,#11074);
#9222=AXIS2_PLACEMENT_3D('',#13578,#11077,#11078);
#9223=AXIS2_PLACEMENT_3D('',#13582,#11081,#11082);
#9224=AXIS2_PLACEMENT_3D('',#13586,#11085,#11086);
#9225=AXIS2_PLACEMENT_3D('',#13588,#11088,#11089);
#9226=AXIS2_PLACEMENT_3D('',#13590,#11091,#11092);
#9227=AXIS2_PLACEMENT_3D('',#13594,#11095,#11096);
#9228=AXIS2_PLACEMENT_3D('',#13600,#11100,#11101);
#9229=AXIS2_PLACEMENT_3D('',#13602,#11103,#11104);
#9230=AXIS2_PLACEMENT_3D('',#13604,#11106,#11107);
#9231=AXIS2_PLACEMENT_3D('',#13606,#11109,#11110);
#9232=AXIS2_PLACEMENT_3D('',#13610,#11113,#11114);
#9233=AXIS2_PLACEMENT_3D('',#13612,#11116,#11117);
#9234=AXIS2_PLACEMENT_3D('',#13616,#11120,#11121);
#9235=AXIS2_PLACEMENT_3D('',#13618,#11123,#11124);
#9236=AXIS2_PLACEMENT_3D('',#13620,#11126,#11127);
#9237=AXIS2_PLACEMENT_3D('',#13624,#11130,#11131);
#9238=AXIS2_PLACEMENT_3D('',#13629,#11135,#11136);
#9239=AXIS2_PLACEMENT_3D('',#13630,#11137,#11138);
#9240=AXIS2_PLACEMENT_3D('',#13635,#11142,#11143);
#9241=AXIS2_PLACEMENT_3D('',#13638,#11146,#11147);
#9242=AXIS2_PLACEMENT_3D('',#13644,#11151,#11152);
#9243=AXIS2_PLACEMENT_3D('',#13646,#11154,#11155);
#9244=AXIS2_PLACEMENT_3D('',#13650,#11158,#11159);
#9245=AXIS2_PLACEMENT_3D('',#13652,#11161,#11162);
#9246=AXIS2_PLACEMENT_3D('',#13656,#11165,#11166);
#9247=AXIS2_PLACEMENT_3D('',#13658,#11168,#11169);
#9248=AXIS2_PLACEMENT_3D('',#13663,#11173,#11174);
#9249=AXIS2_PLACEMENT_3D('',#13664,#11175,#11176);
#9250=AXIS2_PLACEMENT_3D('',#13667,#11179,#11180);
#9251=AXIS2_PLACEMENT_3D('',#13668,#11181,#11182);
#9252=AXIS2_PLACEMENT_3D('',#13672,#11185,#11186);
#9253=AXIS2_PLACEMENT_3D('',#13676,#11189,#11190);
#9254=AXIS2_PLACEMENT_3D('',#13683,#11194,#11195);
#9255=AXIS2_PLACEMENT_3D('',#13687,#11198,#11199);
#9256=AXIS2_PLACEMENT_3D('',#13691,#11202,#11203);
#9257=AXIS2_PLACEMENT_3D('',#13695,#11206,#11207);
#9258=AXIS2_PLACEMENT_3D('',#13697,#11209,#11210);
#9259=AXIS2_PLACEMENT_3D('',#13699,#11212,#11213);
#9260=AXIS2_PLACEMENT_3D('',#13703,#11216,#11217);
#9261=AXIS2_PLACEMENT_3D('',#13707,#11220,#11221);
#9262=AXIS2_PLACEMENT_3D('',#13709,#11223,#11224);
#9263=AXIS2_PLACEMENT_3D('',#13711,#11226,#11227);
#9264=AXIS2_PLACEMENT_3D('',#13715,#11230,#11231);
#9265=AXIS2_PLACEMENT_3D('',#13716,#11232,#11233);
#9266=AXIS2_PLACEMENT_3D('',#13717,#11234,#11235);
#9267=AXIS2_PLACEMENT_3D('',#13719,#11237,#11238);
#9268=AXIS2_PLACEMENT_3D('',#13723,#11241,#11242);
#9269=AXIS2_PLACEMENT_3D('',#13727,#11245,#11246);
#9270=AXIS2_PLACEMENT_3D('',#13729,#11248,#11249);
#9271=AXIS2_PLACEMENT_3D('',#13731,#11251,#11252);
#9272=AXIS2_PLACEMENT_3D('',#13733,#11254,#11255);
#9273=AXIS2_PLACEMENT_3D('',#13735,#11257,#11258);
#9274=AXIS2_PLACEMENT_3D('',#13739,#11261,#11262);
#9275=AXIS2_PLACEMENT_3D('',#13741,#11264,#11265);
#9276=AXIS2_PLACEMENT_3D('',#13745,#11268,#11269);
#9277=AXIS2_PLACEMENT_3D('',#13749,#11272,#11273);
#9278=AXIS2_PLACEMENT_3D('',#13755,#11277,#11278);
#9279=AXIS2_PLACEMENT_3D('',#13757,#11280,#11281);
#9280=AXIS2_PLACEMENT_3D('',#13759,#11283,#11284);
#9281=AXIS2_PLACEMENT_3D('',#13761,#11286,#11287);
#9282=AXIS2_PLACEMENT_3D('',#13763,#11289,#11290);
#9283=AXIS2_PLACEMENT_3D('',#13766,#11293,#11294);
#9284=AXIS2_PLACEMENT_3D('',#13768,#11296,#11297);
#9285=AXIS2_PLACEMENT_3D('',#13771,#11300,#11301);
#9286=AXIS2_PLACEMENT_3D('',#13773,#11303,#11304);
#9287=AXIS2_PLACEMENT_3D('',#13775,#11306,#11307);
#9288=AXIS2_PLACEMENT_3D('',#13776,#11308,#11309);
#9289=AXIS2_PLACEMENT_3D('',#13779,#11312,#11313);
#9290=AXIS2_PLACEMENT_3D('',#13780,#11314,#11315);
#9291=AXIS2_PLACEMENT_3D('',#13784,#11318,#11319);
#9292=AXIS2_PLACEMENT_3D('',#13786,#11321,#11322);
#9293=AXIS2_PLACEMENT_3D('',#13792,#11326,#11327);
#9294=AXIS2_PLACEMENT_3D('',#13794,#11329,#11330);
#9295=AXIS2_PLACEMENT_3D('',#13800,#11334,#11335);
#9296=AXIS2_PLACEMENT_3D('',#13802,#11337,#11338);
#9297=AXIS2_PLACEMENT_3D('',#13808,#11342,#11343);
#9298=AXIS2_PLACEMENT_3D('',#13810,#11345,#11346);
#9299=AXIS2_PLACEMENT_3D('',#13812,#11348,#11349);
#9300=AXIS2_PLACEMENT_3D('',#13814,#11351,#11352);
#9301=AXIS2_PLACEMENT_3D('',#13816,#11354,#11355);
#9302=AXIS2_PLACEMENT_3D('',#13818,#11357,#11358);
#9303=AXIS2_PLACEMENT_3D('',#13821,#11361,#11362);
#9304=AXIS2_PLACEMENT_3D('',#13824,#11365,#11366);
#9305=AXIS2_PLACEMENT_3D('',#13825,#11367,#11368);
#9306=AXIS2_PLACEMENT_3D('',#13828,#11371,#11372);
#9307=AXIS2_PLACEMENT_3D('',#13829,#11373,#11374);
#9308=AXIS2_PLACEMENT_3D('',#13832,#11377,#11378);
#9309=AXIS2_PLACEMENT_3D('',#13833,#11379,#11380);
#9310=AXIS2_PLACEMENT_3D('',#13836,#11383,#11384);
#9311=AXIS2_PLACEMENT_3D('',#13838,#11386,#11387);
#9312=AXIS2_PLACEMENT_3D('',#13840,#11389,#11390);
#9313=AXIS2_PLACEMENT_3D('',#13842,#11392,#11393);
#9314=AXIS2_PLACEMENT_3D('',#13844,#11395,#11396);
#9315=AXIS2_PLACEMENT_3D('',#13846,#11398,#11399);
#9316=AXIS2_PLACEMENT_3D('',#13849,#11402,#11403);
#9317=AXIS2_PLACEMENT_3D('',#13850,#11404,#11405);
#9318=AXIS2_PLACEMENT_3D('',#13852,#11407,#11408);
#9319=AXIS2_PLACEMENT_3D('',#13854,#11410,#11411);
#9320=AXIS2_PLACEMENT_3D('',#13858,#11414,#11415);
#9321=AXIS2_PLACEMENT_3D('',#13862,#11418,#11419);
#9322=AXIS2_PLACEMENT_3D('',#13864,#11421,#11422);
#9323=AXIS2_PLACEMENT_3D('',#13866,#11424,#11425);
#9324=AXIS2_PLACEMENT_3D('',#13868,#11427,#11428);
#9325=AXIS2_PLACEMENT_3D('',#13872,#11431,#11432);
#9326=AXIS2_PLACEMENT_3D('',#13875,#11435,#11436);
#9327=AXIS2_PLACEMENT_3D('',#13876,#11437,#11438);
#9328=AXIS2_PLACEMENT_3D('',#13879,#11441,#11442);
#9329=AXIS2_PLACEMENT_3D('',#13880,#11443,#11444);
#9330=AXIS2_PLACEMENT_3D('',#13886,#11448,#11449);
#9331=AXIS2_PLACEMENT_3D('',#13888,#11451,#11452);
#9332=AXIS2_PLACEMENT_3D('',#13890,#11454,#11455);
#9333=AXIS2_PLACEMENT_3D('',#13894,#11458,#11459);
#9334=AXIS2_PLACEMENT_3D('',#13896,#11461,#11462);
#9335=AXIS2_PLACEMENT_3D('',#13900,#11465,#11466);
#9336=AXIS2_PLACEMENT_3D('',#13904,#11469,#11470);
#9337=AXIS2_PLACEMENT_3D('',#13910,#11474,#11475);
#9338=AXIS2_PLACEMENT_3D('',#13912,#11477,#11478);
#9339=AXIS2_PLACEMENT_3D('',#13914,#11480,#11481);
#9340=AXIS2_PLACEMENT_3D('',#13918,#11484,#11485);
#9341=AXIS2_PLACEMENT_3D('',#13921,#11488,#11489);
#9342=AXIS2_PLACEMENT_3D('',#13923,#11491,#11492);
#9343=AXIS2_PLACEMENT_3D('',#13925,#11494,#11495);
#9344=AXIS2_PLACEMENT_3D('',#13927,#11497,#11498);
#9345=AXIS2_PLACEMENT_3D('',#13931,#11501,#11502);
#9346=AXIS2_PLACEMENT_3D('',#13933,#11504,#11505);
#9347=AXIS2_PLACEMENT_3D('',#13935,#11507,#11508);
#9348=AXIS2_PLACEMENT_3D('',#13936,#11509,#11510);
#9349=AXIS2_PLACEMENT_3D('',#13938,#11512,#11513);
#9350=AXIS2_PLACEMENT_3D('',#13940,#11515,#11516);
#9351=AXIS2_PLACEMENT_3D('',#13943,#11519,#11520);
#9352=AXIS2_PLACEMENT_3D('',#13946,#11523,#11524);
#9353=AXIS2_PLACEMENT_3D('',#13947,#11525,#11526);
#9354=AXIS2_PLACEMENT_3D('',#13948,#11527,#11528);
#9355=AXIS2_PLACEMENT_3D('',#13950,#11530,#11531);
#9356=AXIS2_PLACEMENT_3D('',#13952,#11533,#11534);
#9357=AXIS2_PLACEMENT_3D('',#13955,#11537,#11538);
#9358=AXIS2_PLACEMENT_3D('',#13956,#11539,#11540);
#9359=AXIS2_PLACEMENT_3D('',#13958,#11542,#11543);
#9360=AXIS2_PLACEMENT_3D('',#13960,#11545,#11546);
#9361=AXIS2_PLACEMENT_3D('',#13962,#11548,#11549);
#9362=AXIS2_PLACEMENT_3D('',#13963,#11550,#11551);
#9363=AXIS2_PLACEMENT_3D('',#13966,#11554,#11555);
#9364=AXIS2_PLACEMENT_3D('',#13967,#11556,#11557);
#9365=AXIS2_PLACEMENT_3D('',#13969,#11559,#11560);
#9366=AXIS2_PLACEMENT_3D('',#13971,#11562,#11563);
#9367=AXIS2_PLACEMENT_3D('',#13974,#11566,#11567);
#9368=AXIS2_PLACEMENT_3D('',#13976,#11569,#11570);
#9369=AXIS2_PLACEMENT_3D('',#13978,#11572,#11573);
#9370=AXIS2_PLACEMENT_3D('',#13981,#11576,#11577);
#9371=AXIS2_PLACEMENT_3D('',#13983,#11579,#11580);
#9372=AXIS2_PLACEMENT_3D('',#13984,#11581,#11582);
#9373=AXIS2_PLACEMENT_3D('',#13986,#11584,#11585);
#9374=AXIS2_PLACEMENT_3D('',#13988,#11587,#11588);
#9375=AXIS2_PLACEMENT_3D('',#13990,#11590,#11591);
#9376=AXIS2_PLACEMENT_3D('',#13991,#11592,#11593);
#9377=AXIS2_PLACEMENT_3D('',#13993,#11595,#11596);
#9378=AXIS2_PLACEMENT_3D('',#13995,#11598,#11599);
#9379=AXIS2_PLACEMENT_3D('',#13997,#11601,#11602);
#9380=AXIS2_PLACEMENT_3D('',#14001,#11605,#11606);
#9381=AXIS2_PLACEMENT_3D('',#14005,#11609,#11610);
#9382=AXIS2_PLACEMENT_3D('',#14007,#11612,#11613);
#9383=AXIS2_PLACEMENT_3D('',#14009,#11615,#11616);
#9384=AXIS2_PLACEMENT_3D('',#14011,#11618,#11619);
#9385=AXIS2_PLACEMENT_3D('',#14013,#11621,#11622);
#9386=AXIS2_PLACEMENT_3D('',#14015,#11624,#11625);
#9387=AXIS2_PLACEMENT_3D('',#14019,#11628,#11629);
#9388=AXIS2_PLACEMENT_3D('',#14021,#11631,#11632);
#9389=AXIS2_PLACEMENT_3D('',#14025,#11635,#11636);
#9390=AXIS2_PLACEMENT_3D('',#14027,#11638,#11639);
#9391=AXIS2_PLACEMENT_3D('',#14031,#11642,#11643);
#9392=AXIS2_PLACEMENT_3D('',#14033,#11645,#11646);
#9393=AXIS2_PLACEMENT_3D('',#14037,#11649,#11650);
#9394=AXIS2_PLACEMENT_3D('',#14041,#11653,#11654);
#9395=AXIS2_PLACEMENT_3D('',#14045,#11657,#11658);
#9396=AXIS2_PLACEMENT_3D('',#14047,#11660,#11661);
#9397=AXIS2_PLACEMENT_3D('',#14052,#11665,#11666);
#9398=AXIS2_PLACEMENT_3D('',#14053,#11667,#11668);
#9399=AXIS2_PLACEMENT_3D('',#14055,#11670,#11671);
#9400=AXIS2_PLACEMENT_3D('',#14058,#11674,#11675);
#9401=AXIS2_PLACEMENT_3D('',#14059,#11676,#11677);
#9402=AXIS2_PLACEMENT_3D('',#14061,#11679,#11680);
#9403=AXIS2_PLACEMENT_3D('',#14065,#11683,#11684);
#9404=AXIS2_PLACEMENT_3D('',#14067,#11686,#11687);
#9405=AXIS2_PLACEMENT_3D('',#14071,#11690,#11691);
#9406=AXIS2_PLACEMENT_3D('',#14075,#11694,#11695);
#9407=AXIS2_PLACEMENT_3D('',#14077,#11697,#11698);
#9408=AXIS2_PLACEMENT_3D('',#14081,#11701,#11702);
#9409=AXIS2_PLACEMENT_3D('',#14084,#11705,#11706);
#9410=AXIS2_PLACEMENT_3D('',#14087,#11709,#11710);
#9411=AXIS2_PLACEMENT_3D('',#14089,#11712,#11713);
#9412=AXIS2_PLACEMENT_3D('',#14090,#11714,#11715);
#9413=AXIS2_PLACEMENT_3D('',#14093,#11718,#11719);
#9414=AXIS2_PLACEMENT_3D('',#14094,#11720,#11721);
#9415=AXIS2_PLACEMENT_3D('',#14097,#11724,#11725);
#9416=AXIS2_PLACEMENT_3D('',#14099,#11727,#11728);
#9417=AXIS2_PLACEMENT_3D('',#14100,#11729,#11730);
#9418=AXIS2_PLACEMENT_3D('',#14102,#11732,#11733);
#9419=AXIS2_PLACEMENT_3D('',#14105,#11736,#11737);
#9420=AXIS2_PLACEMENT_3D('',#14107,#11739,#11740);
#9421=AXIS2_PLACEMENT_3D('',#14108,#11741,#11742);
#9422=AXIS2_PLACEMENT_3D('',#14110,#11744,#11745);
#9423=AXIS2_PLACEMENT_3D('',#14111,#11746,#11747);
#9424=AXIS2_PLACEMENT_3D('',#14113,#11749,#11750);
#9425=AXIS2_PLACEMENT_3D('',#14115,#11752,#11753);
#9426=AXIS2_PLACEMENT_3D('',#14116,#11754,#11755);
#9427=AXIS2_PLACEMENT_3D('',#14118,#11757,#11758);
#9428=AXIS2_PLACEMENT_3D('',#14120,#11760,#11761);
#9429=AXIS2_PLACEMENT_3D('',#14122,#11763,#11764);
#9430=AXIS2_PLACEMENT_3D('',#14124,#11766,#11767);
#9431=AXIS2_PLACEMENT_3D('',#14127,#11770,#11771);
#9432=AXIS2_PLACEMENT_3D('',#14128,#11772,#11773);
#9433=AXIS2_PLACEMENT_3D('',#14130,#11775,#11776);
#9434=AXIS2_PLACEMENT_3D('',#14132,#11778,#11779);
#9435=AXIS2_PLACEMENT_3D('',#14133,#11780,#11781);
#9436=AXIS2_PLACEMENT_3D('',#14137,#11784,#11785);
#9437=AXIS2_PLACEMENT_3D('',#14139,#11787,#11788);
#9438=AXIS2_PLACEMENT_3D('',#14141,#11790,#11791);
#9439=AXIS2_PLACEMENT_3D('',#14143,#11793,#11794);
#9440=AXIS2_PLACEMENT_3D('',#14145,#11796,#11797);
#9441=AXIS2_PLACEMENT_3D('',#14148,#11800,#11801);
#9442=AXIS2_PLACEMENT_3D('',#14149,#11802,#11803);
#9443=AXIS2_PLACEMENT_3D('',#14152,#11806,#11807);
#9444=AXIS2_PLACEMENT_3D('',#14153,#11808,#11809);
#9445=AXIS2_PLACEMENT_3D('',#14157,#11812,#11813);
#9446=AXIS2_PLACEMENT_3D('',#14159,#11815,#11816);
#9447=AXIS2_PLACEMENT_3D('',#14161,#11818,#11819);
#9448=AXIS2_PLACEMENT_3D('',#14163,#11821,#11822);
#9449=AXIS2_PLACEMENT_3D('',#14165,#11824,#11825);
#9450=AXIS2_PLACEMENT_3D('',#14167,#11827,#11828);
#9451=AXIS2_PLACEMENT_3D('',#14169,#11830,#11831);
#9452=AXIS2_PLACEMENT_3D('',#14170,#11832,#11833);
#9453=AXIS2_PLACEMENT_3D('',#14173,#11836,#11837);
#9454=AXIS2_PLACEMENT_3D('',#14176,#11840,#11841);
#9455=AXIS2_PLACEMENT_3D('',#14178,#11843,#11844);
#9456=AXIS2_PLACEMENT_3D('',#14180,#11846,#11847);
#9457=AXIS2_PLACEMENT_3D('',#14183,#11850,#11851);
#9458=AXIS2_PLACEMENT_3D('',#14184,#11852,#11853);
#9459=AXIS2_PLACEMENT_3D('',#14186,#11855,#11856);
#9460=AXIS2_PLACEMENT_3D('',#14188,#11858,#11859);
#9461=AXIS2_PLACEMENT_3D('',#14190,#11861,#11862);
#9462=AXIS2_PLACEMENT_3D('',#14192,#11864,#11865);
#9463=AXIS2_PLACEMENT_3D('',#14194,#11867,#11868);
#9464=AXIS2_PLACEMENT_3D('',#14196,#11870,#11871);
#9465=AXIS2_PLACEMENT_3D('',#14197,#11872,#11873);
#9466=AXIS2_PLACEMENT_3D('',#14198,#11874,#11875);
#9467=AXIS2_PLACEMENT_3D('',#14201,#11878,#11879);
#9468=AXIS2_PLACEMENT_3D('',#14203,#11881,#11882);
#9469=AXIS2_PLACEMENT_3D('',#14204,#11883,#11884);
#9470=AXIS2_PLACEMENT_3D('',#14206,#11886,#11887);
#9471=AXIS2_PLACEMENT_3D('',#14209,#11890,#11891);
#9472=AXIS2_PLACEMENT_3D('',#14211,#11893,#11894);
#9473=AXIS2_PLACEMENT_3D('',#14214,#11897,#11898);
#9474=AXIS2_PLACEMENT_3D('',#14215,#11899,#11900);
#9475=AXIS2_PLACEMENT_3D('',#14218,#11903,#11904);
#9476=AXIS2_PLACEMENT_3D('',#14219,#11905,#11906);
#9477=AXIS2_PLACEMENT_3D('',#14221,#11908,#11909);
#9478=AXIS2_PLACEMENT_3D('',#14223,#11911,#11912);
#9479=AXIS2_PLACEMENT_3D('',#14225,#11914,#11915);
#9480=AXIS2_PLACEMENT_3D('',#14228,#11918,#11919);
#9481=AXIS2_PLACEMENT_3D('',#14229,#11920,#11921);
#9482=AXIS2_PLACEMENT_3D('',#14231,#11923,#11924);
#9483=AXIS2_PLACEMENT_3D('',#14232,#11925,#11926);
#9484=AXIS2_PLACEMENT_3D('',#14235,#11929,#11930);
#9485=AXIS2_PLACEMENT_3D('',#14236,#11931,#11932);
#9486=AXIS2_PLACEMENT_3D('',#14238,#11934,#11935);
#9487=AXIS2_PLACEMENT_3D('',#14240,#11937,#11938);
#9488=AXIS2_PLACEMENT_3D('',#14242,#11940,#11941);
#9489=AXIS2_PLACEMENT_3D('',#14244,#11943,#11944);
#9490=AXIS2_PLACEMENT_3D('',#14247,#11947,#11948);
#9491=AXIS2_PLACEMENT_3D('',#14248,#11949,#11950);
#9492=AXIS2_PLACEMENT_3D('',#14249,#11951,#11952);
#9493=AXIS2_PLACEMENT_3D('',#14251,#11954,#11955);
#9494=AXIS2_PLACEMENT_3D('',#14253,#11957,#11958);
#9495=AXIS2_PLACEMENT_3D('',#14255,#11960,#11961);
#9496=AXIS2_PLACEMENT_3D('',#14257,#11963,#11964);
#9497=DIRECTION('axis',(0.,0.,1.));
#9498=DIRECTION('refdir',(1.,0.,0.));
#9499=DIRECTION('center_axis',(1.48029736616688E-15,-1.,0.));
#9500=DIRECTION('ref_axis',(1.,1.48029736616688E-15,-2.86300336387986E-39));
#9501=DIRECTION('center_axis',(1.64485099864163E-15,-1.,1.38777878077951E-17));
#9502=DIRECTION('ref_axis',(1.,1.48029736616688E-15,-2.86300336387986E-39));
#9503=DIRECTION('',(1.48029736616688E-15,-1.,0.));
#9504=DIRECTION('center_axis',(-1.55820775385987E-15,1.,-1.38777878078104E-17));
#9505=DIRECTION('ref_axis',(1.,1.48029736616688E-15,-2.86300336387986E-39));
#9506=DIRECTION('center_axis',(1.55820775385987E-15,-1.,1.38777878078104E-17));
#9507=DIRECTION('ref_axis',(-1.82899146053307E-22,1.38777878078104E-17,
1.));
#9508=DIRECTION('center_axis',(1.48029736616688E-15,-1.,0.));
#9509=DIRECTION('ref_axis',(1.,1.48029736616688E-15,-2.86300336387986E-39));
#9510=DIRECTION('center_axis',(1.64485099864163E-15,-1.,1.38777878077951E-17));
#9511=DIRECTION('ref_axis',(1.,1.48029736616688E-15,-2.86300336387986E-39));
#9512=DIRECTION('',(1.48029736616688E-15,-1.,0.));
#9513=DIRECTION('center_axis',(-1.55820775385987E-15,1.,-1.38777878078104E-17));
#9514=DIRECTION('ref_axis',(1.,1.48029736616688E-15,-2.86300336387986E-39));
#9515=DIRECTION('center_axis',(1.55820775385987E-15,-1.,1.38777878078104E-17));
#9516=DIRECTION('ref_axis',(-1.82899146053307E-22,1.38777878078104E-17,
1.));
#9517=DIRECTION('center_axis',(1.48029736616688E-15,-1.,0.));
#9518=DIRECTION('ref_axis',(1.,1.48029736616688E-15,-2.86300336387986E-39));
#9519=DIRECTION('center_axis',(1.64485099864163E-15,-1.,1.38777878077951E-17));
#9520=DIRECTION('ref_axis',(1.,1.48029736616688E-15,-2.86300336387986E-39));
#9521=DIRECTION('',(1.48029736616688E-15,-1.,0.));
#9522=DIRECTION('center_axis',(-1.55820775385987E-15,1.,-1.38777878078104E-17));
#9523=DIRECTION('ref_axis',(1.,1.48029736616688E-15,-2.86300336387986E-39));
#9524=DIRECTION('center_axis',(1.55820775385987E-15,-1.,1.38777878078104E-17));
#9525=DIRECTION('ref_axis',(-1.82899146053307E-22,1.38777878078104E-17,
1.));
#9526=DIRECTION('center_axis',(1.48029736616688E-15,-1.,0.));
#9527=DIRECTION('ref_axis',(1.,1.48029736616688E-15,-2.86300336387986E-39));
#9528=DIRECTION('center_axis',(1.64485099864163E-15,-1.,1.38777878077951E-17));
#9529=DIRECTION('ref_axis',(1.,1.48029736616688E-15,-2.86300336387986E-39));
#9530=DIRECTION('',(1.48029736616688E-15,-1.,0.));
#9531=DIRECTION('center_axis',(-1.55820775385987E-15,1.,-1.38777878078104E-17));
#9532=DIRECTION('ref_axis',(1.,1.48029736616688E-15,-2.86300336387986E-39));
#9533=DIRECTION('center_axis',(1.55820775385987E-15,-1.,1.38777878078104E-17));
#9534=DIRECTION('ref_axis',(-1.82899146053307E-22,1.38777878078104E-17,
1.));
#9535=DIRECTION('center_axis',(1.48029736616688E-15,-1.,0.));
#9536=DIRECTION('ref_axis',(1.,1.48029736616688E-15,-2.86300336387986E-39));
#9537=DIRECTION('center_axis',(1.64485099864163E-15,-1.,1.38777878077951E-17));
#9538=DIRECTION('ref_axis',(1.,1.48029736616688E-15,-2.86300336387986E-39));
#9539=DIRECTION('',(1.48029736616688E-15,-1.,0.));
#9540=DIRECTION('center_axis',(-1.55820775385987E-15,1.,-1.38777878078104E-17));
#9541=DIRECTION('ref_axis',(1.,1.48029736616688E-15,-2.86300336387986E-39));
#9542=DIRECTION('center_axis',(1.55820775385987E-15,-1.,1.38777878078104E-17));
#9543=DIRECTION('ref_axis',(-1.82899146053307E-22,1.38777878078104E-17,
1.));
#9544=DIRECTION('center_axis',(1.48029736616688E-15,-1.,0.));
#9545=DIRECTION('ref_axis',(1.,1.48029736616688E-15,-2.86300336387986E-39));
#9546=DIRECTION('center_axis',(1.64485099864163E-15,-1.,1.38777878077951E-17));
#9547=DIRECTION('ref_axis',(1.,1.48029736616688E-15,-2.86300336387986E-39));
#9548=DIRECTION('',(1.48029736616688E-15,-1.,0.));
#9549=DIRECTION('center_axis',(-1.55820775385987E-15,1.,-1.38777878078104E-17));
#9550=DIRECTION('ref_axis',(1.,1.48029736616688E-15,-2.86300336387986E-39));
#9551=DIRECTION('center_axis',(1.55820775385987E-15,-1.,1.38777878078104E-17));
#9552=DIRECTION('ref_axis',(-1.82899146053307E-22,1.38777878078104E-17,
1.));
#9553=DIRECTION('center_axis',(1.55820775385987E-15,-1.,1.38777878078104E-17));
#9554=DIRECTION('ref_axis',(-1.82899146053307E-22,1.38777878078104E-17,
1.));
#9555=DIRECTION('center_axis',(-1.55820775385987E-15,1.,-1.38777878078104E-17));
#9556=DIRECTION('ref_axis',(1.,1.46115439137179E-15,-2.86300336387986E-39));
#9557=DIRECTION('center_axis',(1.55820775385987E-15,-1.,1.38777878078104E-17));
#9558=DIRECTION('ref_axis',(-1.82899146053307E-22,1.38777878078104E-17,
1.));
#9559=DIRECTION('center_axis',(-1.55820775385987E-15,1.,-1.38777878078104E-17));
#9560=DIRECTION('ref_axis',(1.,1.46115439137179E-15,-2.86300336387986E-39));
#9561=DIRECTION('center_axis',(1.55820775385987E-15,-1.,1.38777878078104E-17));
#9562=DIRECTION('ref_axis',(-1.82899146053307E-22,1.38777878078104E-17,
1.));
#9563=DIRECTION('center_axis',(-1.55820775385987E-15,1.,-1.38777878078104E-17));
#9564=DIRECTION('ref_axis',(1.,1.46115439137179E-15,-2.86300336387986E-39));
#9565=DIRECTION('center_axis',(1.55820775385987E-15,-1.,1.38777878078104E-17));
#9566=DIRECTION('ref_axis',(-1.82899146053307E-22,1.38777878078104E-17,
1.));
#9567=DIRECTION('center_axis',(-1.55820775385987E-15,1.,-1.38777878078104E-17));
#9568=DIRECTION('ref_axis',(1.,1.46115439137179E-15,-2.86300336387986E-39));
#9569=DIRECTION('center_axis',(1.55820775385987E-15,-1.,1.38777878078104E-17));
#9570=DIRECTION('ref_axis',(-1.82899146053307E-22,1.38777878078104E-17,
1.));
#9571=DIRECTION('center_axis',(-1.55820775385987E-15,1.,-1.38777878078104E-17));
#9572=DIRECTION('ref_axis',(1.,1.46115439137179E-15,-2.86300336387986E-39));
#9573=DIRECTION('center_axis',(-0.268452343313007,0.963292966531862,0.));
#9574=DIRECTION('ref_axis',(0.,0.,1.));
#9575=DIRECTION('',(-0.963292966531862,-0.268452343313007,3.72570084246873E-18));
#9576=DIRECTION('',(-1.82899146231995E-22,-5.09706871137043E-23,-1.));
#9577=DIRECTION('',(0.963292966531862,0.268452343313007,-3.72552465700341E-18));
#9578=DIRECTION('',(0.,0.,1.));
#9579=DIRECTION('',(-0.963292966531862,-0.268452343313007,0.));
#9580=DIRECTION('',(0.,0.,-1.));
#9581=DIRECTION('',(-0.963292966531862,-0.268452343313007,0.));
#9582=DIRECTION('',(0.,0.,1.));
#9583=DIRECTION('center_axis',(0.,1.,1.22464679914735E-16));
#9584=DIRECTION('ref_axis',(0.,-1.22464679914735E-16,1.));
#9585=DIRECTION('',(1.,2.23986853977954E-38,-1.82899146214159E-22));
#9586=DIRECTION('',(0.,0.,1.));
#9587=DIRECTION('',(0.991060887255078,-1.63380540962662E-17,0.133410336005789));
#9588=DIRECTION('',(-1.,0.,0.));
#9589=DIRECTION('',(0.99105133849237,1.63467387260218E-17,-0.133481251389405));
#9590=DIRECTION('center_axis',(0.,1.,1.22464679914735E-16));
#9591=DIRECTION('ref_axis',(0.,-1.22464679914735E-16,1.));
#9592=DIRECTION('',(-1.,-2.23986853977954E-38,1.82899146214159E-22));
#9593=DIRECTION('',(-0.991051356910884,1.6346721978847E-17,-0.133481114638345));
#9594=DIRECTION('',(1.,0.,0.));
#9595=DIRECTION('',(-0.991060905654204,-1.63380373576663E-17,0.133410199324748));
#9596=DIRECTION('',(0.,0.,1.));
#9597=DIRECTION('center_axis',(-1.,-1.52423524504367E-15,1.8289914623112E-22));
#9598=DIRECTION('ref_axis',(1.52423524504367E-15,-1.,1.38777878077957E-17));
#9599=DIRECTION('',(1.8289914623112E-22,-5.09421984090324E-23,1.));
#9600=DIRECTION('',(-1.52423524504367E-15,1.,-1.38777878077957E-17));
#9601=DIRECTION('',(1.82899146053307E-22,-1.38777878078104E-17,-1.));
#9602=DIRECTION('',(-1.52423524504367E-15,1.,-1.38777878077957E-17));
#9603=DIRECTION('center_axis',(1.46115439137179E-15,-1.,1.38777878077956E-17));
#9604=DIRECTION('ref_axis',(1.,1.46115439137179E-15,-2.86300336387986E-39));
#9605=DIRECTION('center_axis',(1.64485099864163E-15,-1.,1.38777878077951E-17));
#9606=DIRECTION('ref_axis',(1.,1.46115439137179E-15,-2.86300336387986E-39));
#9607=DIRECTION('',(-1.46115439137179E-15,1.,-1.38777878077956E-17));
#9608=DIRECTION('center_axis',(1.46115439137179E-15,-1.,1.38777878077956E-17));
#9609=DIRECTION('ref_axis',(1.,1.46115439137179E-15,-2.86300336387986E-39));
#9610=DIRECTION('center_axis',(1.64485099864163E-15,-1.,1.38777878077951E-17));
#9611=DIRECTION('ref_axis',(1.,1.46115439137179E-15,-2.86300336387986E-39));
#9612=DIRECTION('',(-1.46115439137179E-15,1.,-1.38777878077956E-17));
#9613=DIRECTION('center_axis',(1.46115439137179E-15,-1.,1.38777878077956E-17));
#9614=DIRECTION('ref_axis',(1.,1.46115439137179E-15,-2.86300336387986E-39));
#9615=DIRECTION('center_axis',(1.64485099864163E-15,-1.,1.38777878077951E-17));
#9616=DIRECTION('ref_axis',(1.,1.46115439137179E-15,-2.86300336387986E-39));
#9617=DIRECTION('',(-1.46115439137179E-15,1.,-1.38777878077956E-17));
#9618=DIRECTION('center_axis',(1.46115439137179E-15,-1.,1.38777878077956E-17));
#9619=DIRECTION('ref_axis',(1.,1.46115439137179E-15,-2.86300336387986E-39));
#9620=DIRECTION('center_axis',(1.64485099864163E-15,-1.,1.38777878077951E-17));
#9621=DIRECTION('ref_axis',(1.,1.46115439137179E-15,-2.86300336387986E-39));
#9622=DIRECTION('',(-1.46115439137179E-15,1.,-1.38777878077956E-17));
#9623=DIRECTION('center_axis',(1.46115439137179E-15,-1.,1.38777878077956E-17));
#9624=DIRECTION('ref_axis',(1.,1.46115439137179E-15,-2.86300336387986E-39));
#9625=DIRECTION('center_axis',(1.64485099864163E-15,-1.,1.38777878077951E-17));
#9626=DIRECTION('ref_axis',(1.,1.46115439137179E-15,-2.86300336387986E-39));
#9627=DIRECTION('',(-1.46115439137179E-15,1.,-1.38777878077956E-17));
#9628=DIRECTION('center_axis',(1.,1.58731609871556E-15,-1.82899146231995E-22));
#9629=DIRECTION('ref_axis',(-1.58731609871556E-15,1.,-1.38777878077958E-17));
#9630=DIRECTION('',(1.58731609871556E-15,-1.,1.38777878077958E-17));
#9631=DIRECTION('',(1.82899146053307E-22,-1.38777878078104E-17,-1.));
#9632=DIRECTION('',(1.58731609871556E-15,-1.,1.38777878077958E-17));
#9633=DIRECTION('center_axis',(-1.82899146250522E-22,1.38777878077956E-17,
1.));
#9634=DIRECTION('ref_axis',(1.46115439137179E-15,-1.,1.38777878077956E-17));
#9635=DIRECTION('',(1.,1.46115397876952E-15,-1.82899146230244E-22));
#9636=DIRECTION('center_axis',(-1.82899146250522E-22,1.38777878078112E-17,
1.));
#9637=DIRECTION('ref_axis',(1.,1.46115418507066E-15,1.82899146230244E-22));
#9638=DIRECTION('',(-1.46115439137179E-15,1.,-1.38777878077956E-17));
#9639=DIRECTION('',(1.,1.64485099864162E-15,-1.82899146232794E-22));
#9640=DIRECTION('',(1.46115439137179E-15,-1.,1.38777878077956E-17));
#9641=DIRECTION('center_axis',(-1.82899146250522E-22,1.38777878078112E-17,
1.));
#9642=DIRECTION('ref_axis',(1.,1.46115418507066E-15,1.82899146230244E-22));
#9643=DIRECTION('',(1.,8.10632675278218E-16,-1.82899146221217E-22));
#9644=DIRECTION('',(-0.963331759217493,0.268313103822624,-3.72376851345772E-18));
#9645=DIRECTION('center_axis',(1.82899146250522E-22,-1.38777878077956E-17,
-1.));
#9646=DIRECTION('ref_axis',(-1.46115439137179E-15,1.,-1.38777878077956E-17));
#9647=DIRECTION('',(1.46115439137179E-15,-1.,1.38777878077956E-17));
#9648=DIRECTION('center_axis',(-1.82899146250522E-22,1.38777878078112E-17,
1.));
#9649=DIRECTION('ref_axis',(1.,1.46115418507066E-15,1.82899146230244E-22));
#9650=DIRECTION('',(-1.,-1.46115397876952E-15,1.82899146230244E-22));
#9651=DIRECTION('',(-0.963331759217493,0.268313103822624,-3.72376851345772E-18));
#9652=DIRECTION('',(-1.,-8.10632675278218E-16,1.82899146221217E-22));
#9653=DIRECTION('center_axis',(-1.82899146250522E-22,1.38777878078112E-17,
1.));
#9654=DIRECTION('ref_axis',(1.,1.46115418507066E-15,1.82899146230244E-22));
#9655=DIRECTION('',(-1.46115439137179E-15,1.,-1.38777878077956E-17));
#9656=DIRECTION('',(1.,1.64485099864162E-15,-1.82899146232794E-22));
#9657=DIRECTION('center_axis',(1.82899146053307E-22,-1.38777878078104E-17,
-1.));
#9658=DIRECTION('ref_axis',(-1.46115418507066E-15,1.,-1.38777878078104E-17));
#9659=DIRECTION('',(1.82899146053307E-22,-1.38777878078104E-17,-1.));
#9660=DIRECTION('center_axis',(-1.64485099864163E-15,1.,-1.38777878077951E-17));
#9661=DIRECTION('ref_axis',(-1.,-1.64485099864163E-15,1.82899146232794E-22));
#9662=DIRECTION('',(1.82899146053307E-22,-1.38777878078104E-17,-1.));
#9663=DIRECTION('center_axis',(1.82899146053307E-22,-1.38777878078104E-17,
-1.));
#9664=DIRECTION('ref_axis',(-1.46115418507066E-15,1.,-1.38777878078104E-17));
#9665=DIRECTION('center_axis',(0.389738714890271,0.196173394987182,0.89978871587439));
#9666=DIRECTION('ref_axis',(0.917618762350389,0.,-0.397461705051619));
#9667=DIRECTION('',(0.35681541233208,-0.932897370873982,0.0488390923205937));
#9668=DIRECTION('',(-0.449602940069826,0.893228524108231,0.));
#9669=DIRECTION('',(0.907304785493174,0.0856263836680955,-0.411662663647203));
#9670=DIRECTION('',(-0.449602940069826,0.893228524108231,0.));
#9671=DIRECTION('',(-0.782596650981259,-0.444466364000735,0.435880870358958));
#9672=DIRECTION('center_axis',(0.120320015406404,0.431988190137562,-0.893817261790281));
#9673=DIRECTION('ref_axis',(-0.991060887255078,0.,-0.133410336005789));
#9674=DIRECTION('',(0.963331759217493,-0.268313103822624,0.));
#9675=DIRECTION('',(0.992334999052552,-0.0778975751182924,0.0959334010971251));
#9676=DIRECTION('',(0.963331759217493,-0.268313103822624,0.));
#9677=DIRECTION('center_axis',(0.120319915140424,0.431987830149914,0.893817449271925));
#9678=DIRECTION('ref_axis',(0.991060905654204,0.,-0.133410199324748));
#9679=DIRECTION('',(-0.963331759217493,0.268313103822624,0.));
#9680=DIRECTION('',(-0.992335008578668,0.0778975758660856,0.0959333019517297));
#9681=DIRECTION('',(0.963331759217493,-0.268313103822624,0.));
#9682=DIRECTION('center_axis',(0.120272383866307,0.430477344158354,0.894552295757764));
#9683=DIRECTION('ref_axis',(0.991082345806988,0.,-0.133250830502923));
#9684=DIRECTION('',(-0.963115642063897,0.269087829549847,0.));
#9685=DIRECTION('',(0.259189284997849,0.856223452012805,-0.446880649352351));
#9686=DIRECTION('center_axis',(0.120272484257548,0.430477703477369,-0.89455210934823));
#9687=DIRECTION('ref_axis',(-0.991082327451397,0.,-0.133250967026595));
#9688=DIRECTION('',(0.963115642063897,-0.269087829549847,0.));
#9689=DIRECTION('',(0.259189231007168,0.856223273656333,0.446881022397624));
#9690=DIRECTION('center_axis',(0.,0.,1.));
#9691=DIRECTION('ref_axis',(1.,0.,0.));
#9692=DIRECTION('',(-0.963292966531862,-0.268452343313007,0.));
#9693=DIRECTION('',(-0.963148816802419,-0.268969062704432,0.));
#9694=DIRECTION('',(-0.949107083177821,-0.3149535595317,0.));
#9695=DIRECTION('',(-0.93259721889874,-0.360918865262452,0.));
#9696=DIRECTION('',(-0.913668342221627,-0.40646052750788,0.));
#9697=DIRECTION('',(-0.892955386536621,-0.4501451739775,0.));
#9698=DIRECTION('',(-0.869900756140045,-0.493226798204414,0.));
#9699=DIRECTION('',(-0.844772622326041,-0.535125421343805,0.));
#9700=DIRECTION('',(-0.817523711894259,-0.575894938761084,0.));
#9701=DIRECTION('',(-0.788269946134066,-0.615329579999041,0.));
#9702=DIRECTION('',(-0.757291681701903,-0.653076801628342,0.));
#9703=DIRECTION('',(-0.724642648552853,-0.68912483041776,0.));
#9704=DIRECTION('',(-0.633600303394964,-0.773660555759313,0.));
#9705=DIRECTION('',(-0.477428587664361,-0.8786705546909,0.));
#9706=DIRECTION('',(-0.36986098563796,-0.929087106413019,0.));
#9707=DIRECTION('',(-0.249297008312224,-0.968427076060234,0.));
#9708=DIRECTION('',(-0.124276944891142,-0.992247570401925,0.));
#9709=DIRECTION('',(0.0344613629713202,-0.999406030831393,0.));
#9710=DIRECTION('',(0.193832616208853,-0.981034615543015,0.));
#9711=DIRECTION('',(0.315822203977957,-0.948818389089559,0.));
#9712=DIRECTION('',(0.454306679403328,-0.890845351926765,0.));
#9713=DIRECTION('',(0.569140887341362,-0.822240019918932,0.));
#9714=DIRECTION('',(0.686260327689526,-0.727356008182695,0.));
#9715=DIRECTION('',(0.80368335384032,-0.595057196208881,0.));
#9716=DIRECTION('',(0.896491825915385,-0.443060273627526,0.));
#9717=DIRECTION('',(0.950448750045698,-0.310881285278755,0.));
#9718=DIRECTION('',(0.987985706758163,-0.154545278936544,0.));
#9719=DIRECTION('',(-0.669184203844698,-0.743096562584391,0.));
#9720=DIRECTION('',(-0.703336618678958,-0.710856948214794,0.));
#9721=DIRECTION('',(-0.737594538874633,-0.675243879070605,0.));
#9722=DIRECTION('',(-0.770139356933594,-0.637875670410708,0.));
#9723=DIRECTION('',(-0.800901104536357,-0.598796643905461,0.));
#9724=DIRECTION('',(-0.829386882809625,-0.558674680492443,0.));
#9725=DIRECTION('',(-0.856241676600799,-0.516575445846831,0.));
#9726=DIRECTION('',(0.880669865124919,0.47373050214321,0.));
#9727=DIRECTION('',(-0.902925857166434,-0.429796343004755,0.));
#9728=DIRECTION('',(-0.923325420895387,-0.384018446338657,0.));
#9729=DIRECTION('',(-0.94118022951475,-0.337904980091389,0.));
#9730=DIRECTION('',(0.956711432828493,0.291038200749064,0.));
#9731=DIRECTION('',(-0.969960026828714,-0.243264354878474,0.));
#9732=DIRECTION('',(-0.980784389405579,-0.195094801310351,0.));
#9733=DIRECTION('',(-0.989293511082011,-0.145939538614545,0.));
#9734=DIRECTION('',(-0.995296480783409,-0.0968757727203275,0.));
#9735=DIRECTION('',(-0.998880113318502,-0.0473129920509946,0.));
#9736=DIRECTION('',(0.999997555194312,-0.00221124521458394,0.));
#9737=DIRECTION('',(-0.998660252292912,0.0517465022031243,0.));
#9738=DIRECTION('',(-0.994900502374471,0.100861243176087,0.));
#9739=DIRECTION('',(-0.98862596280733,0.150395165026272,0.));
#9740=DIRECTION('',(-0.979998148661375,0.199006604463965,0.));
#9741=DIRECTION('',(-0.968960445576575,0.2472158063475,0.));
#9742=DIRECTION('',(-0.955520479576917,0.294924758386099,0.));
#9743=DIRECTION('',(-0.939560812631598,0.342382066363079,0.));
#9744=DIRECTION('',(-0.921710277876415,0.387879058028378,0.));
#9745=DIRECTION('',(-0.901136083973496,0.433536340069564,0.));
#9746=DIRECTION('',(-0.878789861969592,0.477208946374086,0.));
#9747=DIRECTION('',(-0.853762617914082,0.520662455197696,0.));
#9748=DIRECTION('',(0.82704994279974,-0.562128448056978,0.));
#9749=DIRECTION('',(-0.798245024093588,0.602332866038229,0.));
#9750=DIRECTION('',(0.76771343209152,-0.640793325641161,0.));
#9751=DIRECTION('',(-0.734430880495047,0.678683491603612,0.));
#9752=DIRECTION('',(0.700221774915957,-0.713925392414044,0.));
#9753=DIRECTION('',(-0.66637192646182,0.745619511294844,0.));
#9754=DIRECTION('',(0.98740664569819,0.158202768721187,0.));
#9755=DIRECTION('',(0.950878981952746,0.309562855782973,0.));
#9756=DIRECTION('',(-0.872637437368155,-0.488368613757619,0.));
#9757=DIRECTION('',(0.790309040876724,0.612708429767791,0.));
#9758=DIRECTION('',(-0.725663956244266,-0.68804928792051,0.));
#9759=DIRECTION('',(0.76060986207753,-0.649209240315017,0.));
#9760=DIRECTION('',(-0.87093273193332,-0.491402255232069,0.));
#9761=DIRECTION('',(-0.955880476631506,-0.293755875506728,0.));
#9762=DIRECTION('',(0.997267674589807,0.073872763710575,0.));
#9763=DIRECTION('',(-0.974842404153814,0.222895237866609,0.));
#9764=DIRECTION('',(-0.856978978132511,0.515351366582991,0.));
#9765=DIRECTION('',(0.69702177861187,-0.7170499565168,0.));
#9766=DIRECTION('',(0.499728127897295,-0.866182312327067,0.));
#9767=DIRECTION('',(0.316235250012108,-0.948680803352624,0.));
#9768=DIRECTION('',(0.0590779044165552,-0.998253375255876,0.));
#9769=DIRECTION('',(-0.162411816390973,-0.98672306241244,0.));
#9770=DIRECTION('',(-0.424696176173075,-0.905335936514158,0.));
#9771=DIRECTION('',(-0.717928103366498,-0.696117259085409,0.));
#9772=DIRECTION('',(0.925304846105081,0.37922413131874,0.));
#9773=DIRECTION('',(-0.978929760985944,-0.204197265055147,0.));
#9774=DIRECTION('',(-0.999196674303909,0.0400750054274197,0.));
#9775=DIRECTION('',(-0.947940888624701,0.318446340336033,0.));
#9776=DIRECTION('',(-0.787807833456617,0.615921113085427,0.));
#9777=DIRECTION('',(-0.596161733636279,0.802864364228346,0.));
#9778=DIRECTION('',(-0.450824850196104,0.89261243238354,0.));
#9779=DIRECTION('',(0.22274520980852,-0.974876695540189,0.));
#9780=DIRECTION('',(-0.0540599399920182,-0.998537692272084,0.));
#9781=DIRECTION('',(0.879187306790536,-0.476476315863028,0.));
#9782=DIRECTION('',(-0.32950377272433,-0.944154258455912,0.));
#9783=DIRECTION('',(-0.173582521769132,-0.984819327661815,0.));
#9784=DIRECTION('',(-0.0591582291338563,-0.998248618293933,0.));
#9785=DIRECTION('',(0.1062646281814,-0.994337884623466,0.));
#9786=DIRECTION('',(-0.255453858367701,0.966821248341727,0.));
#9787=DIRECTION('',(-0.623373733709641,0.78192402963517,0.));
#9788=DIRECTION('',(-0.723661515659324,0.69015506283273,0.));
#9789=DIRECTION('',(-0.756831948195046,0.653609518130887,0.));
#9790=DIRECTION('',(0.787773228934665,-0.615965372219779,0.));
#9791=DIRECTION('',(0.816946227710044,-0.576713846747526,0.));
#9792=DIRECTION('',(-0.84434284319291,0.535803287736192,0.));
#9793=DIRECTION('',(-0.869520722659289,0.493896459661403,0.));
#9794=DIRECTION('',(-0.892571134503198,0.450906608791304,0.));
#9795=DIRECTION('',(-0.91370051195947,0.406388206577163,0.));
#9796=DIRECTION('',(-0.932509564783389,0.36114527767575,0.));
#9797=DIRECTION('',(-0.949029384833909,0.315187605596688,0.));
#9798=DIRECTION('',(-0.99120756971697,-0.132316112910628,0.));
#9799=DIRECTION('',(0.979326169919088,-0.202287550065766,0.));
#9800=DIRECTION('',(-0.903967510938728,0.427601144955485,0.));
#9801=DIRECTION('',(0.752575305325515,-0.658506195729553,0.));
#9802=DIRECTION('',(-0.594226227191128,0.80429794909486,0.));
#9803=DIRECTION('',(-0.36132252496773,0.932440900513777,0.));
#9804=DIRECTION('',(0.114378818644202,-0.993437207802062,0.));
#9805=DIRECTION('',(0.1028917226114,0.994692562261354,0.));
#9806=DIRECTION('',(0.413805344588243,0.910365386419214,0.));
#9807=DIRECTION('',(-0.655093573992717,-0.755547754489052,0.));
#9808=DIRECTION('',(-0.836725592452748,-0.54762239082656,0.));
#9809=DIRECTION('',(0.956142099633291,0.292903201260829,0.));
#9810=DIRECTION('',(-0.999968839846468,0.00789425969354836,0.));
#9811=DIRECTION('',(-0.930033193703487,0.367475521102689,0.));
#9812=DIRECTION('',(0.718240315646971,-0.695795119973789,0.));
#9813=DIRECTION('',(-0.518981116760102,0.854785704399903,0.));
#9814=DIRECTION('',(-0.301348191049424,0.953514167567132,0.));
#9815=DIRECTION('',(-0.0511355864750263,0.998691720099779,0.));
#9816=DIRECTION('',(0.189180496856025,0.981942330083243,0.));
#9817=DIRECTION('',(-0.420801681639177,-0.907152657897027,0.));
#9818=DIRECTION('',(-0.669094832977127,-0.743177034415966,0.));
#9819=DIRECTION('',(0.803428637307059,0.595401062104294,0.));
#9820=DIRECTION('',(-0.90011462514306,-0.435653143686085,0.));
#9821=DIRECTION('center_axis',(0.,0.,-1.));
#9822=DIRECTION('ref_axis',(-1.,0.,0.));
#9823=DIRECTION('',(0.949029384833909,-0.315187605596688,0.));
#9824=DIRECTION('',(-0.932509564783389,0.36114527767575,0.));
#9825=DIRECTION('',(-0.91370051195947,0.406388206577163,0.));
#9826=DIRECTION('',(-0.892571134503198,0.450906608791304,0.));
#9827=DIRECTION('',(-0.869520722659289,0.493896459661403,0.));
#9828=DIRECTION('',(0.84434284319291,-0.535803287736192,0.));
#9829=DIRECTION('',(0.816946227710044,-0.576713846747526,0.));
#9830=DIRECTION('',(-0.787773228934665,0.615965372219779,0.));
#9831=DIRECTION('',(-0.756831948195046,0.653609518130887,0.));
#9832=DIRECTION('',(-0.723661515659324,0.69015506283273,0.));
#9833=DIRECTION('',(-0.672009751368233,0.740542297283555,0.));
#9834=DIRECTION('',(-0.554190126004523,0.832390115414095,0.));
#9835=DIRECTION('',(-0.391167354770045,0.92031956437001,0.));
#9836=DIRECTION('',(0.265930860498266,-0.96399210444622,0.));
#9837=DIRECTION('',(0.119668225139871,-0.992813938203868,0.));
#9838=DIRECTION('',(0.042955876338547,0.999076970352128,0.));
#9839=DIRECTION('',(0.163017926508702,0.986623107187746,0.));
#9840=DIRECTION('',(0.284079771747831,0.958800648353817,0.));
#9841=DIRECTION('',(-0.394839834076752,-0.918749968939452,0.));
#9842=DIRECTION('',(-0.537795750062074,-0.843075163443433,0.));
#9843=DIRECTION('',(-0.631865408823514,-0.77507812840532,0.));
#9844=DIRECTION('',(-0.758866640116985,-0.651246053744327,0.));
#9845=DIRECTION('',(-0.847376434541227,-0.530992634773965,0.));
#9846=DIRECTION('',(-0.905917712245137,-0.423453773912261,0.));
#9847=DIRECTION('',(-0.958394492962584,-0.2854470105974,0.));
#9848=DIRECTION('',(-0.98740664569819,-0.158202768721187,0.));
#9849=DIRECTION('',(0.66637192646182,-0.745619511294844,0.));
#9850=DIRECTION('',(0.700221774915957,-0.713925392414044,0.));
#9851=DIRECTION('',(0.734430880495047,-0.678683491603612,0.));
#9852=DIRECTION('',(-0.76771343209152,0.640793325641161,0.));
#9853=DIRECTION('',(0.798245024093588,-0.602332866038229,0.));
#9854=DIRECTION('',(0.82704994279974,-0.562128448056978,0.));
#9855=DIRECTION('',(-0.853762617914082,0.520662455197696,0.));
#9856=DIRECTION('',(0.878789861969592,-0.477208946374086,0.));
#9857=DIRECTION('',(-0.901136083973496,0.433536340069564,0.));
#9858=DIRECTION('',(-0.921710277876415,0.387879058028378,0.));
#9859=DIRECTION('',(-0.939560812631598,0.342382066363079,0.));
#9860=DIRECTION('',(0.955520479576917,-0.294924758386099,0.));
#9861=DIRECTION('',(-0.968960445576575,0.2472158063475,0.));
#9862=DIRECTION('',(-0.979998148661375,0.199006604463965,0.));
#9863=DIRECTION('',(-0.98862596280733,0.150395165026272,0.));
#9864=DIRECTION('',(0.994900502374471,-0.100861243176087,0.));
#9865=DIRECTION('',(0.998660252292912,-0.0517465022031243,0.));
#9866=DIRECTION('',(-0.999997555194312,0.00221124521458394,0.));
#9867=DIRECTION('',(-0.998880113318502,-0.0473129920509946,0.));
#9868=DIRECTION('',(-0.995296480783409,-0.0968757727203275,0.));
#9869=DIRECTION('',(0.989293511082011,0.145939538614545,0.));
#9870=DIRECTION('',(-0.980784389405579,-0.195094801310351,0.));
#9871=DIRECTION('',(0.969960026828714,0.243264354878474,0.));
#9872=DIRECTION('',(0.956711432828493,0.291038200749064,0.));
#9873=DIRECTION('',(-0.94118022951475,-0.337904980091389,0.));
#9874=DIRECTION('',(-0.923325420895387,-0.384018446338657,0.));
#9875=DIRECTION('',(-0.902925857166434,-0.429796343004755,0.));
#9876=DIRECTION('',(-0.880669865124919,-0.47373050214321,0.));
#9877=DIRECTION('',(-0.856241676600799,-0.516575445846831,0.));
#9878=DIRECTION('',(-0.829386882809625,-0.558674680492443,0.));
#9879=DIRECTION('',(-0.800901104536357,-0.598796643905461,0.));
#9880=DIRECTION('',(-0.770139356933594,-0.637875670410708,0.));
#9881=DIRECTION('',(-0.737594538874633,-0.675243879070605,0.));
#9882=DIRECTION('',(-0.703336618678958,-0.710856948214794,0.));
#9883=DIRECTION('',(-0.669184203844698,-0.743096562584391,0.));
#9884=DIRECTION('',(-0.987512506061436,0.157540630861573,0.));
#9885=DIRECTION('',(0.941565843319746,-0.336828981374193,0.));
#9886=DIRECTION('',(-0.882105760894171,0.471051405472179,0.));
#9887=DIRECTION('',(-0.816229194015704,0.577728225757124,0.));
#9888=DIRECTION('',(0.721031089687014,-0.692902711572668,0.));
#9889=DIRECTION('',(0.628751403343347,-0.777606373941065,0.));
#9890=DIRECTION('',(0.540957359121445,-0.841050019685126,0.));
#9891=DIRECTION('',(-0.373485938802308,0.927635841004949,0.));
#9892=DIRECTION('',(0.160181350235703,-0.987087602513914,0.));
#9893=DIRECTION('',(0.00475415943352088,0.999988698920183,0.));
#9894=DIRECTION('',(0.17640548808446,0.984317582781941,0.));
#9895=DIRECTION('',(-0.27941288806869,-0.960171046210577,0.));
#9896=DIRECTION('',(-0.432936812580129,-0.901424270980629,0.));
#9897=DIRECTION('',(-0.616079508651314,-0.787683971539319,0.));
#9898=DIRECTION('',(-0.724642648552853,-0.68912483041776,0.));
#9899=DIRECTION('',(-0.757291681701903,-0.653076801628342,0.));
#9900=DIRECTION('',(-0.788269946134066,-0.615329579999041,0.));
#9901=DIRECTION('',(-0.817523711894259,-0.575894938761084,0.));
#9902=DIRECTION('',(-0.844772622326041,-0.535125421343805,0.));
#9903=DIRECTION('',(-0.869900756140045,-0.493226798204414,0.));
#9904=DIRECTION('',(-0.892955386536621,-0.4501451739775,0.));
#9905=DIRECTION('',(-0.913668342221627,-0.40646052750788,0.));
#9906=DIRECTION('',(-0.93259721889874,-0.360918865262452,0.));
#9907=DIRECTION('',(-0.949107083177821,-0.3149535595317,0.));
#9908=DIRECTION('',(-0.963148816802419,-0.268969062704432,0.));
#9909=DIRECTION('',(0.963292966531862,0.268452343313007,0.));
#9910=DIRECTION('',(-0.703857666692496,0.710341034319569,0.));
#9911=DIRECTION('',(-0.869209289629253,0.494444345525571,0.));
#9912=DIRECTION('',(-0.984829062589832,0.173527281654595,0.));
#9913=DIRECTION('',(-0.980202891307279,-0.197995686500619,0.));
#9914=DIRECTION('',(-0.834199719560802,-0.551462444672962,0.));
#9915=DIRECTION('',(-0.643090504781872,-0.765790181877123,0.));
#9916=DIRECTION('',(-0.491202691855371,-0.871045300494778,0.));
#9917=DIRECTION('',(-0.267128312996418,-0.963660969633868,0.));
#9918=DIRECTION('',(0.0252625900604596,-0.999680849843307,0.));
#9919=DIRECTION('',(-0.303572760541733,0.952808259335041,0.));
#9920=DIRECTION('',(0.535549425231448,-0.844503885801756,0.));
#9921=DIRECTION('',(0.69924571807463,-0.714881406776183,0.));
#9922=DIRECTION('',(-0.821764975166799,0.569826575011301,0.));
#9923=DIRECTION('',(-0.922649571920427,0.38563942671238,0.));
#9924=DIRECTION('',(0.992522999952693,-0.122057750941539,0.));
#9925=DIRECTION('',(-0.97875111670764,-0.205051826481859,0.));
#9926=DIRECTION('',(-0.840296486644538,-0.542127120270556,0.));
#9927=DIRECTION('',(0.671117607699876,0.741350899800624,0.));
#9928=DIRECTION('',(-0.497084940163134,-0.867701885593787,0.));
#9929=DIRECTION('',(-0.215246208807255,-0.976559813628486,0.));
#9930=DIRECTION('',(-0.100930814449831,0.994893446904991,0.));
#9931=DIRECTION('',(0.421559967615426,-0.906800525862265,0.));
#9932=DIRECTION('',(-0.782974675321093,0.622053581137372,0.));
#9933=DIRECTION('',(-0.939421931504989,0.342762942290202,0.));
#9934=DIRECTION('',(-0.995274550794355,0.0971008163770724,0.));
#9935=DIRECTION('',(-0.989645070372619,-0.143536179018302,0.));
#9936=DIRECTION('',(0.942724552293518,0.333572208828893,0.));
#9937=DIRECTION('',(-0.856580366070652,-0.516013639802541,0.));
#9938=DIRECTION('',(-0.707108878035614,-0.707104684331263,0.));
#9939=DIRECTION('',(-0.437655340443136,-0.899142815675909,0.));
#9940=DIRECTION('',(-0.0648560598852711,-0.997894629455514,0.));
#9941=DIRECTION('',(0.256485318194066,-0.966548126867405,0.));
#9942=DIRECTION('',(0.525110981776678,-0.851033757742625,0.));
#9943=DIRECTION('',(-0.702571876919232,0.711612786395936,0.));
#9944=DIRECTION('',(-0.891521927495946,0.452977541158403,0.));
#9945=DIRECTION('',(0.986836399288566,-0.161721739537944,0.));
#9946=DIRECTION('',(-0.989144509995073,-0.146946038893895,0.));
#9947=DIRECTION('',(-0.871012598027128,-0.491260678334866,0.));
#9948=DIRECTION('',(-0.724256692388429,-0.689530451488963,0.));
#9949=DIRECTION('',(-0.539994766525173,-0.84166837419819,0.));
#9950=DIRECTION('',(0.317294653105841,0.948327002204643,0.));
#9951=DIRECTION('',(0.0166604975743896,0.999861204278161,0.));
#9952=DIRECTION('',(0.209937920573294,-0.977714717852484,0.));
#9953=DIRECTION('',(-0.40550209158675,0.914094116444675,0.));
#9954=DIRECTION('',(-0.635364561505111,0.772212324418238,0.));
#9955=DIRECTION('center_axis',(-0.12038449363309,0.431978110397951,0.893813451358683));
#9956=DIRECTION('ref_axis',(0.991051356910884,0.,0.133481114638345));
#9957=DIRECTION('',(0.992335327495124,0.0776639908423223,0.0961192089625647));
#9958=DIRECTION('center_axis',(-0.120384593951988,0.431978470374279,-0.893813263871214));
#9959=DIRECTION('ref_axis',(-0.99105133849237,0.,0.133481251389405));
#9960=DIRECTION('',(-0.992335317932048,-0.0776639900938791,0.0961193082965121));
#9961=DIRECTION('center_axis',(-0.120353278266826,0.430971935565567,-0.894303236696198));
#9962=DIRECTION('ref_axis',(-0.99106559824833,0.,0.133375334933713));
#9963=DIRECTION('',(-0.261255225746244,0.855346191761451,0.447357350738156));
#9964=DIRECTION('center_axis',(-0.120353177864036,0.430971576034151,0.894303423469164));
#9965=DIRECTION('ref_axis',(0.99106561663789,0.,0.133375198287232));
#9966=DIRECTION('',(0.26125528028336,-0.855346370315255,0.447356977494017));
#9967=DIRECTION('center_axis',(0.268313103822624,0.963331759217493,0.));
#9968=DIRECTION('ref_axis',(0.,0.,1.));
#9969=DIRECTION('',(0.,0.,-1.));
#9970=DIRECTION('center_axis',(-0.974876362280874,-0.222745133663592,-0.000826858633361778));
#9971=DIRECTION('ref_axis',(-0.00084816738607869,0.,0.999999640305978));
#9972=DIRECTION('',(0.00076572817954271,-0.00706335550672376,0.999974761016167));
#9973=DIRECTION('',(-0.00578568736195243,0.0216106995560747,0.99974972042329));
#9974=DIRECTION('center_axis',(-0.99986081420259,0.0166604910746343,0.00088332286660373));
#9975=DIRECTION('ref_axis',(0.00088344548496184,0.,0.999999609761961));
#9976=DIRECTION('',(0.00127589034305377,0.0235668888817349,0.999721448130562));
#9977=DIRECTION('center_axis',(-0.713918574012073,-0.700228726286182,-2.3752894564658E-5));
#9978=DIRECTION('ref_axis',(-3.32711536247402E-5,0.,0.999999999446515));
#9979=DIRECTION('',(-0.700228726483716,0.713918574213469,0.));
#9980=DIRECTION('',(-3.32711536247402E-5,0.,0.999999999446515));
#9981=DIRECTION('',(0.136522159672145,-0.139224511719789,0.980804891532888));
#9982=DIRECTION('center_axis',(-0.747680720966543,-0.66405838514104,-2.4876200143303E-5));
#9983=DIRECTION('ref_axis',(-3.32711536247402E-5,0.,0.999999999446515));
#9984=DIRECTION('',(0.664058385346508,-0.747680721197885,0.));
#9985=DIRECTION('',(-0.129493495253034,0.145763374545472,0.980808071606402));
#9986=DIRECTION('center_axis',(-0.146945983072595,0.989144134242629,-0.000871637670236829));
#9987=DIRECTION('ref_axis',(0.,0.000881203559360178,0.999999611740068));
#9988=DIRECTION('',(0.00323401546382434,0.0013616396630137,0.999993843521753));
#9989=DIRECTION('',(0.0415783295255446,0.00705724318567154,0.999110323153796));
#9990=DIRECTION('center_axis',(-0.293751476277925,0.955866161558089,0.00547278473409111));
#9991=DIRECTION('ref_axis',(0.,-0.00572537793954692,0.999983609889407));
#9992=DIRECTION('',(0.0241620428779926,0.00170155276174517,0.999706607161402));
#9993=DIRECTION('center_axis',(-0.0738727634242851,0.99726767072495,8.80391481077424E-5));
#9994=DIRECTION('ref_axis',(0.,-8.82803587733676E-5,0.999999996103289));
#9995=DIRECTION('',(-0.00110601140514132,-0.000170208276919451,0.999999373883761));
#9996=DIRECTION('center_axis',(0.222895218907591,0.974842321235691,0.000412451144271311));
#9997=DIRECTION('ref_axis',(0.,-0.000423095200495756,0.999999910495222));
#9998=DIRECTION('',(-0.0319815403975247,0.00688962916027175,0.999464713776247));
#9999=DIRECTION('center_axis',(0.161721525305579,0.986835092028969,-0.0016276956147516));
#10000=DIRECTION('ref_axis',(0.,0.00164940770123334,0.999998639726192));
#10001=DIRECTION('',(-0.00655271828588872,0.00272322118609343,0.999974822657769));
#10002=DIRECTION('center_axis',(0.452977475007497,0.891521797301889,0.000540436344051514));
#10003=DIRECTION('ref_axis',(0.,-0.000606195211815688,0.999999816263666));
#10004=DIRECTION('',(0.0197387018093572,-0.010635172147494,0.999748606782862));
#10005=DIRECTION('center_axis',(0.717049851107662,0.697021676146952,0.000542224836269097));
#10006=DIRECTION('ref_axis',(0.000756188262787844,0.,-0.999999714089615));
#10007=DIRECTION('',(0.0143793903766697,-0.0155703088419272,0.999775374079079));
#10008=DIRECTION('',(-0.000425279950959556,-0.000340416716470609,0.9999998516267));
#10009=DIRECTION('center_axis',(0.851033749540847,0.525110976715958,-0.000138833928616393));
#10010=DIRECTION('ref_axis',(-0.000163135629866486,0.,-0.999999986693383));
#10011=DIRECTION('',(0.000425685738494223,-0.000425508200352573,0.999999818867195));
#10012=DIRECTION('',(-0.0119112064680229,0.0195685038996747,0.999737563971468));
#10013=DIRECTION('center_axis',(0.948680768957581,0.316235238546793,-0.000269279235262166));
#10014=DIRECTION('ref_axis',(-0.000283845981942202,0.,-0.999999959715728));
#10015=DIRECTION('',(-0.00536060423394062,0.0169327710932385,0.999842260151746));
#10016=DIRECTION('center_axis',(0.866182186744942,0.499728055444973,0.000538485781560662));
#10017=DIRECTION('ref_axis',(0.000621677154925785,0.,-0.999999806758739));
#10018=DIRECTION('center_axis',(0.966547787161495,0.256485228048966,0.000838406754967944));
#10019=DIRECTION('ref_axis',(0.000867423681152335,0.,-0.999999623788008));
#10020=DIRECTION('',(0.001616640388364,-0.0093608865258654,0.999954879120705));
#10021=DIRECTION('center_axis',(0.99789395273793,-0.0648560159034369,0.00116459873059294));
#10022=DIRECTION('ref_axis',(0.00116705581218766,0.,-0.999999318990134));
#10023=DIRECTION('',(0.,0.0179537858097608,0.999838817797697));
#10024=DIRECTION('',(-0.00221213845218449,-0.0160823063952209,0.999868224249815));
#10025=DIRECTION('center_axis',(0.98672297150991,-0.162411801428675,-0.000429245089938643));
#10026=DIRECTION('ref_axis',(-0.000435020833320581,0.,-0.999999905378433));
#10027=DIRECTION('',(0.001191419895511,0.00459548579779615,0.999988730950962));
#10028=DIRECTION('center_axis',(-0.491260639175523,0.871012528597021,0.000399279200896983));
#10029=DIRECTION('ref_axis',(0.,-0.000458408054805207,0.999999894931022));
#10030=DIRECTION('',(0.0217795757385743,0.0118256527844349,0.99969285483936));
#10031=DIRECTION('',(-0.00280853552437811,-0.00204245024243183,0.999993970244429));
#10032=DIRECTION('center_axis',(-0.892612402835515,-0.450824835272511,-0.000257304724330735));
#10033=DIRECTION('ref_axis',(-0.000288260293967605,0.,0.999999958453001));
#10034=DIRECTION('',(-0.00127685105917185,0.00195736570231045,0.999997269181711));
#10035=DIRECTION('',(0.00723262409763107,-0.0148909263953927,0.999862965340626));
#10036=DIRECTION('center_axis',(-0.914093966343169,-0.405502025000089,0.000573075772256997));
#10037=DIRECTION('ref_axis',(0.000626932985814686,0.,0.999999803477496));
#10038=DIRECTION('',(-0.00280845716544565,0.00774410455172814,0.999966070130903));
#10039=DIRECTION('center_axis',(-0.977714104491635,-0.20993778887056,-0.00112012600187318));
#10040=DIRECTION('ref_axis',(-0.00114565726486634,0.,0.999999343734501));
#10041=DIRECTION('center_axis',(0.99740685813789,0.0719691554730491,0.));
#10042=DIRECTION('ref_axis',(0.,0.,-1.));
#10043=DIRECTION('',(0.,0.,1.));
#10044=DIRECTION('',(0.0719691554730491,-0.99740685813789,0.));
#10045=DIRECTION('',(0.00319722862531075,-0.0443097843369013,0.999012723012642));
#10046=DIRECTION('center_axis',(0.998278767890344,-0.0586472545144046,3.34254396808811E-5));
#10047=DIRECTION('ref_axis',(3.34830718004571E-5,0.,-0.999999999439442));
#10048=DIRECTION('',(-3.34830718004571E-5,0.,0.999999999439442));
#10049=DIRECTION('',(0.0586472545471667,0.998278768448012,0.));
#10050=DIRECTION('',(-0.00393590165664653,-0.066427247722338,0.997783508301367));
#10051=DIRECTION('center_axis',(0.981693084944493,-0.190469645591419,3.28701000676343E-5));
#10052=DIRECTION('ref_axis',(3.34830718004571E-5,0.,-0.999999999439442));
#10053=DIRECTION('',(0.190469645694315,0.981693085474825,0.));
#10054=DIRECTION('',(-0.0127152040728956,-0.0653628074269884,0.997780550517321));
#10055=DIRECTION('center_axis',(0.981691897313968,-0.19047576668658,3.24539835894311E-5));
#10056=DIRECTION('ref_axis',(3.30592354490188E-5,0.,-0.999999999453543));
#10057=DIRECTION('',(0.19047576678689,0.981691897830957,0.));
#10058=DIRECTION('',(-3.30592354490188E-5,0.,0.999999999453543));
#10059=DIRECTION('center_axis',(0.945617693672416,-0.325279253454193,0.000764647594954757));
#10060=DIRECTION('ref_axis',(0.000808622078543376,0.,-0.999999673065114));
#10061=DIRECTION('',(-0.0205828520895411,-0.0574899513239365,0.998133884655075));
#10062=DIRECTION('',(-0.00435506956475018,-0.0103100062469602,0.999937366608666));
#10063=DIRECTION('',(0.325279348547338,0.945617970117224,0.));
#10064=DIRECTION('center_axis',(0.908165847206006,-0.418609475166151,0.000949352261712994));
#10065=DIRECTION('ref_axis',(0.00104535063273679,0.,-0.999999453620878));
#10066=DIRECTION('',(-0.0264385720121015,-0.0550943816136641,0.998131059042132));
#10067=DIRECTION('',(-0.00551080176945186,-0.00968785683167007,0.999937886317879));
#10068=DIRECTION('',(0.4186096638063,0.908166256457471,0.));
#10069=DIRECTION('center_axis',(0.836939242835018,-0.547295375244203,-0.000689955835359505));
#10070=DIRECTION('ref_axis',(-0.000824379555408074,0.,-0.999999660199117));
#10071=DIRECTION('',(-0.0328262648577447,-0.0514571472441871,0.998135561100284));
#10072=DIRECTION('',(0.547295505511236,0.836939442042972,0.));
#10073=DIRECTION('center_axis',(0.835375385637219,-0.549679195612997,-0.000864281040348252));
#10074=DIRECTION('ref_axis',(-0.0010346014410343,0.,-0.999999464799786));
#10075=DIRECTION('',(0.00986469407711294,0.013419757419198,0.999861289340464));
#10076=DIRECTION('',(-0.549679400913266,-0.835375697642463,0.));
#10077=DIRECTION('center_axis',(0.768818592257958,-0.639466165855628,0.000997458968337114));
#10078=DIRECTION('ref_axis',(0.00129739074849177,0.,-0.999999158388269));
#10079=DIRECTION('',(-0.0292140467742006,-0.0335652337983647,0.999009466697456));
#10080=DIRECTION('',(0.639466483966109,0.76881897471643,0.));
#10081=DIRECTION('center_axis',(0.899142042669344,-0.437654964184276,0.00131127009433388));
#10082=DIRECTION('ref_axis',(0.00145835545186527,0.,-0.999998936599123));
#10083=DIRECTION('',(0.0121643206801937,0.0279857709570144,0.999534304527029));
#10084=DIRECTION('',(-0.00502058181465835,-0.00731854542883578,0.999960615549957));
#10085=DIRECTION('center_axis',(0.707102736845485,-0.707106930538286,-0.00234698324403688));
#10086=DIRECTION('ref_axis',(-0.00331913623543171,0.,-0.999994491652154));
#10087=DIRECTION('',(0.0114879116796371,0.00816903849531134,0.999900642411686));
#10088=DIRECTION('',(0.0285740038808813,0.0252571141271858,0.999272537643351));
#10089=DIRECTION('center_axis',(0.696116181743738,-0.717926992269406,-0.00175934235529016));
#10090=DIRECTION('ref_axis',(-0.00252736078039199,0.,-0.999996806218643));
#10091=DIRECTION('center_axis',(0.516013344617723,-0.856579876065156,0.00106962452871629));
#10092=DIRECTION('ref_axis',(0.00207285769238682,0.,-0.999997851628186));
#10093=DIRECTION('',(-0.00970093847591374,-0.00459531085859578,0.999942385795701));
#10094=DIRECTION('center_axis',(-0.0971007950279409,-0.995274331967695,
0.000663122311552631));
#10095=DIRECTION('ref_axis',(0.,-0.000666270738697806,-0.999999778041627));
#10096=DIRECTION('',(-0.00451063837172668,0.00110632987952122,0.999989215029681));
#10097=DIRECTION('',(0.0233965437826981,-0.00161652222555762,0.999724956472988));
#10098=DIRECTION('center_axis',(-0.615921102785742,-0.787807820282573,-0.000182879243526864));
#10099=DIRECTION('ref_axis',(-0.000296919905225319,0.,0.999999955919284));
#10100=DIRECTION('',(0.00340403224740171,-0.00289346291757185,0.999990020168603));
#10101=DIRECTION('',(-0.0293403393557596,0.0227067825093321,0.999311536266125));
#10102=DIRECTION('center_axis',(-0.802863956336233,-0.596161430758632,0.00100801386466679));
#10103=DIRECTION('ref_axis',(0.00125552163878779,0.,0.999999211832397));
#10104=DIRECTION('',(0.00978539849549054,-0.0114875674783856,0.99988613440217));
#10105=DIRECTION('center_axis',(-0.772212298788867,-0.635364540417655,0.000257641371835434));
#10106=DIRECTION('ref_axis',(0.000333640577726758,0.,0.999999944341981));
#10107=DIRECTION('center_axis',(0.690240545247819,0.723579981547302,0.));
#10108=DIRECTION('ref_axis',(0.,0.,-1.));
#10109=DIRECTION('',(-0.723579979695487,0.690240543481327,-7.15435647625919E-5));
#10110=DIRECTION('',(-0.164161238619609,0.156597398688467,-0.973924197491202));
#10111=DIRECTION('',(0.,0.,1.));
#10112=DIRECTION('center_axis',(0.839617081807212,0.543178700500419,0.000235074919333229));
#10113=DIRECTION('ref_axis',(0.000279978713169713,0.,-0.999999960805959));
#10114=DIRECTION('',(-0.543178715508506,0.839617105005924,0.));
#10115=DIRECTION('',(0.0119076907956049,-0.0188389513778101,0.999751619559029));
#10116=DIRECTION('',(-0.015282303845332,0.0231899724784498,0.999614263786601));
#10117=DIRECTION('center_axis',(0.883337216464118,0.46873748367977,-0.000730344426440616));
#10118=DIRECTION('ref_axis',(-0.000826801093847604,0.,-0.999999658199917));
#10119=DIRECTION('',(-0.468737608692806,0.883337452051565,0.));
#10120=DIRECTION('',(0.0318386169003009,-0.0584453155569584,0.99778276571773));
#10121=DIRECTION('',(-0.00195597412733143,0.00524412451194382,0.999984336538986));
#10122=DIRECTION('center_axis',(0.934012776523413,0.35723959904849,-4.65048409571385E-5));
#10123=DIRECTION('ref_axis',(-4.97903691131448E-5,0.,-0.99999999876046));
#10124=DIRECTION('',(0.0139438203117397,-0.0363264227614439,0.999242693685809));
#10125=DIRECTION('',(-0.356727287876832,0.932680278293929,0.0534147972531831));
#10126=DIRECTION('center_axis',(0.945981661597361,0.324217051462593,-0.00141402347852432));
#10127=DIRECTION('ref_axis',(-0.0014947667129614,0.,-0.999998882835613));
#10128=DIRECTION('',(-0.00764137305823279,0.0266552252638059,0.999615480264247));
#10129=DIRECTION('',(0.324217375592981,-0.94598260732616,0.));
#10130=DIRECTION('center_axis',(0.985596492724516,0.169058223116667,0.00434404486265949));
#10131=DIRECTION('ref_axis',(0.00440748592447389,0.,-0.999990286986741));
#10132=DIRECTION('',(0.169059818264927,-0.9856057923167,0.));
#10133=DIRECTION('',(-0.0192122259983043,0.0864111242455608,0.996074298422968));
#10134=DIRECTION('center_axis',(-0.747680191620182,-0.664058981151405,-2.47177355088462E-5));
#10135=DIRECTION('ref_axis',(-3.30592354490188E-5,0.,0.999999999453543));
#10136=DIRECTION('',(-3.30592354490188E-5,0.,0.999999999453543));
#10137=DIRECTION('',(0.664058981354264,-0.747680191848586,0.));
#10138=DIRECTION('center_axis',(0.732604456393718,-0.680653084453063,-0.00144537074703073));
#10139=DIRECTION('ref_axis',(-0.00197291720167891,0.,-0.999998053796964));
#10140=DIRECTION('',(0.0161729801436675,0.0152844153941058,0.99975238002184));
#10141=DIRECTION('',(-0.680653795429198,-0.732605221635655,0.));
#10142=DIRECTION('center_axis',(0.668814394835453,-0.743429221125549,0.000546294377728528));
#10143=DIRECTION('ref_axis',(0.000816809864902817,0.,-0.999999666410767));
#10144=DIRECTION('',(-0.74342933205917,-0.668814494635139,0.));
#10145=DIRECTION('',(-0.0333881980476903,-0.0293030617861929,0.999012792110833));
#10146=DIRECTION('center_axis',(0.638738905695516,-0.769422587900669,-0.00122130222801343));
#10147=DIRECTION('ref_axis',(-0.00191204885849765,0.,-0.999998172032911));
#10148=DIRECTION('',(0.0178611336039555,0.0132405790617396,0.999752802933051));
#10149=DIRECTION('',(0.769423161728649,0.63873938206086,0.));
#10150=DIRECTION('center_axis',(0.531885895496081,-0.846814301368495,0.00171265002843011));
#10151=DIRECTION('ref_axis',(0.00321994090182703,0.,-0.999994815976857));
#10152=DIRECTION('',(-0.0572921503630828,-0.0339673522906897,0.997779448818793));
#10153=DIRECTION('',(-0.84681554329643,-0.531886675553705,0.));
#10154=DIRECTION('center_axis',(0.522309258550472,-0.852755601485854,0.000960503490535429));
#10155=DIRECTION('ref_axis',(0.00183895240362056,0.,-0.999998309125599));
#10156=DIRECTION('',(-0.0147525238295463,-0.00790966468788879,0.999859890307229));
#10157=DIRECTION('',(0.852755994848196,0.52230949948327,0.));
#10158=DIRECTION('center_axis',(0.42145359739506,-0.906849465045487,-0.000955504827770363));
#10159=DIRECTION('ref_axis',(0.,0.00105365260079775,-0.999999444907944));
#10160=DIRECTION('',(0.0406693110094954,0.0178482384139043,0.999013236913072));
#10161=DIRECTION('',(0.90684987901778,0.421453789786541,0.));
#10162=DIRECTION('center_axis',(0.370929217288417,-0.928659944619943,0.00149097964028097));
#10163=DIRECTION('ref_axis',(0.,-0.0016055152666849,-0.999998711159534));
#10164=DIRECTION('',(-0.0211496469176243,-0.00684255930996013,0.999752905380799));
#10165=DIRECTION('',(0.928660808522068,0.370929965838667,0.000251312683689054));
#10166=DIRECTION('center_axis',(0.261764195145342,-0.965131268528408,-0.00106801154370829));
#10167=DIRECTION('ref_axis',(0.,0.00110659650621067,-0.999999387721899));
#10168=DIRECTION('',(0.965131818966722,0.261764344435958,0.));
#10169=DIRECTION('',(0.0645657029061416,0.0164074574576496,0.997778565287916));
#10170=DIRECTION('center_axis',(0.246292300534225,-0.969195595686216,0.));
#10171=DIRECTION('ref_axis',(0.,0.,-1.));
#10172=DIRECTION('',(0.,0.,-1.));
#10173=DIRECTION('',(0.969195565216108,0.246292292791152,-0.000250753078972944));
#10174=DIRECTION('center_axis',(0.905335591475675,-0.424696014314346,0.000873059504914244));
#10175=DIRECTION('ref_axis',(0.000964348587613017,0.,-0.999999535015793));
#10176=DIRECTION('center_axis',(-0.491402215266897,0.870932661101378,0.000403308390920311));
#10177=DIRECTION('ref_axis',(0.,-0.000463076384306926,0.999999892780125));
#10178=DIRECTION('center_axis',(-0.998537692272084,0.0540599399920182,0.));
#10179=DIRECTION('ref_axis',(0.,0.,1.));
#10180=DIRECTION('',(0.,0.,1.));
#10181=DIRECTION('center_axis',(-0.841667685469871,0.539994324653174,0.00127928814294193));
#10182=DIRECTION('ref_axis',(0.00151994271290649,0.,0.999998844886408));
#10183=DIRECTION('',(-0.00748823925305174,-0.0140403978798889,0.999873388734925));
#10184=DIRECTION('',(0.00774384407798924,0.00970112739924644,0.999922957535269));
#10185=DIRECTION('center_axis',(0.998252813545197,0.0590778711738028,-0.00106084243407092));
#10186=DIRECTION('ref_axis',(-0.00106269856759393,0.,-0.999999435335718));
#10187=DIRECTION('center_axis',(-0.689530379385721,0.724256616653912,-0.000457315220874071));
#10188=DIRECTION('ref_axis',(-0.000663226935268394,0.,0.999999780064992));
#10189=DIRECTION('',(-0.0152303547105934,-0.0138688053948782,0.999787823756775));
#10190=DIRECTION('center_axis',(-0.925204538693916,0.379468788677249,0.));
#10191=DIRECTION('ref_axis',(0.,0.,1.));
#10192=DIRECTION('',(-0.0151367574317932,-0.0369057932954673,0.999204103772439));
#10193=DIRECTION('',(-0.379468758087469,-0.925204464111226,-0.000401527349168364));
#10194=DIRECTION('center_axis',(-0.716094572334725,0.698002191945268,-0.00122617794353077));
#10195=DIRECTION('ref_axis',(-0.00171231034743176,0.,0.999998533995562));
#10196=DIRECTION('',(0.698003061473448,0.716094609030469,-0.000486920111406063));
#10197=DIRECTION('center_axis',(0.941649896785962,-0.336593925842247,3.11302256654027E-5));
#10198=DIRECTION('ref_axis',(3.30592354490188E-5,0.,-0.999999999453543));
#10199=DIRECTION('',(0.336593926005342,0.941649897242234,0.));
#10200=DIRECTION('center_axis',(0.333572208828893,-0.942724552293518,0.));
#10201=DIRECTION('ref_axis',(0.,0.,-1.));
#10202=DIRECTION('',(0.0110628084886535,0.0039144471780578,0.999931143315195));
#10203=DIRECTION('',(0.,0.,1.));
#10204=DIRECTION('center_axis',(0.143536179018302,-0.989645070372619,0.));
#10205=DIRECTION('ref_axis',(0.,0.,-1.));
#10206=DIRECTION('',(-0.0222913115617603,-0.00323308808649636,0.999746290100784));
#10207=DIRECTION('center_axis',(-0.0400748560085751,-0.999192948819383,
-0.00273074083682789));
#10208=DIRECTION('ref_axis',(0.,0.00273293625837218,-0.999996265522731));
#10209=DIRECTION('',(-0.0379297917468414,0.00425221380485435,-0.999271359329286));
#10210=DIRECTION('',(0.0256936049879984,0.00170154107937147,-0.999668416736608));
#10211=DIRECTION('center_axis',(0.0785729288523654,-0.996908316120202,0.000322648329223155));
#10212=DIRECTION('ref_axis',(0.,-0.00032364893251203,-0.999999947625683));
#10213=DIRECTION('',(0.00884939843027343,0.00102111564719992,0.999960321947955));
#10214=DIRECTION('',(-0.00842515495053195,-0.000340404665099458,0.999964449812454));
#10215=DIRECTION('center_axis',(-0.178366544678988,-0.983960721990571,0.00258327680934192));
#10216=DIRECTION('ref_axis',(0.,-0.00262537705910419,-0.99999655369171));
#10217=DIRECTION('center_axis',(-0.3184463164073,-0.947940817394413,-0.000387665104777227));
#10218=DIRECTION('ref_axis',(0.,0.000408954931833652,-0.999999916377928));
#10219=DIRECTION('',(0.0172728725204769,-0.00621144517710182,0.999831518718881));
#10220=DIRECTION('center_axis',(-0.622053511624334,-0.782974587825497,-0.00047275292565683));
#10221=DIRECTION('ref_axis',(-0.000759987332755092,0.,0.999999711209585));
#10222=DIRECTION('',(-0.00161691374829939,0.000680807123629073,0.999998461044611));
#10223=DIRECTION('center_axis',(0.690312336188596,0.723511491250563,-2.31133923177517E-5));
#10224=DIRECTION('ref_axis',(-3.34825137739985E-5,0.,-0.999999999439461));
#10225=DIRECTION('',(-3.34825137739985E-5,0.,-0.999999999439461));
#10226=DIRECTION('',(0.723511491443824,-0.690312336372988,0.));
#10227=DIRECTION('center_axis',(0.741203496716471,0.671275403120061,0.00259029366589027));
#10228=DIRECTION('ref_axis',(0.00349469188941388,0.,-0.999993893545655));
#10229=DIRECTION('',(0.0464545753148471,-0.0551425618511402,0.997397247993401));
#10230=DIRECTION('',(0.0167041076854218,-0.0223014740255613,0.999611733145785));
#10231=DIRECTION('',(-0.671277655133257,0.74120598332636,0.));
#10232=DIRECTION('center_axis',(0.818026834246639,0.57517944786002,-0.000837383940762068));
#10233=DIRECTION('ref_axis',(-0.00102366263179132,0.,-0.999999476057271));
#10234=DIRECTION('',(-0.575179649521453,0.818027121051851,0.));
#10235=DIRECTION('center_axis',(0.893226427291721,0.449601884645774,-0.00216677424678203));
#10236=DIRECTION('ref_axis',(-0.00242577671852709,0.,-0.999997057799328));
#10237=DIRECTION('center_axis',(0.981734114961485,0.19024251363183,0.00243177462614227));
#10238=DIRECTION('ref_axis',(0.00247701198204993,0.,-0.999996932201115));
#10239=DIRECTION('',(0.190243076136525,-0.981737017730366,0.));
#10240=DIRECTION('center_axis',(0.515351077869976,0.856978498030971,-0.00105851350306096));
#10241=DIRECTION('ref_axis',(-0.00205396149480764,0.,-0.999997890618864));
#10242=DIRECTION('',(-0.00544632919229082,0.0045103332994785,0.999974996883351));
#10243=DIRECTION('center_axis',(0.711612608616039,0.702571701397995,0.000706861657565591));
#10244=DIRECTION('ref_axis',(0.000993323193377952,0.,-0.999999506654395));
#10245=DIRECTION('center_axis',(-0.0231875707208669,-0.44636014065047,-0.894552939407477));
#10246=DIRECTION('ref_axis',(-0.999664224014928,0.,0.0259121443464489));
#10247=DIRECTION('',(-0.0697058523706363,-0.891893998334996,0.446840228582094));
#10248=DIRECTION('',(0.998653421151324,-0.0518781690382049,0.));
#10249=DIRECTION('',(-0.980333271760078,-0.165258827632195,0.107871201763095));
#10250=DIRECTION('center_axis',(-0.0450784333548873,-0.444655990534772,
-0.894566366977772));
#10251=DIRECTION('ref_axis',(-0.998732767326654,0.,0.0503275219740018));
#10252=DIRECTION('',(-0.987263483902616,-0.116935863954768,0.107874079711587));
#10253=DIRECTION('center_axis',(-0.0672301459194148,-0.441938859720975,
-0.894522303661669));
#10254=DIRECTION('ref_axis',(-0.997187577112746,0.,0.0749462210655781));
#10255=DIRECTION('',(-0.991889417220465,-0.0673239354889802,0.107809423133242));
#10256=DIRECTION('',(-0.113377855158834,-0.887359475999157,0.446921270823043));
#10257=DIRECTION('center_axis',(-0.0671605272995479,-0.442515977211742,
-0.894242178319265));
#10258=DIRECTION('ref_axis',(-0.997191623039864,0.,0.0748923690313104));
#10259=DIRECTION('',(-0.155722175283749,-0.88063332183628,0.447476878281433));
#10260=DIRECTION('',(-0.988653046229341,0.150217000217256,-8.38282354668145E-5));
#10261=DIRECTION('center_axis',(-0.0518781690382049,-0.998653421151324,
0.));
#10262=DIRECTION('ref_axis',(0.,0.,-1.));
#10263=DIRECTION('',(0.194672465839191,-0.010112868865203,0.980816170812556));
#10264=DIRECTION('',(0.,0.,-1.));
#10265=DIRECTION('center_axis',(-0.0450594298942184,-0.44476659220374,-0.894512339902072));
#10266=DIRECTION('ref_axis',(-0.998733680850783,0.,0.0503093901200035));
#10267=DIRECTION('',(-0.994924177921683,0.100627397634999,8.3857442015766E-5));
#10268=DIRECTION('center_axis',(-0.100627397988809,-0.994924181419872,0.));
#10269=DIRECTION('ref_axis',(0.,0.,-1.));
#10270=DIRECTION('',(0.193939392251165,-0.0196151795023362,-0.980817392212403));
#10271=DIRECTION('center_axis',(-0.089152907983079,-0.437517558740233,-0.894779383307499));
#10272=DIRECTION('ref_axis',(-0.99507291418375,0.,0.0991458292509528));
#10273=DIRECTION('',(-0.200804718823859,-0.872014839939852,0.44639397825547));
#10274=DIRECTION('',(0.979897402805412,-0.199502062497018,-8.38727838756704E-5));
#10275=DIRECTION('',(-0.993996220614088,-0.0181275061996967,0.107902302681125));
#10276=DIRECTION('center_axis',(-0.0890736941665455,-0.438638986946035,
-0.894238064577035));
#10277=DIRECTION('ref_axis',(-0.995075688934397,0.,0.0991179766325765));
#10278=DIRECTION('center_axis',(-0.110360440865653,-0.433547624053726,-0.894347265199211));
#10279=DIRECTION('ref_axis',(-0.992472356892416,0.,0.122468856467318));
#10280=DIRECTION('',(-0.243971700999469,-0.860495013808372,0.447242820313927));
#10281=DIRECTION('',(-0.969054276421522,0.246847731037791,-8.38490022614876E-5));
#10282=DIRECTION('',(-0.993703642782294,0.030630706979783,0.107772121214704));
#10283=DIRECTION('center_axis',(-0.110379998082427,-0.432633550843226,-0.894787386314819));
#10284=DIRECTION('ref_axis',(-0.992477041426561,0.,0.122430887610851));
#10285=DIRECTION('center_axis',(-0.131931143799349,-0.427440919114872,-0.894364821514145));
#10286=DIRECTION('ref_axis',(-0.989294247985928,0.,0.145934543210157));
#10287=DIRECTION('',(-0.990926694124266,0.0802273533934979,0.107832549072288));
#10288=DIRECTION('center_axis',(-0.131925212144452,-0.427232877869181,-0.894465095164847));
#10289=DIRECTION('ref_axis',(-0.989297556818391,0.,0.145912110783038));
#10290=DIRECTION('',(-0.286088971544631,-0.847543134368793,0.447016482632192));
#10291=DIRECTION('',(-0.955483740813803,0.29504376122952,0.));
#10292=DIRECTION('center_axis',(0.140844417687322,0.424238877559642,-0.894530169850774));
#10293=DIRECTION('ref_axis',(-0.98783044306619,0.,-0.15553461271259));
#10294=DIRECTION('',(-0.949064172454352,0.31508284079514,0.));
#10295=DIRECTION('',(0.987063645208705,-0.130084012911347,0.0937203814129239));
#10296=DIRECTION('center_axis',(-0.153085437314484,-0.420095244511821,-0.894474613625667));
#10297=DIRECTION('ref_axis',(-0.985668658860381,0.,0.168692901274412));
#10298=DIRECTION('',(-0.985696227436855,0.129469613219238,0.107891456888914));
#10299=DIRECTION('center_axis',(-0.153119404996305,-0.42052829054176,-0.894265287634269));
#10300=DIRECTION('ref_axis',(-0.98565586521767,0.,0.168767637187961));
#10301=DIRECTION('',(-0.327507209255114,-0.832199210916206,0.447418709081742));
#10302=DIRECTION('',(-0.939649794711432,0.342137784085247,0.));
#10303=DIRECTION('center_axis',(0.896896568286683,-0.442239888235333,-0.000653489993381541));
#10304=DIRECTION('ref_axis',(-0.00072861224251181,0.,-0.999999734562065));
#10305=DIRECTION('',(-0.442239982664452,-0.896896759796213,0.));
#10306=DIRECTION('center_axis',(-0.342762941041836,-0.939421928083549,8.53471603000315E-5));
#10307=DIRECTION('ref_axis',(0.,-9.08507214877568E-5,-0.999999995873073));
#10308=DIRECTION('center_axis',(0.764783166890819,0.644287752204285,0.));
#10309=DIRECTION('ref_axis',(0.,0.,-1.));
#10310=DIRECTION('',(-0.644287752204285,0.764783166890819,0.));
#10311=DIRECTION('center_axis',(0.275625889607615,0.352425684112441,-0.894330199733795));
#10312=DIRECTION('ref_axis',(-0.955644541634476,0.,-0.294522511948123));
#10313=DIRECTION('',(0.787706205310087,-0.616051080768456,0.));
#10314=DIRECTION('',(0.568293092100329,0.690628693140693,0.447297406299014));
#10315=DIRECTION('',(-0.654864399268258,0.749916201847127,0.093692629262937));
#10316=DIRECTION('center_axis',(0.292105454505275,0.338236720976509,-0.89457829396388));
#10317=DIRECTION('ref_axis',(-0.95060600317125,0.,-0.310400107498017));
#10318=DIRECTION('',(0.862521139352334,-0.4972859820994,0.0936158970356365));
#10319=DIRECTION('',(0.602053296208336,0.661746929564952,0.446791707326844));
#10320=DIRECTION('center_axis',(0.292334739694854,0.338680091091337,-0.894335617017407));
#10321=DIRECTION('ref_axis',(-0.950509202702028,0.,-0.310696404193475));
#10322=DIRECTION('',(0.756908325775288,-0.653521064124929,-7.15337042763013E-5));
#10323=DIRECTION('center_axis',(0.308423737082663,0.323397452344194,-0.894588668730635));
#10324=DIRECTION('ref_axis',(-0.945390930007062,0.,-0.325938628364885));
#10325=DIRECTION('',(-0.578209964984926,0.810495441527597,0.0936502837962367));
#10326=DIRECTION('center_axis',(0.308844810884077,0.323669682222237,-0.894344910870596));
#10327=DIRECTION('ref_axis',(-0.945226309277542,0.,-0.326415723042802));
#10328=DIRECTION('',(0.633329403006969,0.631542168400765,0.447267656799032));
#10329=DIRECTION('center_axis',(0.61605063930915,0.787706550304113,-2.0366163144569E-5));
#10330=DIRECTION('ref_axis',(-3.30592354490188E-5,0.,-0.999999999453543));
#10331=DIRECTION('',(0.787706550467476,-0.616050639436913,0.));
#10332=DIRECTION('',(0.178789988528142,-0.139803143698973,0.97390411284376));
#10333=DIRECTION('',(-3.30592354490188E-5,0.,-0.999999999453543));
#10334=DIRECTION('center_axis',(0.653521064465217,0.756908328549419,-2.17433997448606E-5));
#10335=DIRECTION('ref_axis',(-3.32711536247402E-5,0.,-0.999999999446515));
#10336=DIRECTION('',(-3.32711536247402E-5,0.,-0.999999999446515));
#10337=DIRECTION('',(0.17171356747325,-0.148286926640201,-0.973922706447084));
#10338=DIRECTION('center_axis',(0.653520615710612,0.756908716003735,-2.1881513029388E-5));
#10339=DIRECTION('ref_axis',(-3.34825137739985E-5,0.,-0.999999999439461));
#10340=DIRECTION('',(-0.756908716184939,0.653520615867065,0.));
#10341=DIRECTION('center_axis',(0.108613284933715,-0.994084078095517,3.59067216147718E-6));
#10342=DIRECTION('ref_axis',(0.,-3.61204071222308E-6,-0.999999999993477));
#10343=DIRECTION('',(-0.0552009681094424,-0.00603484528313791,-0.99845702649748));
#10344=DIRECTION('',(-0.994084078101926,-0.108613284934415,0.));
#10345=DIRECTION('center_axis',(0.344488125141305,-0.286528581365253,0.893996254856498));
#10346=DIRECTION('ref_axis',(0.933120412452087,0.,-0.359564035834019));
#10347=DIRECTION('',(0.932663021564852,0.213081302563257,-0.29109456659901));
#10348=DIRECTION('',(0.645737258485818,-0.618907948824001,-0.447187146377988));
#10349=DIRECTION('center_axis',(0.271982104702195,-0.350819257349352,0.896075657182257));
#10350=DIRECTION('ref_axis',(0.956892704712004,0.,-0.290441649335879));
#10351=DIRECTION('',(0.803024198463288,-0.430369393108051,-0.4122309087856));
#10352=DIRECTION('',(0.215933158622509,-0.885183387464091,-0.412096155726917));
#10353=DIRECTION('center_axis',(0.24567771276085,-0.391142917033644,0.886932736968824));
#10354=DIRECTION('ref_axis',(0.963711695069476,0.,-0.266945254286936));
#10355=DIRECTION('',(-0.397321520565034,-0.875216666275912,-0.275919184488444));
#10356=DIRECTION('center_axis',(0.212873233775365,-0.380370785453878,0.900001695506858));
#10357=DIRECTION('ref_axis',(0.97314936831161,0.,-0.230174514129421));
#10358=DIRECTION('',(0.704019339748729,-0.579007482965537,-0.411226341483224));
#10359=DIRECTION('center_axis',(0.169600752464015,-0.425215050005332,0.889060035100331));
#10360=DIRECTION('ref_axis',(0.982286542940458,0.,-0.187385024903495));
#10361=DIRECTION('',(-0.367671214469872,-0.864296832263595,-0.34323295848354));
#10362=DIRECTION('center_axis',(0.13503764482639,-0.414792846877711,0.899839835003333));
#10363=DIRECTION('ref_axis',(0.988926408099713,0.,-0.148406736245358));
#10364=DIRECTION('',(0.806988089743303,-0.480905371399463,-0.342783089973236));
#10365=DIRECTION('center_axis',(0.113038457342536,-0.443917564801872,0.888909164550572));
#10366=DIRECTION('ref_axis',(0.992011245387347,0.,-0.126149470966169));
#10367=DIRECTION('',(0.228792214198593,0.882231069911433,0.411488106760128));
#10368=DIRECTION('center_axis',(0.06993691454043,-0.436504207575216,0.89697987979313));
#10369=DIRECTION('ref_axis',(0.996974181271099,0.,-0.0777334025938828));
#10370=DIRECTION('',(-0.618023434803475,0.686866253809632,0.382441869322955));
#10371=DIRECTION('center_axis',(0.0493436371061956,-0.451618087350253,0.890845838883042));
#10372=DIRECTION('ref_axis',(0.9984695142316,0.,-0.0553048745601334));
#10373=DIRECTION('',(-0.355429406634928,-0.841484708232752,-0.406907142613131));
#10374=DIRECTION('center_axis',(-0.333232532801869,-0.297815174467885,0.894573753772776));
#10375=DIRECTION('ref_axis',(0.937095836309988,0.,0.349072189626279));
#10376=DIRECTION('',(0.821630286068891,-0.557119452874141,0.120588507924967));
#10377=DIRECTION('',(0.654856164166517,0.609500517023925,0.4468473162062));
#10378=DIRECTION('center_axis',(-0.330878549841532,-0.293872801707498,0.896748661371374));
#10379=DIRECTION('ref_axis',(0.938174177791404,0.,0.346163562677274));
#10380=DIRECTION('center_axis',(-0.948323680718426,0.317293541791058,-0.00264668213886247));
#10381=DIRECTION('ref_axis',(-0.00279089501298552,0.,0.999996105444929));
#10382=DIRECTION('center_axis',(0.99824924939248,-0.0591475788798755,0.));
#10383=DIRECTION('ref_axis',(0.,0.,-1.));
#10384=DIRECTION('',(0.0591475788798755,0.998249249392479,0.));
#10385=DIRECTION('center_axis',(-0.319103071247814,-0.312977968432716,0.894549060250997));
#10386=DIRECTION('ref_axis',(0.941868152439958,0.,0.335982712976932));
#10387=DIRECTION('',(0.525392781446132,-0.843994066341711,-0.107872337437734));
#10388=DIRECTION('center_axis',(-0.319438197091527,-0.313163019499222,0.894364669168592));
#10389=DIRECTION('ref_axis',(0.941734492646714,0.,0.336357169329621));
#10390=DIRECTION('',(0.700058093302071,-0.714085895395133,0.));
#10391=DIRECTION('',(-0.622539555998693,-0.642212203154405,-0.447222525524503));
#10392=DIRECTION('center_axis',(0.482957516038975,0.0828411425011123,0.871716343090213));
#10393=DIRECTION('ref_axis',(0.874722971272113,0.,-0.484623280011273));
#10394=DIRECTION('',(0.406364985802563,0.860618649454625,-0.306925135048565));
#10395=DIRECTION('',(0.583233957871629,-0.772982829849008,-0.249671174034997));
#10396=DIRECTION('center_axis',(0.445789132064636,0.0476413672844176,0.893869313633894));
#10397=DIRECTION('ref_axis',(0.89488545124247,0.,-0.44629589865308));
#10398=DIRECTION('',(0.894222038280165,0.0214613438426074,-0.447108887156738));
#10399=DIRECTION('center_axis',(0.447558525193278,-0.0265184303302413,0.893861364742676));
#10400=DIRECTION('ref_axis',(0.894175824393572,0.,-0.447715975893285));
#10401=DIRECTION('',(0.594138284355827,0.755870813197153,-0.275061834537962));
#10402=DIRECTION('',(0.887327970692594,-0.110999764911833,-0.447580299629107));
#10403=DIRECTION('center_axis',(0.447563736183861,-0.0265235308839401,0.893858604233685));
#10404=DIRECTION('ref_axis',(0.894173183954879,0.,-0.447721249323722));
#10405=DIRECTION('center_axis',(0.44122695147641,-0.0777698860679575,0.894019363387511));
#10406=DIRECTION('ref_axis',(0.896735273220139,0.,-0.442567339240937));
#10407=DIRECTION('',(0.73129626845255,0.608567635446485,-0.307979221432957));
#10408=DIRECTION('center_axis',(0.447116584375534,-0.0867502671355468,0.890259035971142));
#10409=DIRECTION('ref_axis',(0.893627933332968,0.,-0.44880855246647));
#10410=DIRECTION('',(0.790924478563697,-0.426501964949101,-0.438787583123428));
#10411=DIRECTION('center_axis',(0.418528524673037,-0.146063767268337,0.896381196771994));
#10412=DIRECTION('ref_axis',(0.906098947576386,0.,-0.423065830812377));
#10413=DIRECTION('',(0.784999622530722,0.554535548941889,-0.276162846136735));
#10414=DIRECTION('center_axis',(0.42098702883885,-0.150482336640388,0.894497058636129));
#10415=DIRECTION('ref_axis',(0.904800292953281,0.,-0.425836153786473));
#10416=DIRECTION('',(0.855826413693509,-0.260856254467081,-0.446671203604969));
#10417=DIRECTION('center_axis',(0.350218166312212,-0.172684842605385,0.920612394615272));
#10418=DIRECTION('ref_axis',(0.93465357446582,0.,-0.355559693635635));
#10419=DIRECTION('',(0.778176194527594,0.600684070054454,-0.183358823767409));
#10420=DIRECTION('',(0.896462823956862,0.346663189525379,-0.276005504096168));
#10421=DIRECTION('center_axis',(0.369704336640923,-0.241758855715634,0.897146230640224));
#10422=DIRECTION('ref_axis',(0.924572411844343,0.,-0.381006371674194));
#10423=DIRECTION('',(0.862874964367757,-0.268793784535221,-0.428014832993642));
#10424=DIRECTION('center_axis',(0.391973547011315,-0.236402221612024,0.889084207519326));
#10425=DIRECTION('ref_axis',(0.915020195717178,0.,-0.403408033422362));
#10426=DIRECTION('',(-0.51645109382983,-0.856316686560511,0.));
#10427=DIRECTION('center_axis',(0.346270711231725,-0.302475621798108,0.888034398410852));
#10428=DIRECTION('ref_axis',(0.931676822638592,0.,-0.363288175087021));
#10429=DIRECTION('',(0.657874598492118,0.753127487653209,0.));
#10430=DIRECTION('center_axis',(0.307968329891267,-0.324804517045957,0.894235725908178));
#10431=DIRECTION('ref_axis',(0.945499606234298,0.,-0.325623240280524));
#10432=DIRECTION('',(0.938962546030473,-0.0476977851884701,-0.340696725021075));
#10433=DIRECTION('center_axis',(0.305521366176511,-0.339606194256178,0.889564122271393));
#10434=DIRECTION('ref_axis',(0.945773605563996,0.,-0.324826549128115));
#10435=DIRECTION('center_axis',(0.3792240690057,-0.925304694061596,-0.000573266374406958));
#10436=DIRECTION('ref_axis',(0.,0.000619543235937885,-0.999999808083071));
#10437=DIRECTION('center_axis',(0.204197068581579,-0.978928819083894,0.00138720932197931));
#10438=DIRECTION('ref_axis',(0.,-0.00141706720868991,-0.999998995959759));
#10439=DIRECTION('center_axis',(0.308480386962214,0.323456852528162,0.89454765966505));
#10440=DIRECTION('ref_axis',(0.945367875739818,0.,-0.32600549001387));
#10441=DIRECTION('',(-0.578112145635306,0.81055629059118,-0.0937275138473721));
#10442=DIRECTION('',(0.602392475375333,0.661379615283007,-0.446878406391806));
#10443=DIRECTION('center_axis',(-0.0859235066009342,-0.439461620546099,
-0.894142402014576));
#10444=DIRECTION('ref_axis',(-0.995414513546345,0.,0.0956553512423303));
#10445=DIRECTION('',(0.981417103144644,-0.191886606242268,0.));
#10446=DIRECTION('',(-0.216497474877355,-0.867780500976974,0.447309563385226));
#10447=DIRECTION('',(0.504928355807517,-0.79287545647193,0.341168383684576));
#10448=DIRECTION('center_axis',(-0.0687491629364779,-0.430940626616389,
-0.899757594537));
#10449=DIRECTION('ref_axis',(-0.997093587740425,0.,0.0761864639350537));
#10450=DIRECTION('',(-0.609352153360217,-0.695967059351114,0.379894466257971));
#10451=DIRECTION('center_axis',(-0.122782558528487,-0.430336328406003,-0.89427908830255));
#10452=DIRECTION('ref_axis',(-0.990705852280943,0.,0.136021741851405));
#10453=DIRECTION('',(0.961624628956093,-0.274368498528997,0.));
#10454=DIRECTION('',(-0.726026457614343,-0.575396868671324,0.376568753838132));
#10455=DIRECTION('center_axis',(-0.145484627561897,-0.406685183328089,-0.901909854034523));
#10456=DIRECTION('ref_axis',(-0.987238488497336,0.,0.159248757701574));
#10457=DIRECTION('',(0.447608329962794,-0.840032564438694,0.306581267579199));
#10458=DIRECTION('center_axis',(-0.217598677294549,-0.434856819036333,-0.873813688710165));
#10459=DIRECTION('ref_axis',(-0.970365427556965,0.,0.241642167268441));
#10460=DIRECTION('',(0.894287084228639,-0.447493699376695,0.));
#10461=DIRECTION('',(-0.963680818701208,-0.0462904949259875,0.263014200656308));
#10462=DIRECTION('center_axis',(-0.221103928204326,-0.414046209308861,-0.882994218265091));
#10463=DIRECTION('ref_axis',(-0.97005056921604,0.,0.242903053014236));
#10464=DIRECTION('',(-0.823293740535722,-0.406095516730026,0.396577669677042));
#10465=DIRECTION('center_axis',(-0.254776456490161,-0.359954685375828,-0.897508541293232));
#10466=DIRECTION('ref_axis',(-0.961991002573343,0.,0.273081143559811));
#10467=DIRECTION('',(0.0461518663403575,-0.931605704622229,0.36052852362694));
#10468=DIRECTION('center_axis',(-0.27378150861376,-0.358889736326976,-0.892323844072502));
#10469=DIRECTION('ref_axis',(-0.956013497726742,0.,0.293322675843993));
#10470=DIRECTION('',(-0.724898422637782,-0.532755665416846,0.436684872446377));
#10471=DIRECTION('',(-0.795066648775624,0.606522072149644,0.));
#10472=DIRECTION('center_axis',(0.332462220248592,-0.299393749571044,-0.894333413680361));
#10473=DIRECTION('ref_axis',(-0.937329027318915,0.,-0.34844554028625));
#10474=DIRECTION('',(0.823072205577785,0.555082569437771,0.120147765321219));
#10475=DIRECTION('',(0.650604238608765,-0.613703409327774,0.44730554443666));
#10476=DIRECTION('center_axis',(-0.038560516539538,-0.452542152652815,-0.890908910403617));
#10477=DIRECTION('ref_axis',(-0.999064638653378,0.,0.0432417366949536));
#10478=DIRECTION('',(-0.996389390298257,0.0849010182569501,0.));
#10479=DIRECTION('',(0.362118494815207,-0.837297935953228,0.409636866213519));
#10480=DIRECTION('center_axis',(0.330269689134996,-0.29570145003335,-0.89637190099135));
#10481=DIRECTION('ref_axis',(-0.938333808760739,0.,-0.345730622503367));
#10482=DIRECTION('',(-0.667041620228906,-0.745020454002705,0.));
#10483=DIRECTION('center_axis',(-0.0849010062698418,-0.99638924961882,0.000531392899589312));
#10484=DIRECTION('ref_axis',(0.,-0.000533318504009272,-0.999999857785676));
#10485=DIRECTION('',(0.0552014275306867,-0.00523613849041228,-0.998461509149093));
#10486=DIRECTION('',(0.,-0.000533318504009272,-0.999999857785677));
#10487=DIRECTION('center_axis',(-0.094431257203633,-0.995531384569538,0.));
#10488=DIRECTION('ref_axis',(0.,0.,-1.));
#10489=DIRECTION('',(0.,0.,-1.));
#10490=DIRECTION('',(0.995531384569538,-0.094431257203633,0.));
#10491=DIRECTION('center_axis',(-0.191886579958039,-0.981416968712164,0.000523407903998987));
#10492=DIRECTION('ref_axis',(0.,-0.000533318504009272,-0.999999857785676));
#10493=DIRECTION('',(-0.04359953403976,0.00799178358057391,-0.99901712298975));
#10494=DIRECTION('center_axis',(-0.20843418790447,-0.978035566690137,0.00127263573190244));
#10495=DIRECTION('ref_axis',(0.,-0.00130121510695198,-0.999999153419264));
#10496=DIRECTION('',(0.978036358705136,-0.208434356694858,0.));
#10497=DIRECTION('',(0.021416043503269,-0.00586497852536276,-0.99975344715963));
#10498=DIRECTION('center_axis',(-0.274368490885916,-0.961624602168125,-0.000236038091424356));
#10499=DIRECTION('ref_axis',(0.,0.000245457618057599,-0.999999969875278));
#10500=DIRECTION('',(-0.0106656012718462,0.00328852684053131,-0.99993771333055));
#10501=DIRECTION('center_axis',(-0.447489846719452,-0.894279384943448,-0.00414954794775445));
#10502=DIRECTION('ref_axis',(0.,0.00464005247947456,-0.99998923489855));
#10503=DIRECTION('',(0.0463399500876601,-0.0185538013018716,-0.998753405742941));
#10504=DIRECTION('',(-0.0672611703442707,0.0382831064584038,-0.997000671375809));
#10505=DIRECTION('center_axis',(-0.6065220363707,-0.795066601874372,-0.000343483154567725));
#10506=DIRECTION('ref_axis',(-0.000566315943841326,0.,0.999999839643113));
#10507=DIRECTION('',(0.0266511222223324,-0.0198992131899019,-0.999446716438007));
#10508=DIRECTION('',(-0.013064205575328,0.010398077117593,-0.999860593545391));
#10509=DIRECTION('center_axis',(-0.686284288435715,-0.727332047112541,0.00140309991245316));
#10510=DIRECTION('ref_axis',(0.00204448361076472,0.,0.999997910041199));
#10511=DIRECTION('',(-0.0372293645611347,0.0332015823499634,-0.998755039708853));
#10512=DIRECTION('',(0.727332763059031,-0.686284963977002,0.));
#10513=DIRECTION('center_axis',(-0.303682767447317,-0.321846518479562,-0.896767302759263));
#10514=DIRECTION('ref_axis',(-0.947164149225574,0.,0.320749239160119));
#10515=DIRECTION('',(-0.937755945939756,-0.0654844307283099,0.341065353248936));
#10516=DIRECTION('center_axis',(-0.304556684289112,-0.316920159608023,-0.898224269594653));
#10517=DIRECTION('ref_axis',(-0.947042192793033,0.,0.321109148218737));
#10518=DIRECTION('',(-0.329901194976402,-0.849555905336552,0.411606566105223));
#10519=DIRECTION('center_axis',(-0.359057277520989,-0.290323966839132,-0.887011761893836));
#10520=DIRECTION('ref_axis',(-0.926936379578843,0.,0.375218533941578));
#10521=DIRECTION('',(0.0912854444144569,-0.9567553221462,0.276199603879109));
#10522=DIRECTION('center_axis',(-0.341011050784322,-0.290621863791662,-0.894008051154593));
#10523=DIRECTION('ref_axis',(-0.934335868588242,0.,0.356393721422608));
#10524=DIRECTION('',(-0.648635829240512,0.761098916715478,0.));
#10525=DIRECTION('',(-0.722418835821348,-0.527508571223647,0.447041086407183));
#10526=DIRECTION('center_axis',(-0.376510367221722,-0.242168776133387,-0.894200328360833));
#10527=DIRECTION('ref_axis',(-0.921633544635494,0.,0.38806134747307));
#10528=DIRECTION('',(-0.167935653533527,-0.93139627702923,0.322952924446207));
#10529=DIRECTION('center_axis',(-0.399658605029036,-0.235148182673722,-0.885990029070018));
#10530=DIRECTION('ref_axis',(-0.911550326676335,0.,0.411188523595038));
#10531=DIRECTION('',(0.507108059685843,-0.861882483753824,0.));
#10532=DIRECTION('',(-0.912005499139341,0.199321766748804,0.358492402764322));
#10533=DIRECTION('center_axis',(-0.390567873186633,-0.157250940870397,-0.907044033126201));
#10534=DIRECTION('ref_axis',(-0.918471027342505,0.,0.39548827028422));
#10535=DIRECTION('',(-0.518959132037117,-0.776206621503953,0.358028909459419));
#10536=DIRECTION('',(-0.783613643178276,0.573881582394535,0.237927694086279));
#10537=DIRECTION('center_axis',(-0.439537359550759,-0.116917768080664,-0.890582475162286));
#10538=DIRECTION('ref_axis',(-0.896732627180259,0.,0.442572700638426));
#10539=DIRECTION('',(0.25706281508309,-0.96639469633352,0.));
#10540=DIRECTION('',(-0.88862907398523,0.201137664241309,0.412167452489522));
#10541=DIRECTION('center_axis',(-0.761098485111874,-0.648635461412421,-0.0010649688758245));
#10542=DIRECTION('ref_axis',(-0.00139925102217795,0.,0.999999021047809));
#10543=DIRECTION('',(0.0296250529502377,-0.0331213251857333,-0.999012179132785));
#10544=DIRECTION('',(-0.0135960627024043,0.0175948571596828,-0.999752753474839));
#10545=DIRECTION('center_axis',(-0.812868589827471,-0.582446572091691,0.000803946850074128));
#10546=DIRECTION('ref_axis',(0.000989023892591325,0.,0.99999951091575));
#10547=DIRECTION('',(0.582446760318286,-0.812868852518494,0.));
#10548=DIRECTION('',(0.0187441374253202,-0.027539043003501,-0.999444975185043));
#10549=DIRECTION('center_axis',(-0.861880414678693,-0.507106842298676,-0.00219118396096907));
#10550=DIRECTION('ref_axis',(-0.00254232123435394,0.,0.999996768296149));
#10551=DIRECTION('',(-0.0261810170398728,0.0488116582840964,-0.998464809776646));
#10552=DIRECTION('center_axis',(-0.903155381548864,-0.429313819819312,2.98576264219882E-5));
#10553=DIRECTION('ref_axis',(3.30592354490188E-5,0.,0.999999999453543));
#10554=DIRECTION('',(-0.0426639463308126,0.0896837253691562,-0.995056087407836));
#10555=DIRECTION('',(0.429313820010674,-0.903155381951435,0.));
#10556=DIRECTION('',(-3.30592354490188E-5,0.,-0.999999999453543));
#10557=DIRECTION('center_axis',(-0.390939852330633,-0.157869894538847,-0.90677622832648));
#10558=DIRECTION('ref_axis',(-0.91829167813547,0.,0.395904526201888));
#10559=DIRECTION('',(0.37444334778675,-0.927249793366518,0.));
#10560=DIRECTION('center_axis',(-0.927233056747341,-0.374436589181076,0.00600825743654222));
#10561=DIRECTION('ref_axis',(0.00647963450090697,0.,0.999979006948013));
#10562=DIRECTION('center_axis',(-0.432765443704667,-0.0702277618839706,
-0.898767006624003));
#10563=DIRECTION('ref_axis',(-0.900991570391979,0.,0.433836593756907));
#10564=DIRECTION('',(-0.545075506900077,-0.773704449259429,0.322915030578924));
#10565=DIRECTION('center_axis',(-0.449871587269833,-0.0550984233324145,
-0.891392011807153));
#10566=DIRECTION('ref_axis',(-0.892748160466316,0.,0.450556014257949));
#10567=DIRECTION('',(0.121567507291799,-0.992583165871182,0.));
#10568=DIRECTION('',(-0.871614410364477,0.244665826186264,0.424766939793551));
#10569=DIRECTION('center_axis',(-0.437727792521974,0.00155615172515009,
-0.899106199536878));
#10570=DIRECTION('ref_axis',(-0.899107288180324,0.,0.437728322525541));
#10571=DIRECTION('',(-0.003555044751816,-0.99999368080844,0.));
#10572=DIRECTION('',(-0.563596942120386,0.778671610135804,0.275733585914131));
#10573=DIRECTION('center_axis',(-0.437144675112081,0.00207827896779402,
-0.899388800117994));
#10574=DIRECTION('ref_axis',(-0.899390742463886,0.,0.437145619182281));
#10575=DIRECTION('',(-0.875247077270917,-0.231132954525402,0.424876583328708));
#10576=DIRECTION('center_axis',(-0.992582946958121,-0.121567480480227,-0.000664151805472457));
#10577=DIRECTION('ref_axis',(-0.000669114514643534,0.,0.999999776142858));
#10578=DIRECTION('',(0.00133315646505175,-0.00542190162273167,-0.999984412716835));
#10579=DIRECTION('',(-0.00674278454607153,0.0605070757914676,-0.998144993793853));
#10580=DIRECTION('center_axis',(-0.744981841775766,-0.667084743355612,2.46285301259671E-5));
#10581=DIRECTION('ref_axis',(3.30592354490188E-5,0.,0.999999999453543));
#10582=DIRECTION('',(0.667084743557927,-0.744981842001706,0.));
#10583=DIRECTION('',(-3.30592354490188E-5,0.,-0.999999999453543));
#10584=DIRECTION('center_axis',(-0.966394695840325,-0.257062814951899,3.19482698039265E-5));
#10585=DIRECTION('ref_axis',(3.30592354490188E-5,0.,0.999999999453543));
#10586=DIRECTION('',(-0.0157031160778031,0.0589098008950091,-0.998139793567994));
#10587=DIRECTION('center_axis',(-0.966677406239652,-0.255997621888544,9.92632350292422E-5));
#10588=DIRECTION('ref_axis',(0.000102684963841296,0.,0.999999994727899));
#10589=DIRECTION('',(0.25599762314974,-0.96667741100208,0.));
#10590=DIRECTION('center_axis',(-0.992440760244687,-0.122722438843388,-0.000735125349426755));
#10591=DIRECTION('ref_axis',(-0.000740724461552614,0.,0.999999725663598));
#10592=DIRECTION('',(-0.000622153856493011,0.0110210603644554,-0.999939072720444));
#10593=DIRECTION('',(0.122722472003574,-0.992441028406893,0.));
#10594=DIRECTION('center_axis',(-0.99999346210437,0.00355504397430833,0.000661370438656783));
#10595=DIRECTION('ref_axis',(0.000661374618007858,0.,0.999999781291783));
#10596=DIRECTION('',(-0.000443780077229172,0.0608620156273078,-0.998146090566418));
#10597=DIRECTION('center_axis',(-0.989160113805838,0.146840965863146,0.));
#10598=DIRECTION('ref_axis',(0.,0.,1.));
#10599=DIRECTION('',(0.,0.,-1.));
#10600=DIRECTION('',(0.00975571587525397,0.0657171176224574,-0.997790602510946));
#10601=DIRECTION('',(0.146840961263428,0.989160082820904,-0.000250297771183444));
#10602=DIRECTION('center_axis',(0.745020454002705,-0.667041620228906,0.));
#10603=DIRECTION('ref_axis',(0.,0.,-1.));
#10604=DIRECTION('',(-0.130039181261347,-0.145241086797885,0.980813355354956));
#10605=DIRECTION('center_axis',(0.714881205923556,0.699245521614996,-0.000749612336432309));
#10606=DIRECTION('ref_axis',(-0.00104858250309563,0.,-0.999999450237216));
#10607=DIRECTION('',(-0.00153189368554947,0.00263817328317464,0.999995346660905));
#10608=DIRECTION('',(-0.016759947930426,0.0182064155945716,0.999693768399387));
#10609=DIRECTION('center_axis',(0.844503879803885,0.535549421427846,-0.000119182569133894));
#10610=DIRECTION('ref_axis',(-0.000141127318414092,0.,-0.99999999004154));
#10611=DIRECTION('',(0.00953019181029016,-0.0148055801186285,0.999844973104036));
#10612=DIRECTION('center_axis',(0.907143208123477,-0.420797298164613,0.0045644071694372));
#10613=DIRECTION('ref_axis',(0.00503156431142567,0.,-0.999987341600172));
#10614=DIRECTION('',(0.0154398822333448,0.0441200603713872,0.99890691774031));
#10615=DIRECTION('',(0.00357366218090894,0.0185491117063864,0.999821563777018));
#10616=DIRECTION('center_axis',(-0.547622381437278,0.836725578106637,-0.000185178506340599));
#10617=DIRECTION('ref_axis',(-0.00033814997712005,0.,0.999999942827295));
#10618=DIRECTION('',(0.00187236306465505,0.001446741847036,0.999997200593373));
#10619=DIRECTION('',(-0.0237341780160097,-0.0153123829318723,0.999601030273004));
#10620=DIRECTION('center_axis',(-0.542127120270556,0.840296486644538,0.));
#10621=DIRECTION('ref_axis',(0.,0.,1.));
#10622=DIRECTION('',(0.,0.,1.));
#10623=DIRECTION('center_axis',(0.118110264360747,0.993000058317408,0.00092175607339335));
#10624=DIRECTION('ref_axis',(0.,-0.000928253395913755,0.999999569172724));
#10625=DIRECTION('',(-0.0171030369654833,0.00110616663298865,0.999853120474171));
#10626=DIRECTION('',(-0.0364007265593725,0.00340197318661955,0.999331483384961));
#10627=DIRECTION('',(0.00221232896255282,-0.00119139159378855,0.999996843088333));
#10628=DIRECTION('center_axis',(0.122057691150407,0.992522513756007,0.000989807298886764));
#10629=DIRECTION('ref_axis',(0.,-0.000997263833282567,0.9999995027323));
#10630=DIRECTION('',(0.00919079298018401,-0.00212747841462825,0.999955500589897));
#10631=DIRECTION('center_axis',(0.308830645287226,0.323683221350674,0.894344902566972));
#10632=DIRECTION('ref_axis',(0.945230927531567,0.,-0.326402349314176));
#10633=DIRECTION('',(0.633329535161684,0.631542300182544,-0.447267283592292));
#10634=DIRECTION('center_axis',(0.343027233336224,0.288981576319922,0.893768407215957));
#10635=DIRECTION('ref_axis',(0.933600804265718,0.,-0.358314859131469));
#10636=DIRECTION('',(0.922553500374943,-0.282650378720513,-0.262685748290788));
#10637=DIRECTION('center_axis',(0.33941698233026,0.270593591628581,0.9008746973222));
#10638=DIRECTION('ref_axis',(0.935785413909575,0.,-0.352570076884136));
#10639=DIRECTION('',(0.388276518459703,0.832024889464238,-0.396201878497356));
#10640=DIRECTION('center_axis',(0.381041303234745,0.24650942008295,0.891089575205285));
#10641=DIRECTION('ref_axis',(0.91946386666257,0.,-0.393174513291383));
#10642=DIRECTION('center_axis',(0.433007307182788,0.114409346620147,0.894100203183212));
#10643=DIRECTION('ref_axis',(0.900009945231329,0.,-0.435869359424013));
#10644=DIRECTION('center_axis',(0.61605108063905,0.787706205144623,-2.04967301559737E-5));
#10645=DIRECTION('ref_axis',(-3.32711536247402E-5,0.,-0.999999999446515));
#10646=DIRECTION('center_axis',(0.275361209865205,0.352166208040457,0.894513927234214));
#10647=DIRECTION('ref_axis',(0.955741113775644,0.,-0.294208979194879));
#10648=DIRECTION('',(0.532730296700566,0.718650996535556,-0.446921890441472));
#10649=DIRECTION('',(0.654784781683049,-0.749984664071228,0.093701085021727));
#10650=DIRECTION('center_axis',(0.292165531902689,0.338306286202328,0.894532368717872));
#10651=DIRECTION('ref_axis',(0.950582460695766,0.,-0.310472197495335));
#10652=DIRECTION('',(0.862551612845085,-0.497222172388161,-0.0936740437044392));
#10653=DIRECTION('center_axis',(0.275523770969182,0.35229551810919,0.894412946882535));
#10654=DIRECTION('ref_axis',(0.9556829141165,0.,-0.294397974968911));
#10655=DIRECTION('',(0.568746384050145,0.690365979283923,-0.447126788816366));
#10656=DIRECTION('center_axis',(0.292269073123717,0.338506549828007,0.894422777336838));
#10657=DIRECTION('ref_axis',(0.950538749394348,0.,-0.31060599784909));
#10658=DIRECTION('center_axis',(-0.993437010930211,-0.114378795977476,0.00062955920366563));
#10659=DIRECTION('ref_axis',(0.000633718162625171,0.,0.999999799200625));
#10660=DIRECTION('',(8.50144569126617E-5,0.00476570451258165,0.999988640352));
#10661=DIRECTION('',(-0.00153142528521772,0.0188043744244553,0.999822009279202));
#10662=DIRECTION('center_axis',(-0.994692480364405,0.10289171413992,-0.000405792875034813));
#10663=DIRECTION('ref_axis',(-0.000407958086823111,0.,0.999999916785096));
#10664=DIRECTION('',(-0.0024673853577769,-0.019910043070245,0.999798730842582));
#10665=DIRECTION('center_axis',(-0.994893377174299,-0.100930807375732,0.000374402459119017));
#10666=DIRECTION('ref_axis',(0.000376324178246094,0.,0.999999929190054));
#10667=DIRECTION('',(0.000851159098437203,-0.00468057612866324,0.999988683803618));
#10668=DIRECTION('center_axis',(-0.976558094478678,0.215245829884762,0.00187638625904239));
#10669=DIRECTION('ref_axis',(0.00192142465047231,0.,0.999998154061953));
#10670=DIRECTION('',(0.00561582137546426,0.0167626141411934,0.999843726448005));
#10671=DIRECTION('center_axis',(-0.741350835299328,0.671117549309234,0.000417145246858885));
#10672=DIRECTION('ref_axis',(0.000562682553198891,0.,0.99999984169416));
#10673=DIRECTION('',(-0.0127628761638368,-0.0147199771288185,0.999810197620205));
#10674=DIRECTION('center_axis',(0.999680849843307,0.0252625900604596,0.));
#10675=DIRECTION('ref_axis',(0.,0.,-1.));
#10676=DIRECTION('',(0.,0.,1.));
#10677=DIRECTION('',(-0.00059555110205878,0.0235669038846133,0.999722084561594));
#10678=DIRECTION('center_axis',(0.981942330083243,-0.189180496856025,0.));
#10679=DIRECTION('ref_axis',(0.,0.,-1.));
#10680=DIRECTION('center_axis',(-0.205051288505005,0.978748548842451,0.00229068139067623));
#10681=DIRECTION('ref_axis',(0.,-0.00234041227416296,0.999997261231443));
#10682=DIRECTION('',(0.0152316113091599,0.000850930202045215,0.999883630196393));
#10683=DIRECTION('',(-0.0241614160078901,-0.00740157357198251,0.999680670356866));
#10684=DIRECTION('center_axis',(-0.154960721604385,0.987919462751496,0.00151982783368792));
#10685=DIRECTION('ref_axis',(0.,-0.00153841086495005,0.999998816645305));
#10686=DIRECTION('',(-0.028244148557165,-0.00289246097921255,-0.999596869613828));
#10687=DIRECTION('center_axis',(-0.449903823394949,0.0665629331381146,-0.890593019075861));
#10688=DIRECTION('ref_axis',(-0.892572540830013,0.,0.450903824951901));
#10689=DIRECTION('',(-0.526170269544883,0.786008830700203,0.324553486359899));
#10690=DIRECTION('center_axis',(-0.436181034128163,0.0781706326946806,-0.896457170003676));
#10691=DIRECTION('ref_axis',(-0.899208753939117,0.,0.437519847366107));
#10692=DIRECTION('',(-0.898040486701081,-0.101115924052344,0.428134154382393));
#10693=DIRECTION('center_axis',(-0.438492243336087,0.12760266474374,-0.889630323496441));
#10694=DIRECTION('ref_axis',(-0.896962663485727,0.,0.442106299788399));
#10695=DIRECTION('',(-0.783173933956463,-0.539823672807241,0.308591949746033));
#10696=DIRECTION('center_axis',(-0.437534550424239,0.125796851525174,-0.890358730698707));
#10697=DIRECTION('ref_axis',(-0.897488357853623,0.,0.441038147462559));
#10698=DIRECTION('',(-0.275848394344457,-0.961201123948061,-0.000250316937083574));
#10699=DIRECTION('',(-0.749386636423199,0.49623630801033,0.438371070855047));
#10700=DIRECTION('center_axis',(-0.385627739760121,0.168707493933755,-0.907099238131139));
#10701=DIRECTION('ref_axis',(-0.920290534225132,0.,0.391235648446841));
#10702=DIRECTION('',(-0.917568780849778,-0.173206226369905,0.357864688893091));
#10703=DIRECTION('',(-0.800165372591504,-0.550642710858541,0.237756138688063));
#10704=DIRECTION('',(-0.400809577031596,-0.91616138477877,0.));
#10705=DIRECTION('center_axis',(-0.398176003226052,0.191236308176005,-0.897153579321924));
#10706=DIRECTION('ref_axis',(-0.914022759865334,0.,0.405662907409782));
#10707=DIRECTION('center_axis',(-0.34190835573536,0.267420360723571,-0.900880140167835));
#10708=DIRECTION('ref_axis',(-0.934930334850708,0.,0.354831324682507));
#10709=DIRECTION('',(-0.400251640255381,0.825912596821666,0.397073049808431));
#10710=DIRECTION('',(-0.913034917495378,-0.321420383275282,0.251109889588959));
#10711=DIRECTION('center_axis',(-0.34626871922597,0.285453293499284,-0.893652276512525));
#10712=DIRECTION('ref_axis',(-0.932449036361863,0.,0.361301528626483));
#10713=DIRECTION('',(-0.636093330779069,-0.771612127003192,0.));
#10714=DIRECTION('',(-0.63194364124684,0.633062853786831,0.447077909813221));
#10715=DIRECTION('center_axis',(-0.308238337220534,0.323975217863043,-0.894443506141173));
#10716=DIRECTION('ref_axis',(-0.945435006586361,0.,0.325810755379634));
#10717=DIRECTION('',(0.578824075234189,0.810024962884739,0.0939268302076839));
#10718=DIRECTION('',(-0.72448347344934,-0.689292170780126,0.));
#10719=DIRECTION('center_axis',(-0.307867445923823,0.323735079001867,-0.894658166208746));
#10720=DIRECTION('ref_axis',(-0.945579746209927,0.,0.325390447858521));
#10721=DIRECTION('',(-0.600968136419323,0.662827993252387,0.446650143143041));
#10722=DIRECTION('center_axis',(-4.69439062485855E-5,2.83122262023254E-5,
0.999999998497344));
#10723=DIRECTION('ref_axis',(0.999999998898135,0.,4.69439062674002E-5));
#10724=DIRECTION('',(0.9349450913146,-0.354792436951179,5.39349385251295E-5));
#10725=DIRECTION('',(0.772711165331808,-0.634757790049864,5.42454867196639E-5));
#10726=DIRECTION('center_axis',(-4.08725257238078E-5,3.5703113869468E-5,
0.999999998527362));
#10727=DIRECTION('ref_axis',(0.999999999164718,0.,4.08725257498582E-5));
#10728=DIRECTION('',(-0.684094074076725,0.729393785891313,-5.40022821130911E-5));
#10729=DIRECTION('center_axis',(-0.000192427427987817,-0.000355064347445703,
0.999999918450494));
#10730=DIRECTION('ref_axis',(0.99999998148584,0.,0.000192427440117548));
#10731=DIRECTION('center_axis',(0.000316804055630521,0.000371165833902501,
0.99999988093555));
#10732=DIRECTION('ref_axis',(0.999999949817587,0.,-0.000316804077452632));
#10733=DIRECTION('center_axis',(-0.391555387635191,0.237621712414387,-0.888943361639598));
#10734=DIRECTION('ref_axis',(-0.91515545249964,0.,0.403101101164681));
#10735=DIRECTION('',(-0.518805284954471,-0.854892435516486,0.));
#10736=DIRECTION('center_axis',(-0.857748167742084,0.514069851614432,-0.000518069700295062));
#10737=DIRECTION('ref_axis',(-0.000603988006366138,0.,0.999999817599228));
#10738=DIRECTION('',(0.0317616753769169,0.0519898442607632,-0.998142400697913));
#10739=DIRECTION('',(-0.514069920601647,-0.857748282850287,0.));
#10740=DIRECTION('',(0.000444180437436709,-0.000266646009257986,-0.999999865801813));
#10741=DIRECTION('center_axis',(0.765790181646353,-0.643090504588076,2.45499479753562E-5));
#10742=DIRECTION('ref_axis',(3.20583216540612E-5,0.,-0.999999999486132));
#10743=DIRECTION('',(-0.0129649631955251,-0.015400470815576,0.999797347079896));
#10744=DIRECTION('',(-3.20583216540612E-5,0.,0.999999999486132));
#10745=DIRECTION('center_axis',(0.595398906276752,-0.803425728253491,0.00269101928557384));
#10746=DIRECTION('ref_axis',(0.0045196451859084,0.,-0.999989786351537));
#10747=DIRECTION('',(-0.0156564141956325,-0.00825367408416921,0.999843364511986));
#10748=DIRECTION('',(-0.0251793927993772,-0.0153118477327688,0.999565678431019));
#10749=DIRECTION('center_axis',(0.551462103208021,-0.834199203025249,0.00111283306252746));
#10750=DIRECTION('ref_axis',(0.00201796422677719,0.,-0.999997963908117));
#10751=DIRECTION('',(0.00519108730599262,0.00476564031772788,0.999975170334216));
#10752=DIRECTION('center_axis',(0.435653063009228,-0.900114458454448,-0.000608581903986548));
#10753=DIRECTION('ref_axis',(0.,0.000676115975217336,-0.999999771433568));
#10754=DIRECTION('',(0.00561680169923197,0.00204241339829115,0.999982139883599));
#10755=DIRECTION('center_axis',(0.197995608103345,-0.980202503191577,0.000889892551106212));
#10756=DIRECTION('ref_axis',(0.,-0.000907865651714799,-0.999999587889894));
#10757=DIRECTION('',(-0.0284974703467218,-0.00484884836201272,0.999582104108212));
#10758=DIRECTION('center_axis',(-0.710340801396854,-0.703857435895694,0.00080981801361556));
#10759=DIRECTION('ref_axis',(0.00114004078854195,0.,0.999999350153289));
#10760=DIRECTION('',(0.0140393766947834,-0.013018364312839,0.999816692245454));
#10761=DIRECTION('',(-0.00442535555665739,0.00561663160917535,0.999974434511985));
#10762=DIRECTION('center_axis',(-0.804297929318135,-0.594226212579815,-0.00022176025154875));
#10763=DIRECTION('ref_axis',(-0.000275719027783071,0.,0.999999961989508));
#10764=DIRECTION('',(0.00399968391448563,-0.00578684040207089,0.999975257197269));
#10765=DIRECTION('center_axis',(-0.292903201260829,0.956142099633291,0.));
#10766=DIRECTION('ref_axis',(0.,0.,1.));
#10767=DIRECTION('center_axis',(0.695794422888481,0.718239596074849,-0.00141552376283178));
#10768=DIRECTION('ref_axis',(-0.00203439519922158,0.,-0.999997930615945));
#10769=DIRECTION('',(0.00774416877868734,-0.00553142684922526,0.999954714558084));
#10770=DIRECTION('center_axis',(-0.867701885593787,0.497084940163134,0.));
#10771=DIRECTION('ref_axis',(0.,0.,1.));
#10772=DIRECTION('',(-0.009700055844434,-0.0169322304228694,0.999809586116037));
#10773=DIRECTION('',(0.,0.,1.));
#10774=DIRECTION('center_axis',(-0.755547754489052,0.655093573992717,0.));
#10775=DIRECTION('ref_axis',(0.,0.,1.));
#10776=DIRECTION('center_axis',(0.953513956621735,0.301348124382336,0.000665175775397114));
#10777=DIRECTION('ref_axis',(0.000697604485936651,0.,-0.999999756673961));
#10778=DIRECTION('',(-0.00204237640193095,0.00425509878418638,0.99998886135445));
#10779=DIRECTION('',(-0.00774216020684126,0.0222907219564807,0.999721552568509));
#10780=DIRECTION('center_axis',(0.998691533985361,0.0511355769454891,-0.000610505052056028));
#10781=DIRECTION('ref_axis',(-0.000611304809552996,0.,-0.999999813153197));
#10782=DIRECTION('',(0.000850956200059634,-0.00468058881034828,0.99998868391694));
#10783=DIRECTION('center_axis',(0.385639288737415,0.922649241812733,-0.000845910450341672));
#10784=DIRECTION('ref_axis',(0.,0.00091682738843975,0.999999579713682));
#10785=DIRECTION('',(-0.0256908057076751,0.0116544373854229,0.999601999093299));
#10786=DIRECTION('',(-0.00391472470200349,0.00255305348397787,0.999989078364567));
#10787=DIRECTION('center_axis',(0.367475161579834,0.930032283797467,-0.00139882677371967));
#10788=DIRECTION('ref_axis',(0.,0.00150406089753654,0.999998868899769));
#10789=DIRECTION('center_axis',(0.56982656999375,0.821764967930831,0.000132705684388788));
#10790=DIRECTION('ref_axis',(0.00023288784303526,0.,-0.999999972881626));
#10791=DIRECTION('center_axis',(-0.961200000466545,0.275848457119285,-0.00147912407338644));
#10792=DIRECTION('ref_axis',(-0.00153882888201079,0.,0.999998816002135));
#10793=DIRECTION('',(-0.00470948186891712,-0.0217710518507741,-0.999751890261698));
#10794=DIRECTION('',(0.0136419474327656,0.0421788470297528,-0.999016937861157));
#10795=DIRECTION('center_axis',(-0.951253601320187,0.308409767981523,3.14477167949559E-5));
#10796=DIRECTION('ref_axis',(3.30592354490188E-5,0.,0.999999999453543));
#10797=DIRECTION('',(-3.30592354490188E-5,0.,-0.999999999453543));
#10798=DIRECTION('',(-0.308409768134025,-0.951253601790562,0.));
#10799=DIRECTION('center_axis',(-0.911822253774501,0.410585163654169,3.01441465916586E-5));
#10800=DIRECTION('ref_axis',(3.30592354490188E-5,0.,0.999999999453543));
#10801=DIRECTION('',(-0.410585163840712,-0.911822254188773,0.));
#10802=DIRECTION('',(-0.0205397072653404,-0.0455409920291676,-0.998751289596391));
#10803=DIRECTION('center_axis',(-0.85489242158317,0.518805276498814,-0.000180545430741667));
#10804=DIRECTION('ref_axis',(-0.000211190814372891,0.,0.99999997769922));
#10805=DIRECTION('',(-0.00275552865498714,-0.00488858395898274,-0.99998425428039));
#10806=DIRECTION('center_axis',(-0.767191328545754,0.641418119062643,-0.000511803030307959));
#10807=DIRECTION('ref_axis',(-0.00066711248860427,0.,0.999999777480439));
#10808=DIRECTION('',(-0.641418203069942,-0.76719142902572,0.));
#10809=DIRECTION('',(-0.0492715905856975,-0.0597285958206505,-0.996997896287875));
#10810=DIRECTION('center_axis',(-0.173527121498075,-0.984828153644598,0.0013586366565264));
#10811=DIRECTION('ref_axis',(0.,-0.00137956592591075,-0.999999048398475));
#10812=DIRECTION('',(-0.0293472766461527,0.00654994550927223,0.999547815548251));
#10813=DIRECTION('',(0.00782929494479052,0.,0.999969350600641));
#10814=DIRECTION('center_axis',(-0.202287526940507,-0.979326057963748,0.000478160517035036));
#10815=DIRECTION('ref_axis',(0.,-0.000488254607494349,-0.999999880803712));
#10816=DIRECTION('',(-0.00340424697807245,0.00119142557249025,0.999993495782656));
#10817=DIRECTION('center_axis',(-0.494444241838795,-0.869209107352907,-0.000647616570002292));
#10818=DIRECTION('ref_axis',(0.,0.0007450639722609,-0.9999997224398));
#10819=DIRECTION('',(-0.0268799048927749,0.0145457520648261,0.999532836784177));
#10820=DIRECTION('center_axis',(-0.658506095265131,-0.752575190509521,-0.000552384131913926));
#10821=DIRECTION('ref_axis',(-0.000838844076828703,0.,0.999999648170246));
#10822=DIRECTION('',(-0.00638244443074268,0.00485069428832949,0.999967867067742));
#10823=DIRECTION('center_axis',(-0.357809449702662,-0.933794325290999,0.000745491653764234));
#10824=DIRECTION('ref_axis',(0.,-0.000798346483803781,-0.999999681321395));
#10825=DIRECTION('',(0.93379458477285,-0.357809549130401,0.));
#10826=DIRECTION('center_axis',(-0.462806240558798,-0.886454993178246,-0.00281580702241218));
#10827=DIRECTION('ref_axis',(0.,0.00317646450006164,-0.999994955023914));
#10828=DIRECTION('',(0.886458507447662,-0.462808075311638,0.));
#10829=DIRECTION('',(-0.0231897342906226,0.0152823039297899,-0.999614269310982));
#10830=DIRECTION('center_axis',(-0.576682075514674,-0.816968172402994,0.000888290830756733));
#10831=DIRECTION('ref_axis',(0.00154034573756268,0.,0.999998813666801));
#10832=DIRECTION('',(0.816968494721883,-0.576682303033361,0.));
#10833=DIRECTION('center_axis',(-0.665910398155839,-0.746031729314038,2.20144886526137E-5));
#10834=DIRECTION('ref_axis',(3.30592354490188E-5,0.,0.999999999453543));
#10835=DIRECTION('',(0.746031729494816,-0.665910398317201,0.));
#10836=DIRECTION('center_axis',(0.744937270537233,-0.667134515933815,-2.4784922382557E-5));
#10837=DIRECTION('ref_axis',(-3.32711536247402E-5,0.,-0.999999999446515));
#10838=DIRECTION('',(-3.32711536247402E-5,0.,-0.999999999446515));
#10839=DIRECTION('',(-0.667134516138723,-0.744937270766037,0.));
#10840=DIRECTION('center_axis',(0.952808082002294,0.303572704042022,0.000610107960851837));
#10841=DIRECTION('ref_axis',(0.000640326050228549,0.,-0.999999794991254));
#10842=DIRECTION('center_axis',(-0.906799871523335,-0.421559663421625,-0.00120132473073637));
#10843=DIRECTION('ref_axis',(-0.00132479471408247,0.,0.999999122459098));
#10844=DIRECTION('',(0.0171746157584359,-0.0397906555509184,0.999060426753246));
#10845=DIRECTION('center_axis',(-0.93243964871948,-0.36132203989519,0.00163859142893227));
#10846=DIRECTION('ref_axis',(0.00175731362460998,0.,0.99999845592322));
#10847=DIRECTION('center_axis',(0.854785612967272,0.518981061246997,-0.000462526870016273));
#10848=DIRECTION('ref_axis',(-0.000541102699071589,0.,-0.999999853603924));
#10849=DIRECTION('center_axis',(-0.910363871551188,0.413804656007048,-0.00182429197775511));
#10850=DIRECTION('ref_axis',(-0.00200391115233397,0.,0.999997992168031));
#10851=DIRECTION('center_axis',(-0.986608890741793,0.163100263268946,0.00109582427883281));
#10852=DIRECTION('ref_axis',(0.00111069706870165,0.,0.99999938317582));
#10853=DIRECTION('',(-0.163100361196949,-0.986609483117523,0.));
#10854=DIRECTION('center_axis',(-0.0022368764833982,-0.999997498188669,
0.));
#10855=DIRECTION('ref_axis',(0.,0.,-1.));
#10856=DIRECTION('',(0.,0.,1.));
#10857=DIRECTION('',(0.194905685638441,-0.000435981035427526,0.980821891897987));
#10858=DIRECTION('',(0.999997494639693,-0.00223687647545956,-8.42494596239833E-5));
#10859=DIRECTION('center_axis',(-0.0022365014250978,-0.999997499027558,
-7.45307191219718E-8));
#10860=DIRECTION('ref_axis',(0.,7.45309055217124E-8,-0.999999999999997));
#10861=DIRECTION('',(-3.33246910751815E-5,0.,0.999999999444733));
#10862=DIRECTION('',(-0.99999749902756,0.0022365014250978,0.));
#10863=DIRECTION('center_axis',(-0.0518694836180015,-0.998653872303219,
-1.72853451875889E-6));
#10864=DIRECTION('ref_axis',(0.,1.73086448337675E-6,-0.999999999998502));
#10865=DIRECTION('',(-0.998653868755344,0.0518694835795021,-8.42210137456462E-5));
#10866=DIRECTION('center_axis',(0.963656349787736,-0.267127032367917,-0.00309646444959318));
#10867=DIRECTION('ref_axis',(-0.00321322893268301,0.,-0.999994837566588));
#10868=DIRECTION('',(0.00635025929239382,0.0113177014389941,0.99991578837473));
#10869=DIRECTION('center_axis',(0.871045300155173,-0.49120269166386,2.79242504219822E-5));
#10870=DIRECTION('ref_axis',(3.20583216540612E-5,0.,-0.999999999486132));
#10871=DIRECTION('center_axis',(0.743176867984082,-0.669094683135692,-0.00066924802437548));
#10872=DIRECTION('ref_axis',(-0.000900522852427225,0.,-0.999999594529214));
#10873=DIRECTION('center_axis',(-0.100610640573957,-0.99492587612952,3.3473762926108E-6));
#10874=DIRECTION('ref_axis',(0.,-3.36444791808399E-6,-0.99999999999434));
#10875=DIRECTION('',(-3.32705991300946E-5,0.,-0.999999999446534));
#10876=DIRECTION('',(-0.994925876135094,0.10061064057452,0.));
#10877=DIRECTION('center_axis',(-0.150241858130378,-0.988649272513031,4.99863663718293E-6));
#10878=DIRECTION('ref_axis',(0.,-5.05602621282782E-6,-0.999999999987218));
#10879=DIRECTION('',(-0.192781559800285,0.029291436182643,-0.980804405560725));
#10880=DIRECTION('',(-0.988649272525382,0.150241858132255,0.));
#10881=DIRECTION('center_axis',(-0.199469335876796,-0.979904068774504,6.63646431637615E-6));
#10882=DIRECTION('ref_axis',(0.,-6.77256532317873E-6,-0.999999999977066));
#10883=DIRECTION('',(-0.979904068796082,0.199469335881189,0.));
#10884=DIRECTION('',(0.190976628758443,-0.0388818576485222,-0.980824208721349));
#10885=DIRECTION('',(-3.32705991300946E-5,0.,-0.999999999446534));
#10886=DIRECTION('center_axis',(-0.199502063198731,-0.979897406252027,0.));
#10887=DIRECTION('ref_axis',(0.,0.,-1.));
#10888=DIRECTION('',(0.,0.,-1.));
#10889=DIRECTION('center_axis',(-0.246847604377721,-0.969054312278263,8.23906031873959E-6));
#10890=DIRECTION('ref_axis',(0.,-8.50216568261446E-6,-0.999999999963857));
#10891=DIRECTION('',(-0.969054312311154,0.2468476043861,0.));
#10892=DIRECTION('',(0.188886454082496,-0.0481234633871793,-0.980819065748502));
#10893=DIRECTION('',(-3.33771127125992E-5,0.,-0.999999999442984));
#10894=DIRECTION('center_axis',(-0.24684773256454,-0.969054279625396,8.21277196087309E-6));
#10895=DIRECTION('ref_axis',(0.,-8.47503812041666E-6,-0.999999999964087));
#10896=DIRECTION('center_axis',(-0.427600558797544,-0.90396627177522,0.00165578043134315));
#10897=DIRECTION('ref_axis',(0.,-0.00183168078878915,-0.999998322471337));
#10898=DIRECTION('center_axis',(-0.295043761215214,-0.955483740767473,9.84770887871473E-6));
#10899=DIRECTION('ref_axis',(0.,-1.03065164356242E-5,-0.999999999946888));
#10900=DIRECTION('',(0.186301263630118,-0.0575380635911111,-0.98080640822132));
#10901=DIRECTION('center_axis',(0.00789422135473395,0.99996398345445,-0.00311657875104163));
#10902=DIRECTION('ref_axis',(0.,0.00311667586619683,0.999995143153978));
#10903=DIRECTION('center_axis',(-0.916161238482468,0.400809513028725,0.00056512648755025));
#10904=DIRECTION('ref_axis',(0.000616841617282146,0.,0.999999809753191));
#10905=DIRECTION('center_axis',(-0.771612126748918,0.636093330569453,2.5672425621985E-5));
#10906=DIRECTION('ref_axis',(3.32711536247402E-5,0.,0.999999999446515));
#10907=DIRECTION('',(-3.32711536247402E-5,0.,-0.999999999446515));
#10908=DIRECTION('center_axis',(-0.689292170598861,0.72448347325882,2.29335457130187E-5));
#10909=DIRECTION('ref_axis',(3.32711536247402E-5,0.,0.999999999446515));
#10910=DIRECTION('',(-3.32711536247402E-5,0.,-0.999999999446515));
#10911=DIRECTION('',(-0.72448347344934,-0.689292170780126,0.));
#10912=DIRECTION('center_axis',(-0.291768951788028,0.338328049039628,-0.89465356982776));
#10913=DIRECTION('ref_axis',(-0.950719160711673,0.,0.310053346144969));
#10914=DIRECTION('',(-0.863168746492272,-0.496109440097855,0.0938889691324407));
#10915=DIRECTION('center_axis',(-0.292120757637589,0.33901080119183,-0.894280235514861));
#10916=DIRECTION('ref_axis',(-0.950570672302797,0.,0.310508288066209));
#10917=DIRECTION('',(-0.757553533037719,-0.652773042168616,0.));
#10918=DIRECTION('',(-0.567990562588908,0.69080336908993,0.447411919894786));
#10919=DIRECTION('center_axis',(-0.275589153122542,0.353044374833041,-0.894097471241222));
#10920=DIRECTION('ref_axis',(-0.955634015362642,0.,0.294556664636659));
#10921=DIRECTION('',(0.655380978408731,0.749437026369677,0.0939144112806431));
#10922=DIRECTION('',(-0.532613660475333,0.718213687244783,0.447763093755303));
#10923=DIRECTION('center_axis',(-0.275312489063673,0.352824012038065,-0.894269674032911));
#10924=DIRECTION('ref_axis',(-0.955733159285104,0.,0.294234818202933));
#10925=DIRECTION('',(-0.788383352718553,-0.615184272520238,0.));
#10926=DIRECTION('center_axis',(-0.652773042014662,0.757553532859052,2.17185121749797E-5));
#10927=DIRECTION('ref_axis',(3.32711536247402E-5,0.,0.999999999446515));
#10928=DIRECTION('',(-0.757553533037719,-0.652773042168616,0.));
#10929=DIRECTION('',(-3.32711536247402E-5,0.,-0.999999999446515));
#10930=DIRECTION('center_axis',(-0.615184272391377,0.788383352553413,2.04678904455862E-5));
#10931=DIRECTION('ref_axis',(3.32711536247402E-5,0.,0.999999999446515));
#10932=DIRECTION('',(-0.178488628554223,-0.139301943775772,0.97403119967336));
#10933=DIRECTION('center_axis',(0.32906623313216,-0.29633554549744,0.896605073980147));
#10934=DIRECTION('ref_axis',(0.938771012330565,0.,-0.34454170488904));
#10935=DIRECTION('',(-0.486724570025651,-0.866869413353522,-0.107873134400857));
#10936=DIRECTION('',(0.36211855819733,-0.837298082506693,-0.409636510628266));
#10937=DIRECTION('center_axis',(0.333154765967468,-0.298359408657942,0.894421357738311));
#10938=DIRECTION('ref_axis',(0.937103032855189,0.,-0.349052869653878));
#10939=DIRECTION('',(-0.65099036851065,0.613436163352117,0.447110292431523));
#10940=DIRECTION('center_axis',(-0.0430662202226105,-0.454021000206938,
0.889949567136716));
#10941=DIRECTION('ref_axis',(0.998831171527144,0.,0.0483351920003663));
#10942=DIRECTION('',(0.61323031145594,0.691220820106692,0.382311866102379));
#10943=DIRECTION('center_axis',(-0.068181220204524,-0.435872719599925,0.89742202642903));
#10944=DIRECTION('ref_axis',(0.99712636935652,0.,0.0757562111901327));
#10945=DIRECTION('',(0.454746535139992,-0.814216623835952,-0.360911177781121));
#10946=DIRECTION('center_axis',(-0.0953510077356608,-0.447415454358977,
0.889228652554867));
#10947=DIRECTION('ref_axis',(0.994300088322516,0.,0.106617701915941));
#10948=DIRECTION('',(0.656997321833267,0.642815447730199,0.393881732583957));
#10949=DIRECTION('center_axis',(-0.135247638985806,-0.413488863781006,0.900408260556209));
#10950=DIRECTION('ref_axis',(0.988906300252335,0.,0.148540665547313));
#10951=DIRECTION('',(0.376095135007993,-0.862169011478048,-0.339436363800766));
#10952=DIRECTION('center_axis',(-0.161606337034998,-0.421752641188624,0.892192861146373));
#10953=DIRECTION('ref_axis',(0.983988206309116,0.,0.178233582258136));
#10954=DIRECTION('',(-0.619582736419361,-0.660322632483972,-0.424371598673302));
#10955=DIRECTION('center_axis',(-0.202504506454199,-0.387875346431538,0.899191103434835));
#10956=DIRECTION('ref_axis',(0.975566402215578,0.,0.219704790271295));
#10957=DIRECTION('',(0.950760233672725,0.142117995141057,0.275422318492296));
#10958=DIRECTION('center_axis',(-0.198775389132911,-0.40220376810541,0.893711627761925));
#10959=DIRECTION('ref_axis',(0.976147074161623,0.,0.217110316672659));
#10960=DIRECTION('',(-0.461713965811256,-0.765937224924151,-0.447392871255603));
#10961=DIRECTION('center_axis',(-0.258541855754107,-0.366268480248155,0.893869962130918));
#10962=DIRECTION('ref_axis',(0.960624513023743,0.,0.277849860496451));
#10963=DIRECTION('',(0.955766433651196,0.0373435166757141,0.291746441397261));
#10964=DIRECTION('center_axis',(-0.260651998516239,-0.352036197003119,0.898961095748349));
#10965=DIRECTION('ref_axis',(0.96044248994158,0.,0.278478407627626));
#10966=DIRECTION('',(-0.232582913409835,-0.88082627964669,-0.412371499346845));
#10967=DIRECTION('center_axis',(-0.30152431534306,-0.337803264566191,0.891612046635376));
#10968=DIRECTION('ref_axis',(0.947297266759469,0.,0.320355877720448));
#10969=DIRECTION('',(0.883563145462259,0.252445370274167,0.394445817582057));
#10970=DIRECTION('center_axis',(-0.999973417511939,-0.00729138323594159,
0.));
#10971=DIRECTION('ref_axis',(0.,0.,1.));
#10972=DIRECTION('',(0.0072913832359416,-0.999973417511939,0.));
#10973=DIRECTION('center_axis',(-0.316581213755139,-0.298694346438092,0.900309959126991));
#10974=DIRECTION('ref_axis',(0.943376186749449,0.,0.331724841207392));
#10975=DIRECTION('',(-0.0800378694983465,-0.937331726985164,-0.339121177506177));
#10976=DIRECTION('center_axis',(-0.330565089908862,-0.296000406719378,0.896164315600386));
#10977=DIRECTION('ref_axis',(0.938207442405053,0.,0.34607339541746));
#10978=DIRECTION('',(-0.696835727547872,-0.563848793802515,-0.443277008810831));
#10979=DIRECTION('center_axis',(-0.360823019906719,-0.258541335840085,0.896082097783133));
#10980=DIRECTION('ref_axis',(0.927621031526246,0.,0.373522719349417));
#10981=DIRECTION('',(0.92368684539644,-0.231836826332638,0.305048025067501));
#10982=DIRECTION('center_axis',(-0.359469413438285,-0.248818758489177,0.899372540289195));
#10983=DIRECTION('ref_axis',(0.928576202946559,0.,0.371141799480132));
#10984=DIRECTION('',(0.578294836765079,0.697010106481993,0.423971689187864));
#10985=DIRECTION('center_axis',(-0.404537093518003,-0.206302814797361,0.890948308587368));
#10986=DIRECTION('ref_axis',(0.910535571858176,0.,0.413430734683458));
#10987=DIRECTION('',(-0.122739475762141,-0.953161418490872,-0.276438657553723));
#10988=DIRECTION('center_axis',(-0.423908709099923,-0.20150449288832,0.883004725748995));
#10989=DIRECTION('ref_axis',(0.901496593308844,0.,0.432786196929326));
#10990=DIRECTION('',(0.89678628521635,-0.229866027710167,0.378068734428818));
#10991=DIRECTION('center_axis',(-0.414579697576262,-0.137996349268365,0.899489122750342));
#10992=DIRECTION('ref_axis',(0.908177899072226,0.,0.418584404435662));
#10993=DIRECTION('',(-0.518569841832744,-0.776421266392558,-0.358127541854769));
#10994=DIRECTION('center_axis',(-0.440260689186067,-0.116590797214415,0.890267999853031));
#10995=DIRECTION('ref_axis',(0.896381287014913,0.,0.443283868744948));
#10996=DIRECTION('',(0.872786158339511,-0.28830486543699,0.393858637554539));
#10997=DIRECTION('center_axis',(-0.433165590332263,-0.0855847676478584,
0.897241783968382));
#10998=DIRECTION('ref_axis',(0.900545983903068,0.,0.434760774307038));
#10999=DIRECTION('',(-0.751278448717071,-0.51568345818999,-0.411887440258238));
#11000=DIRECTION('center_axis',(-0.450332835922066,-0.0556868945023876,
0.891122498128663));
#11001=DIRECTION('ref_axis',(0.892507418871039,0.,0.451032711962398));
#11002=DIRECTION('',(0.832023116356581,-0.388279343543871,0.396202833439419));
#11003=DIRECTION('center_axis',(-0.435591390663537,-0.015019994434445,0.900019188765993));
#11004=DIRECTION('ref_axis',(0.900120728216068,0.,0.435640533738282));
#11005=DIRECTION('',(-0.576505604790341,-0.763230394048333,-0.291754439976753));
#11006=DIRECTION('center_axis',(-0.448094492833386,-0.00326731552653908,
0.893980229167089));
#11007=DIRECTION('ref_axis',(0.893985000981549,0.,0.448096884635476));
#11008=DIRECTION('',(0.892603008156472,-0.0572409144213178,0.447194977103085));
#11009=DIRECTION('center_axis',(-0.444379703875459,0.055657633857347,0.894107883075058));
#11010=DIRECTION('ref_axis',(0.895495980190321,0.,0.445069600695191));
#11011=DIRECTION('',(-0.725427164420102,-0.6079647512639,-0.322698451099528));
#11012=DIRECTION('center_axis',(-0.457506169467539,0.0756321754116969,0.885984130186107));
#11013=DIRECTION('ref_axis',(0.888529068331245,0.,0.458820329465043));
#11014=DIRECTION('',(0.57179713193907,-0.738032593708139,0.358267959118158));
#11015=DIRECTION('center_axis',(0.317907008072373,-0.314543792071657,0.894425702385421));
#11016=DIRECTION('ref_axis',(0.942251601767815,0.,-0.334905835968841));
#11017=DIRECTION('',(-0.529153066983192,-0.841637780892687,-0.107902166226241));
#11018=DIRECTION('center_axis',(0.132316041907123,-0.991207037814921,-0.00103597306997047));
#11019=DIRECTION('ref_axis',(0.,0.00104516257917601,-0.999999453817442));
#11020=DIRECTION('center_axis',(-0.423052714327774,0.108904200065675,0.899536700812123));
#11021=DIRECTION('ref_axis',(0.904918932631281,0.,0.425583981565876));
#11022=DIRECTION('',(-0.878967311810527,-0.290467714893457,-0.378212865160809));
#11023=DIRECTION('center_axis',(-0.429903358557732,0.139380702352411,0.892051636460878));
#11024=DIRECTION('ref_axis',(0.900844900575699,0.,0.434141065906876));
#11025=DIRECTION('',(0.749100649083399,-0.496479007392511,0.438585012011784));
#11026=DIRECTION('center_axis',(-0.414578329579274,0.165039799329822,0.894922719166538));
#11027=DIRECTION('ref_axis',(0.907365505944492,0.,0.420342525355329));
#11028=DIRECTION('',(-0.909740896806393,-0.0510902864723072,-0.412020974352128));
#11029=DIRECTION('center_axis',(-0.413995875526799,0.186418530148485,0.89098571630755));
#11030=DIRECTION('ref_axis',(0.906882991750279,0.,0.421382533185777));
#11031=DIRECTION('',(0.508905270128622,-0.764151197479365,0.396343756638309));
#11032=DIRECTION('center_axis',(-0.385428031825412,0.209423611498389,0.898658435241199));
#11033=DIRECTION('ref_axis',(0.919038095457871,0.,0.394168719074928));
#11034=DIRECTION('',(-0.905569953196704,-0.272840263205543,-0.3248095605755));
#11035=DIRECTION('center_axis',(-0.389886579241852,0.233668742732406,0.890722950190992));
#11036=DIRECTION('ref_axis',(0.916083565086699,0.,0.400987408503114));
#11037=DIRECTION('',(0.603899104543359,-0.665347741794991,0.438882961642434));
#11038=DIRECTION('center_axis',(-0.342549438102474,0.28053572887206,0.896637935446578));
#11039=DIRECTION('ref_axis',(0.934150054071872,0.,0.356880479260941));
#11040=DIRECTION('',(-0.914738507831602,-0.317257133775016,-0.250202664571894));
#11041=DIRECTION('center_axis',(-0.344264899781156,0.287826173551113,0.893665358284406));
#11042=DIRECTION('ref_axis',(0.933153942893024,0.,0.359477007419393));
#11043=DIRECTION('',(0.631541447141997,-0.63333081244283,0.447266679456784));
#11044=DIRECTION('center_axis',(-0.307994199781998,0.323868365813556,0.894566294092229));
#11045=DIRECTION('ref_axis',(0.945528231172437,0.,0.325540111285725));
#11046=DIRECTION('',(0.600540778085007,-0.663094534599982,0.446829287357809));
#11047=DIRECTION('',(-0.578917585298306,-0.809959032593543,0.0939190872640446));
#11048=DIRECTION('center_axis',(-0.308365366580553,0.324108732613215,0.894351346025429));
#11049=DIRECTION('ref_axis',(0.945383291472561,0.,0.325960783230909));
#11050=DIRECTION('center_axis',(-0.291882780745912,0.338460042279515,0.894566510710178));
#11051=DIRECTION('ref_axis',(0.950674598403447,0.,0.310189954625298));
#11052=DIRECTION('',(-0.863132909246241,-0.496169649465913,-0.0939002658409048));
#11053=DIRECTION('center_axis',(-0.292234814052281,0.339143165481306,0.894192779417922));
#11054=DIRECTION('ref_axis',(0.950525913353292,0.,0.310645276873622));
#11055=DIRECTION('',(0.567536643613967,-0.691066355303108,0.447581781045063));
#11056=DIRECTION('center_axis',(-0.275413586497371,0.352953980562203,0.89418725330769));
#11057=DIRECTION('ref_axis',(0.955695139806406,0.,0.294358284664138));
#11058=DIRECTION('',(-0.788383697702672,-0.615183830408978,0.));
#11059=DIRECTION('',(-0.655461701651993,-0.749367530059465,0.0939056045188506));
#11060=DIRECTION('center_axis',(-0.275691277858007,0.353175202055298,0.894014315302735));
#11061=DIRECTION('ref_axis',(0.955595568275991,0.,0.29468137011234));
#11062=DIRECTION('',(0.532130214242564,-0.718471903298429,0.447923608733561));
#11063=DIRECTION('center_axis',(0.318042669596375,-0.314678018399213,-0.894330255024595));
#11064=DIRECTION('ref_axis',(-0.942195208569867,0.,-0.335064454915743));
#11065=DIRECTION('',(-0.529269367416401,-0.84156581791444,0.107893052754297));
#11066=DIRECTION('center_axis',(0.318125820673272,-0.314724427578754,-0.894284349022269));
#11067=DIRECTION('ref_axis',(-0.942162118413957,0.,-0.335157489287834));
#11068=DIRECTION('',(0.620310755195861,-0.64424656006098,0.447393492172086));
#11069=DIRECTION('',(-0.703296121793192,-0.710897014391434,0.));
#11070=DIRECTION('center_axis',(0.302176312326137,-0.330078664401679,-0.89428046583596));
#11071=DIRECTION('ref_axis',(-0.947377740013976,0.,-0.320117818507516));
#11072=DIRECTION('',(-0.570252609142618,-0.814353555604985,0.107889982109344));
#11073=DIRECTION('center_axis',(0.285465140933643,-0.344656412313141,-0.894271553144329));
#11074=DIRECTION('ref_axis',(-0.952640904305729,0.,-0.304097529492698));
#11075=DIRECTION('',(-0.609877623562047,-0.785115177487021,0.107904783757873));
#11076=DIRECTION('',(0.587013384943947,-0.674708251238309,0.447419335308156));
#11077=DIRECTION('center_axis',(0.285257154408108,-0.344511635827541,-0.894393698903576));
#11078=DIRECTION('ref_axis',(-0.952717088326594,0.,-0.30385876589379));
#11079=DIRECTION('',(0.552435616101577,-0.703464323392365,0.447160861185987));
#11080=DIRECTION('',(-0.770129102847705,-0.637888044967094,8.3875189786818E-5));
#11081=DIRECTION('center_axis',(0.268210488923562,-0.358736273847639,-0.894075734743593));
#11082=DIRECTION('ref_axis',(-0.957829891667306,0.,-0.287335863805056));
#11083=DIRECTION('',(0.906275262158852,0.408686821661944,0.107889902209434));
#11084=DIRECTION('',(0.517668622061073,-0.729031683539773,0.447807996945737));
#11085=DIRECTION('center_axis',(0.267962819981718,-0.358100151347293,-0.894404946717364));
#11086=DIRECTION('ref_axis',(-0.957931946690354,0.,-0.286995445103279));
#11087=DIRECTION('',(-0.800757042034333,-0.598989275870138,-8.38152332591919E-5));
#11088=DIRECTION('center_axis',(0.302200090694568,-0.330093524056631,-0.894266945917196));
#11089=DIRECTION('ref_axis',(-0.947368632367956,0.,-0.320144771010349));
#11090=DIRECTION('',(-0.737583215294036,-0.675256248039595,0.));
#11091=DIRECTION('center_axis',(0.637888045696335,-0.770129106518704,-2.12229174699884E-5));
#11092=DIRECTION('ref_axis',(-3.32705991300946E-5,0.,-0.999999999446534));
#11093=DIRECTION('',(-0.150124100113002,-0.124318834548435,-0.980819851930914));
#11094=DIRECTION('',(-3.32705991300946E-5,0.,-0.999999999446534));
#11095=DIRECTION('center_axis',(0.231200662316004,-0.383132280680171,-0.894290729710116));
#11096=DIRECTION('ref_axis',(-0.968168276129905,0.,-0.250300197953674));
#11097=DIRECTION('',(0.856187514649181,0.516665210517274,0.));
#11098=DIRECTION('',(0.48106490064753,-0.753944593901331,0.447374687138131));
#11099=DIRECTION('',(0.942309698671635,0.316891688707465,0.107852164639858));
#11100=DIRECTION('center_axis',(0.249998638379991,-0.371138336195704,-0.894291348618578));
#11101=DIRECTION('ref_axis',(-0.96307660336511,0.,-0.269227517261372));
#11102=DIRECTION('',(0.92534428844001,0.363468144781773,0.107837171607694));
#11103=DIRECTION('center_axis',(0.250141199388347,-0.371565773871904,-0.89407396565135));
#11104=DIRECTION('ref_axis',(-0.963019795569035,0.,-0.269430646627615));
#11105=DIRECTION('',(0.829443733458709,0.558590266648172,-8.38570351132558E-5));
#11106=DIRECTION('center_axis',(0.231247794893749,-0.383301221926006,-0.894206145487051));
#11107=DIRECTION('ref_axis',(-0.968150169916899,0.,-0.250370222849842));
#11108=DIRECTION('',(0.441820943599573,-0.777501112909472,0.447533544241452));
#11109=DIRECTION('center_axis',(-0.257995258341514,0.366093075002835,-0.894099718772053));
#11110=DIRECTION('ref_axis',(-0.960800156836484,0.,0.277241877469813));
#11111=DIRECTION('',(-0.817412994323528,-0.576052078124056,0.));
#11112=DIRECTION('',(0.691209032391425,0.716523965803836,0.093933380484544));
#11113=DIRECTION('center_axis',(-0.25771836996443,0.365849505275937,-0.894279252399511));
#11114=DIRECTION('ref_axis',(-0.960894178905576,0.,0.276915830073651));
#11115=DIRECTION('',(-0.49819783700802,0.742709848508856,0.447415909561207));
#11116=DIRECTION('center_axis',(-0.239573361895055,0.3780126794585,-0.894265630804912));
#11117=DIRECTION('ref_axis',(-0.965937812636383,0.,0.258774307301247));
#11118=DIRECTION('',(-0.844652045728743,-0.535315721463745,0.));
#11119=DIRECTION('',(0.725366644612633,0.681924172971203,0.093928979558767));
#11120=DIRECTION('center_axis',(-0.239263620517604,0.377712117701879,-0.894475531268447));
#11121=DIRECTION('ref_axis',(-0.96603653956314,0.,0.258405503480236));
#11122=DIRECTION('',(-0.460198690076166,0.767070998862447,0.44701146333886));
#11123=DIRECTION('center_axis',(-0.220531345845753,0.388949637777579,-0.894474205761212));
#11124=DIRECTION('ref_axis',(-0.970925860961681,0.,0.239380392922685));
#11125=DIRECTION('',(-0.943146339458523,-0.318841854079417,0.0938874563143988));
#11126=DIRECTION('center_axis',(-0.220514788254056,0.388892089795364,-0.894503309471722));
#11127=DIRECTION('ref_axis',(-0.970931848017866,0.,0.239356108141429));
#11128=DIRECTION('',(0.869885331257395,0.493254001973842,0.));
#11129=DIRECTION('',(-0.422601270888093,0.788438260642706,0.446960037361813));
#11130=DIRECTION('center_axis',(-0.201048567869638,0.398370648641816,-0.894919158169198));
#11131=DIRECTION('ref_axis',(-0.975681673736249,0.,0.219192316323434));
#11132=DIRECTION('',(-0.382831801736466,0.808964010782641,0.4461132601007));
#11133=DIRECTION('',(-0.957610974471327,-0.272328496205938,0.0939063987505003));
#11134=DIRECTION('',(-0.892815508153798,-0.450422538579089,7.16941065496044E-5));
#11135=DIRECTION('center_axis',(-0.201247635687616,0.399216010086555,-0.89449760559809));
#11136=DIRECTION('ref_axis',(-0.975613102132624,0.,0.219497323325725));
#11137=DIRECTION('center_axis',(-0.57605250743518,0.817412691549143,1.92880074780975E-5));
#11138=DIRECTION('ref_axis',(3.34830718004571E-5,0.,0.999999999439442));
#11139=DIRECTION('',(-0.817412691701193,-0.576052507542333,0.));
#11140=DIRECTION('',(-0.185048765994585,-0.130385812985981,-0.974041320466368));
#11141=DIRECTION('',(-3.34830718004571E-5,0.,-0.999999999439442));
#11142=DIRECTION('center_axis',(-0.53531572137884,0.844652045594774,1.78105716135919E-5));
#11143=DIRECTION('ref_axis',(3.32711536247402E-5,0.,0.999999999446515));
#11144=DIRECTION('',(-3.32711536247402E-5,0.,-0.999999999446515));
#11145=DIRECTION('',(0.191216376328904,0.121207876184089,-0.974035393697059));
#11146=DIRECTION('center_axis',(-0.493254001906571,0.869885331138758,1.65156591709585E-5));
#11147=DIRECTION('ref_axis',(0.,-1.89860187047428E-5,0.999999999819766));
#11148=DIRECTION('',(-3.34830718004571E-5,0.,-0.999999999439442));
#11149=DIRECTION('',(-0.869885331257395,-0.493254001973842,0.));
#11150=DIRECTION('',(-3.34830718004571E-5,0.,-0.999999999439442));
#11151=DIRECTION('center_axis',(-0.450422538720097,0.89281551083384,1.50815302129633E-5));
#11152=DIRECTION('ref_axis',(0.,-1.68921014787548E-5,0.999999999857329));
#11153=DIRECTION('',(0.202121545134692,0.101986119567627,-0.974035785999622));
#11154=DIRECTION('center_axis',(0.211982103887947,-0.394255927741456,-0.8942180109302));
#11155=DIRECTION('ref_axis',(-0.973033016395872,0.,-0.230665881750097));
#11156=DIRECTION('',(-0.880838883295377,-0.473416153768434,-8.3821567651383E-5));
#11157=DIRECTION('',(0.956865275628169,0.269752188663852,0.107900885112631));
#11158=DIRECTION('center_axis',(0.211912238225382,-0.393947025602016,-0.894370697367503));
#11159=DIRECTION('ref_axis',(-0.973058909647996,0.,-0.230556627219112));
#11160=DIRECTION('',(0.404287019962204,-0.797839001136701,0.447219111572025));
#11161=DIRECTION('center_axis',(-0.181174411679551,0.407779382799119,-0.894925587697959));
#11162=DIRECTION('ref_axis',(-0.980116869055977,0.,0.198421074969142));
#11163=DIRECTION('',(-0.913803762743011,-0.406155977494428,-7.17095568701041E-5));
#11164=DIRECTION('',(0.816933447439255,0.569036426023318,0.0939004170045168));
#11165=DIRECTION('center_axis',(-0.181729359188906,0.408503042992057,-0.894482925423968));
#11166=DIRECTION('ref_axis',(-0.979979301016058,0.,0.19909939623233));
#11167=DIRECTION('',(-0.34329208131221,0.826043506729535,0.446992921530423));
#11168=DIRECTION('center_axis',(-0.161345337571957,0.416801997104138,-0.894563456247679));
#11169=DIRECTION('ref_axis',(-0.98412113456133,0.,0.177498147905041));
#11170=DIRECTION('',(0.932566117993503,0.360999218240881,0.));
#11171=DIRECTION('',(-0.302731822479439,0.841837449678856,0.446836829252556));
#11172=DIRECTION('',(-0.979600462589618,-0.177665642058222,0.0939034255298861));
#11173=DIRECTION('center_axis',(-0.161367299548086,0.416965443660894,-0.894483322052028));
#11174=DIRECTION('ref_axis',(-0.984114135413832,0.,0.177536949615246));
#11175=DIRECTION('center_axis',(-0.140811926315688,0.424724029094207,-0.894305037734468));
#11176=DIRECTION('ref_axis',(-0.98782994142684,0.,0.155537798687797));
#11177=DIRECTION('',(-0.949193446575973,-0.314693185463597,0.));
#11178=DIRECTION('',(-0.987115238201824,-0.129569001509639,0.0938902569894853));
#11179=DIRECTION('center_axis',(-0.140767495906731,0.424200404799159,-0.894560522639121));
#11180=DIRECTION('ref_axis',(-0.987844300788904,0.,0.155446574098248));
#11181=DIRECTION('center_axis',(0.516665210440453,-0.856187514521877,-1.72445055726797E-5));
#11182=DIRECTION('ref_axis',(-3.33765564520471E-5,0.,-0.999999999443003));
#11183=DIRECTION('',(0.166828999813235,0.100692491745623,-0.980830824825247));
#11184=DIRECTION('',(-3.33765564520471E-5,0.,-0.999999999443003));
#11185=DIRECTION('center_axis',(0.516664974546907,-0.856187656870373,-1.72992421365063E-5));
#11186=DIRECTION('ref_axis',(-3.34825137739985E-5,0.,-0.999999999439461));
#11187=DIRECTION('',(-0.856187656998486,-0.516664974624217,0.));
#11188=DIRECTION('',(-3.34825137739985E-5,0.,-0.999999999439461));
#11189=DIRECTION('center_axis',(0.146240434541058,-0.98924907646229,4.87333571799628E-6));
#11190=DIRECTION('ref_axis',(0.,-4.92629797074459E-6,-0.999999999987866));
#11191=DIRECTION('',(-0.989249076474037,-0.146240434542795,0.));
#11192=DIRECTION('',(-0.192873055118697,-0.028507541981873,0.980809514971858));
#11193=DIRECTION('',(-3.33241331686699E-5,0.,0.999999999444751));
#11194=DIRECTION('center_axis',(0.146240439361465,-0.989249075749686,4.87430434760644E-6));
#11195=DIRECTION('ref_axis',(0.,-4.92727713074016E-6,-0.999999999987861));
#11196=DIRECTION('',(-0.989249075761437,-0.146240439363202,0.));
#11197=DIRECTION('',(-3.3330755611661E-5,0.,0.99999999944453));
#11198=DIRECTION('center_axis',(0.171839103050207,-0.413166121739361,-0.894295856252144));
#11199=DIRECTION('ref_axis',(-0.982035122807543,0.,-0.188698218254372));
#11200=DIRECTION('',(0.323224238396075,-0.833898226752357,0.447369913083739));
#11201=DIRECTION('',(0.97889638407166,0.173536569610587,0.107920935222128));
#11202=DIRECTION('center_axis',(0.192295498679579,-0.403978723412695,-0.894328592977671));
#11203=DIRECTION('ref_axis',(-0.977655777649999,0.,-0.210212227112448));
#11204=DIRECTION('',(0.362520816903587,-0.817629749889692,0.447280951312344));
#11205=DIRECTION('',(0.968982126202248,0.222320428491198,0.107922500786724));
#11206=DIRECTION('center_axis',(0.17182642175009,-0.413063630039271,-0.894345636947674));
#11207=DIRECTION('ref_axis',(-0.982039649243074,0.,-0.188674659969324));
#11208=DIRECTION('',(-0.923301685196517,-0.384075510952302,0.));
#11209=DIRECTION('center_axis',(0.192280742766749,-0.403894376834405,-0.894369861032121));
#11210=DIRECTION('ref_axis',(-0.977661085751037,0.,-0.210187538660366));
#11211=DIRECTION('',(-0.90290382624336,-0.429842623008818,0.));
#11212=DIRECTION('center_axis',(-0.314693185446237,0.949193446523611,1.05037257748788E-5));
#11213=DIRECTION('ref_axis',(0.,-1.10659484773154E-5,0.999999999938772));
#11214=DIRECTION('',(-0.214888035267085,-0.0712542122855643,0.974035917987944));
#11215=DIRECTION('',(-3.33776715060847E-5,0.,-0.999999999442966));
#11216=DIRECTION('center_axis',(0.473416155431558,-0.880838886389788,0.));
#11217=DIRECTION('ref_axis',(0.,0.,-1.));
#11218=DIRECTION('',(0.,0.,-1.));
#11219=DIRECTION('',(-0.171771572235153,-0.0923204442906655,-0.980801438894661));
#11220=DIRECTION('center_axis',(0.473486388014828,-0.880801135395123,-1.58535145173938E-5));
#11221=DIRECTION('ref_axis',(0.,1.79989714792023E-5,-0.999999999838018));
#11222=DIRECTION('',(0.880801135505811,0.473486388074329,0.));
#11223=DIRECTION('center_axis',(0.429842623008818,-0.90290382624336,0.));
#11224=DIRECTION('ref_axis',(0.,0.,-1.));
#11225=DIRECTION('',(0.175984150775592,0.0837802286120457,-0.980821315005698));
#11226=DIRECTION('center_axis',(0.429777445243259,-0.902934852220472,-1.43447302392074E-5));
#11227=DIRECTION('ref_axis',(0.,1.58867831960645E-5,-0.999999999873805));
#11228=DIRECTION('',(-3.33771127125992E-5,0.,-0.999999999442984));
#11229=DIRECTION('',(-0.902934852313371,-0.429777445287477,0.));
#11230=DIRECTION('center_axis',(-0.615183830278471,0.788383697535421,2.05982443712408E-5));
#11231=DIRECTION('ref_axis',(3.34830718004571E-5,0.,0.999999999439442));
#11232=DIRECTION('center_axis',(-0.576052078018255,0.817412994173397,1.91659171942042E-5));
#11233=DIRECTION('ref_axis',(3.32711536247402E-5,0.,0.999999999446515));
#11234=DIRECTION('center_axis',(-0.535315309176157,0.844652306834218,1.79240009430766E-5));
#11235=DIRECTION('ref_axis',(3.34830718004571E-5,0.,0.999999999439442));
#11236=DIRECTION('',(-0.844652306969899,-0.535315309262147,0.));
#11237=DIRECTION('center_axis',(-0.45042272298767,0.89281541787223,1.50335594494564E-5));
#11238=DIRECTION('ref_axis',(0.,-1.68383734715887E-5,0.999999999858235));
#11239=DIRECTION('',(-0.892815417973122,-0.450422723038569,0.));
#11240=DIRECTION('',(-3.33765564520471E-5,0.,-0.999999999443003));
#11241=DIRECTION('center_axis',(-0.406155978538708,0.91380376509252,0.));
#11242=DIRECTION('ref_axis',(0.,0.,1.));
#11243=DIRECTION('',(-0.206862728016861,-0.0919437377371366,-0.974040122812375));
#11244=DIRECTION('',(0.,0.,-1.));
#11245=DIRECTION('center_axis',(-0.406209285745324,0.913780069814645,1.35578671645762E-5));
#11246=DIRECTION('ref_axis',(0.,-1.48371228602458E-5,0.99999999988993));
#11247=DIRECTION('',(-0.913780069898629,-0.406209285782658,0.));
#11248=DIRECTION('center_axis',(-0.360999218214675,0.932566117925806,1.20493133262347E-5));
#11249=DIRECTION('ref_axis',(0.,-1.29205995088356E-5,0.999999999916529));
#11250=DIRECTION('',(-0.211163416316541,-0.0817294241916145,-0.974027880930949));
#11251=DIRECTION('center_axis',(-0.360950880389504,0.932584828284292,0.));
#11252=DIRECTION('ref_axis',(0.,0.,1.));
#11253=DIRECTION('',(-0.932584825865794,-0.36095087945344,7.20184256199691E-5));
#11254=DIRECTION('center_axis',(-0.314736080378758,0.949179224228921,0.));
#11255=DIRECTION('ref_axis',(0.,0.,1.));
#11256=DIRECTION('',(-0.949179221766596,-0.314736079562282,-7.20300189472229E-5));
#11257=DIRECTION('center_axis',(0.710897014192584,-0.703296121596468,-2.36523637836618E-5));
#11258=DIRECTION('ref_axis',(-3.32711536247402E-5,0.,-0.999999999446515));
#11259=DIRECTION('',(-3.32711536247402E-5,0.,-0.999999999446515));
#11260=DIRECTION('',(-0.703296121793192,-0.710897014391434,0.));
#11261=DIRECTION('center_axis',(0.675256247869179,-0.73758321510789,-2.2466554371356E-5));
#11262=DIRECTION('ref_axis',(-3.32711536247402E-5,0.,-0.999999999446515));
#11263=DIRECTION('',(0.143759742632004,0.13164168871044,-0.980817823141405));
#11264=DIRECTION('center_axis',(0.598989277974086,-0.800757044846989,0.));
#11265=DIRECTION('ref_axis',(0.,0.,-1.));
#11266=DIRECTION('',(0.,0.,-1.));
#11267=DIRECTION('',(-0.156166239442363,-0.116816834281344,-0.980798619945458));
#11268=DIRECTION('center_axis',(0.675339624251332,-0.73750687584325,0.));
#11269=DIRECTION('ref_axis',(0.,0.,-1.));
#11270=DIRECTION('',(0.,0.,-1.));
#11271=DIRECTION('',(-0.73750687584325,-0.675339624251331,0.));
#11272=DIRECTION('center_axis',(0.0966249680876596,-0.995320860593046,3.22122309244702E-6));
#11273=DIRECTION('ref_axis',(0.,-3.23636650246718E-6,-0.999999999994763));
#11274=DIRECTION('',(0.193945357894261,0.018831237479983,0.980831577104978));
#11275=DIRECTION('',(-0.99532086059821,-0.0966249680881609,0.));
#11276=DIRECTION('',(-3.33373780546522E-5,0.,0.99999999944431));
#11277=DIRECTION('center_axis',(0.0966249712930112,-0.995320860281875,3.22058330594006E-6));
#11278=DIRECTION('ref_axis',(0.,-3.23572370924802E-6,-0.999999999994765));
#11279=DIRECTION('',(-0.995320860287037,-0.0966249712935123,0.));
#11280=DIRECTION('center_axis',(0.317990095260621,-0.314590153338724,0.894379860427581));
#11281=DIRECTION('ref_axis',(0.942218558555343,0.,-0.334998787928989));
#11282=DIRECTION('',(-0.620722740580955,0.643979015291451,0.447207230699506));
#11283=DIRECTION('center_axis',(0.637805797221826,-0.770197224761445,0.));
#11284=DIRECTION('ref_axis',(0.,0.,-1.));
#11285=DIRECTION('',(-0.770197224761445,-0.637805797221826,0.));
#11286=DIRECTION('center_axis',(0.599069540932773,-0.800696999325798,-1.99314025584554E-5));
#11287=DIRECTION('ref_axis',(-3.32705991300946E-5,0.,-0.999999999446534));
#11288=DIRECTION('',(-0.80069699948484,-0.599069541051766,0.));
#11289=DIRECTION('center_axis',(0.558512467537347,-0.829496126125884,-1.86412229123155E-5));
#11290=DIRECTION('ref_axis',(-3.33765564520471E-5,0.,-0.999999999443003));
#11291=DIRECTION('',(-0.829496126270007,-0.558512467634387,0.));
#11292=DIRECTION('',(0.161683239828335,0.108885847713438,-0.980817211373423));
#11293=DIRECTION('center_axis',(0.30205384078304,-0.329944884082959,0.89437120410694));
#11294=DIRECTION('ref_axis',(0.947426924465396,0.,-0.319972221916279));
#11295=DIRECTION('',(-0.570143591692064,-0.814428582477421,-0.107899809528525));
#11296=DIRECTION('center_axis',(0.0473950714367552,-0.99887622216344,0.));
#11297=DIRECTION('ref_axis',(0.,0.,-1.));
#11298=DIRECTION('',(0.194757946590765,0.00924095156810605,0.980807803320235));
#11299=DIRECTION('',(-0.998876222163439,-0.0473950714367552,0.));
#11300=DIRECTION('center_axis',(0.047387133565694,-0.998876598769804,1.5797627874837E-6));
#11301=DIRECTION('ref_axis',(0.,-1.5815394908914E-6,-0.999999999998749));
#11302=DIRECTION('',(-0.99887659877105,-0.0473871335657531,0.));
#11303=DIRECTION('center_axis',(0.302237845416285,-0.330059841197183,0.89426661909467));
#11304=DIRECTION('ref_axis',(0.947356465575778,0.,-0.320180772582879));
#11305=DIRECTION('',(0.587013507517147,-0.674708392122915,-0.447418962038185));
#11306=DIRECTION('center_axis',(0.558590268612176,-0.829443736375034,0.));
#11307=DIRECTION('ref_axis',(0.,0.,-1.));
#11308=DIRECTION('center_axis',(0.285340448793254,-0.344569495495374,0.894344839005921));
#11309=DIRECTION('ref_axis',(0.952686592000272,0.,-0.30395436733646));
#11310=DIRECTION('',(0.552818084340054,-0.70309859921405,-0.447263373651178));
#11311=DIRECTION('',(-0.609877630969041,-0.785115187022284,-0.107904672514931));
#11312=DIRECTION('center_axis',(0.285464902805808,-0.344656124809436,0.894271739963538));
#11313=DIRECTION('ref_axis',(0.952640996196725,0.,-0.304097241627264));
#11314=DIRECTION('center_axis',(0.384075510920743,-0.923301685120652,-1.28193316252913E-5));
#11315=DIRECTION('ref_axis',(0.,1.38842285578419E-5,-0.999999999903614));
#11316=DIRECTION('',(-3.33771127125992E-5,0.,-0.999999999442984));
#11317=DIRECTION('',(-0.923301685196517,-0.384075510952302,0.));
#11318=DIRECTION('center_axis',(0.268003438383805,-0.358204739618018,0.894350893961451));
#11319=DIRECTION('ref_axis',(0.957915215942978,0.,-0.287051282987759));
#11320=DIRECTION('',(-0.906275273162575,-0.408686826624097,0.107889790981472));
#11321=DIRECTION('center_axis',(0.338149493012097,-0.941092407922135,-1.12685387423101E-5));
#11322=DIRECTION('ref_axis',(0.,1.1973891879951E-5,-0.999999999928313));
#11323=DIRECTION('',(-3.33241331686699E-5,0.,-0.999999999444751));
#11324=DIRECTION('',(-0.18345883477709,-0.0659079375087198,-0.980815476894395));
#11325=DIRECTION('',(-0.941092407981885,-0.338149493033566,0.));
#11326=DIRECTION('center_axis',(0.338149577853395,-0.941092377437086,-1.12864565800174E-5));
#11327=DIRECTION('ref_axis',(0.,1.19929316715353E-5,-0.999999999928085));
#11328=DIRECTION('',(-0.941092377497026,-0.338149577874933,0.));
#11329=DIRECTION('center_axis',(0.290580892156025,-0.95685042980606,9.68335635185493E-6));
#11330=DIRECTION('ref_axis',(0.,-1.01200313546619E-5,-0.999999999948792));
#11331=DIRECTION('',(-3.33241331686699E-5,0.,0.999999999444751));
#11332=DIRECTION('',(-0.186563083526165,-0.0566662908568963,-0.980807395641841));
#11333=DIRECTION('',(-0.956850429850921,-0.290580892169648,0.));
#11334=DIRECTION('center_axis',(0.290674122837121,-0.956822112108119,-9.68646318348892E-6));
#11335=DIRECTION('ref_axis',(0.,1.01235778943808E-5,-0.999999999948757));
#11336=DIRECTION('',(0.956822112153008,0.290674122850758,0.));
#11337=DIRECTION('center_axis',(0.243377998621428,-0.969931518057461,8.11036084088809E-6));
#11338=DIRECTION('ref_axis',(0.,-8.36178708456413E-6,-0.99999999996504));
#11339=DIRECTION('',(-0.969931518089361,-0.243377998629433,0.));
#11340=DIRECTION('',(-0.969931518089361,-0.243377998629433,0.));
#11341=DIRECTION('',(-3.33241331686699E-5,0.,0.999999999444751));
#11342=DIRECTION('center_axis',(0.268210265287094,-0.358735974729907,0.894075921848481));
#11343=DIRECTION('ref_axis',(0.957829974154399,0.,-0.287335588835395));
#11344=DIRECTION('',(0.517668730342397,-0.729031836032144,-0.44780762351404));
#11345=DIRECTION('center_axis',(0.250167966242267,-0.371546511385397,0.894074481541414));
#11346=DIRECTION('ref_axis',(0.963012354917619,0.,-0.269457240162555));
#11347=DIRECTION('',(-0.925359516504651,-0.363410465898443,0.107900873442968));
#11348=DIRECTION('center_axis',(0.250064448447607,-0.37123603528382,0.894232395817409));
#11349=DIRECTION('ref_axis',(0.963053620972854,0.,-0.26930971599828));
#11350=DIRECTION('',(0.481509292221108,-0.753587627054927,-0.447498033352609));
#11351=DIRECTION('center_axis',(0.231267260312999,-0.383242881698846,0.894226116781703));
#11352=DIRECTION('ref_axis',(0.9681464168252,0.,-0.250384735134804));
#11353=DIRECTION('',(-0.942319701787842,-0.316840368878918,0.107915523772733));
#11354=DIRECTION('center_axis',(0.231314248575406,-0.383411371202854,0.894141733081698));
#11355=DIRECTION('ref_axis',(0.968128353445431,0.,-0.250454569243681));
#11356=DIRECTION('',(-0.442297439366497,0.777152584769635,0.447668219908132));
#11357=DIRECTION('center_axis',(0.194912251279633,-0.98082068404929,6.49528182145424E-6));
#11358=DIRECTION('ref_axis',(0.,-6.62229286855598E-6,-0.999999999978073));
#11359=DIRECTION('',(-0.980820684069979,-0.194912251283745,0.));
#11360=DIRECTION('',(-0.980820684069979,-0.194912251283745,0.));
#11361=DIRECTION('center_axis',(-0.257807114930646,0.365975485049867,0.894202122472124));
#11362=DIRECTION('ref_axis',(0.960862442967457,0.,0.277025929643076));
#11363=DIRECTION('',(-0.691282476306296,-0.716454319267713,0.0939241521360326));
#11364=DIRECTION('',(0.497694057423833,-0.742957835752332,0.447564832732883));
#11365=DIRECTION('center_axis',(-0.258084934271022,0.366219915802552,0.894021890096598));
#11366=DIRECTION('ref_axis',(0.960768050901396,0.,0.277353118545893));
#11367=DIRECTION('center_axis',(-0.239340600225673,0.377833641268612,0.89440360945678));
#11368=DIRECTION('ref_axis',(0.966010592874764,0.,0.258502484424708));
#11369=DIRECTION('',(0.459667628133888,-0.76730886515901,0.447149613769439));
#11370=DIRECTION('',(-0.725433705264501,-0.681854174755174,0.0939192399626289));
#11371=DIRECTION('center_axis',(-0.23964985132338,0.378133777015071,0.894193936146404));
#11372=DIRECTION('ref_axis',(0.965911969057555,0.,0.258870755457926));
#11373=DIRECTION('center_axis',(-0.220580162454927,0.389007381426354,0.894437057107525));
#11374=DIRECTION('ref_axis',(0.970911232349433,0.,0.239439718713718));
#11375=DIRECTION('',(-0.943130716095531,-0.318884404455527,-0.0938998879241875));
#11376=DIRECTION('',(0.42204791931732,-0.788662742720668,0.447086828305459));
#11377=DIRECTION('center_axis',(-0.150217000745056,-0.988653049703059,0.));
#11378=DIRECTION('ref_axis',(0.,0.,-1.));
#11379=DIRECTION('center_axis',(-0.000925572200705241,-0.447460753815534,
0.894303090183041));
#11380=DIRECTION('ref_axis',(0.999999464424383,0.,0.00103496422538571));
#11381=DIRECTION('',(0.0257021239350487,0.893997391400374,0.447334399520709));
#11382=DIRECTION('',(0.970944426441176,0.213607730090944,0.107882614021959));
#11383=DIRECTION('center_axis',(-0.000988939344576215,-0.447230782135465,
0.894418050751143));
#11384=DIRECTION('ref_axis',(0.999999388737425,0.,0.00110567842324301));
#11385=DIRECTION('',(-0.0196736750134283,0.894254078665103,0.447127039332552));
#11386=DIRECTION('center_axis',(-0.0231529005167947,-0.446829843312944,
0.89431931340131));
#11387=DIRECTION('ref_axis',(0.999665052026504,0.,0.0258801807730838));
#11388=DIRECTION('',(-0.980330987762358,-0.165231177046049,-0.107934297444583));
#11389=DIRECTION('center_axis',(-0.0232588306954675,-0.446354569687459,
0.894553869207329));
#11390=DIRECTION('ref_axis',(0.999662158781428,0.,0.0259916967598224));
#11391=DIRECTION('',(0.069705866888135,0.891894184087978,0.446839855553881));
#11392=DIRECTION('center_axis',(-0.0450783957267955,-0.444655619369333,
0.894566553366474));
#11393=DIRECTION('ref_axis',(0.998732769965283,0.,0.0503274696112743));
#11394=DIRECTION('',(-0.987263495886157,-0.116935865374152,-0.107873968499552));
#11395=DIRECTION('center_axis',(-0.0450071637228624,-0.445070139138591,
0.894363978736162));
#11396=DIRECTION('ref_axis',(0.998736192896493,0.,0.0502594966013285));
#11397=DIRECTION('',(-0.112699844852366,-0.887293760346522,-0.447223129791362));
#11398=DIRECTION('center_axis',(-0.0672454582543352,-0.442501006112834,
0.894243204018512));
#11399=DIRECTION('ref_axis',(0.997184552041626,0.,0.0749864599080531));
#11400=DIRECTION('',(0.155722207808178,0.880633505767028,0.447476504987491));
#11401=DIRECTION('',(-0.991878159912003,-0.0673341375588988,-0.107906579080141));
#11402=DIRECTION('center_axis',(-0.0672765188467114,-0.442243693190115,
0.894368148943954));
#11403=DIRECTION('ref_axis',(0.997182745515265,0.,0.0750104795787816));
#11404=DIRECTION('center_axis',(-0.0890736198690766,-0.438638621071837,
0.894238251445115));
#11405=DIRECTION('ref_axis',(0.995075699131548,0.,0.0991178742602012));
#11406=DIRECTION('',(-0.993996232685666,-0.0181275064198461,-0.10790219144068));
#11407=DIRECTION('center_axis',(-0.0891291978860241,-0.437852080226847,
0.894618098366681));
#11408=DIRECTION('ref_axis',(0.995073752547858,0.,0.0991374146844889));
#11409=DIRECTION('',(0.200132778663442,0.872001477385302,0.446721719129818));
#11410=DIRECTION('center_axis',(-0.295091091537745,-0.955469124406991,0.));
#11411=DIRECTION('ref_axis',(0.,0.,-1.));
#11412=DIRECTION('',(0.,0.,-1.));
#11413=DIRECTION('',(-0.955469124406991,0.295091091537745,0.));
#11414=DIRECTION('center_axis',(0.31508284079514,0.949064172454352,0.));
#11415=DIRECTION('ref_axis',(0.,0.,1.));
#11416=DIRECTION('',(-0.949064172454352,0.31508284079514,0.));
#11417=DIRECTION('',(0.,0.,-1.));
#11418=DIRECTION('center_axis',(0.14084430013049,0.424238523465534,0.89453035629236));
#11419=DIRECTION('ref_axis',(0.987830467992294,0.,-0.15553445440199));
#11420=DIRECTION('',(-0.987063654252093,0.130084014103165,0.0937202845136136));
#11421=DIRECTION('center_axis',(-0.110462565497498,-0.432957173189545,0.894620650224121));
#11422=DIRECTION('ref_axis',(0.992463132416966,0.,0.122543587319382));
#11423=DIRECTION('',(-0.993692958403985,0.0306353561305501,-0.107869269827373));
#11424=DIRECTION('center_axis',(-0.110448948883889,-0.433591528961152,0.894315053939927));
#11425=DIRECTION('ref_axis',(0.992459877117601,0.,0.122569948648584));
#11426=DIRECTION('',(-0.243339806875164,-0.860636063949455,-0.447315664625717));
#11427=DIRECTION('center_axis',(-0.342137784085247,-0.939649794711432,0.));
#11428=DIRECTION('ref_axis',(0.,0.,-1.));
#11429=DIRECTION('',(-0.939649794711432,0.342137784085247,0.));
#11430=DIRECTION('',(0.,0.,-1.));
#11431=DIRECTION('center_axis',(-0.131946129125946,-0.427225545196554,0.894465512213962));
#11432=DIRECTION('ref_axis',(0.989294226898835,0.,0.145934686160066));
#11433=DIRECTION('',(-0.286089031174824,-0.847543311024189,-0.4470161095303));
#11434=DIRECTION('',(-0.990923779597401,0.0802402328153357,-0.107849747640604));
#11435=DIRECTION('center_axis',(-0.131954419786816,-0.42751633049379,0.894325342512359));
#11436=DIRECTION('ref_axis',(0.989289600194292,0.,0.14596604724188));
#11437=DIRECTION('center_axis',(-0.153119277269741,-0.42052793975256,0.894265474462623));
#11438=DIRECTION('ref_axis',(0.985655894501073,0.,0.16876746616362));
#11439=DIRECTION('',(0.327507277641108,0.832199384685727,0.447418335812032));
#11440=DIRECTION('',(-0.985696239405228,0.129469614791264,-0.107891345659387));
#11441=DIRECTION('center_axis',(-0.153085309556466,-0.420094893919779,0.894474800148406));
#11442=DIRECTION('ref_axis',(0.985668688118235,0.,0.168692730321369));
#11443=DIRECTION('center_axis',(-0.232828112402593,-0.382375120026606,-0.894192561845425));
#11444=DIRECTION('ref_axis',(-0.967733348592673,0.,0.251976518790168));
#11445=DIRECTION('',(-0.484045252755675,-0.751918157009773,0.447570417301815));
#11446=DIRECTION('',(0.854121124693856,-0.520074133515311,0.));
#11447=DIRECTION('',(-0.94102538839667,0.320670271167947,0.107897152798262));
#11448=DIRECTION('center_axis',(-0.232514548411784,-0.381268569633621,-0.894746479504892));
#11449=DIRECTION('ref_axis',(-0.967853989328103,0.,0.251512733955313));
#11450=DIRECTION('',(-0.447138469815062,-0.775069819319575,0.44646832361475));
#11451=DIRECTION('center_axis',(-0.251654897373521,-0.370255533583934,-0.894192737880597));
#11452=DIRECTION('ref_axis',(-0.96260513957937,0.,0.270908370589359));
#11453=DIRECTION('',(-0.92382006683273,0.367305323501909,0.10790404739549));
#11454=DIRECTION('center_axis',(-0.251600428898878,-0.370094446046142,-0.89427474815277));
#11455=DIRECTION('ref_axis',(-0.962626905191079,0.,0.27083102001478));
#11456=DIRECTION('',(-0.521449690248567,-0.726581808171993,0.447402611272207));
#11457=DIRECTION('',(-0.826992781212304,0.562212539723847,0.));
#11458=DIRECTION('center_axis',(-0.269547022079245,-0.357218709563735,-0.89428138548548));
#11459=DIRECTION('ref_axis',(-0.957453428126946,0.,0.28858782539802));
#11460=DIRECTION('',(-0.904549448853955,0.412497517250144,0.10787072281427));
#11461=DIRECTION('center_axis',(-0.26952799270887,-0.357170439142845,-0.894306400820678));
#11462=DIRECTION('ref_axis',(-0.957461287553571,0.,0.288561748740642));
#11463=DIRECTION('',(-0.557144837053715,-0.699630092127077,0.447333616817076));
#11464=DIRECTION('',(-0.798226333011952,0.602357635700165,0.));
#11465=DIRECTION('center_axis',(-0.286874603885142,-0.343363855501247,-0.894317742405383));
#11466=DIRECTION('ref_axis',(-0.952209751941912,0.,0.305444902243797));
#11467=DIRECTION('',(0.767409413656584,-0.641157384603233,0.));
#11468=DIRECTION('',(0.606463972464988,-0.787754121243698,0.107911512664571));
#11469=DIRECTION('center_axis',(-0.520074133437454,-0.85412112456599,1.73034663994284E-5));
#11470=DIRECTION('ref_axis',(3.32711536247402E-5,0.,0.999999999446515));
#11471=DIRECTION('',(0.854121124693856,-0.520074133515311,0.));
#11472=DIRECTION('',(-3.32711536247402E-5,0.,-0.999999999446515));
#11473=DIRECTION('',(-3.32711536247402E-5,0.,-0.999999999446515));
#11474=DIRECTION('center_axis',(-0.286223092043052,-0.342914483568247,-0.894698831194295));
#11475=DIRECTION('ref_axis',(-0.952449029995228,0.,0.30469795742858));
#11476=DIRECTION('',(-0.591220962361204,-0.671605698966475,0.446546256036755));
#11477=DIRECTION('center_axis',(-0.562212539625489,-0.826992781067624,1.87054597859882E-5));
#11478=DIRECTION('ref_axis',(3.32711536247402E-5,0.,0.999999999446515));
#11479=DIRECTION('',(0.161163998866118,-0.109585923783631,-0.980824699310723));
#11480=DIRECTION('center_axis',(-0.562212043823335,-0.826993118124706,1.88245862409708E-5));
#11481=DIRECTION('ref_axis',(3.34830718004571E-5,0.,0.999999999439442));
#11482=DIRECTION('',(-0.826993118271234,0.562212043922949,0.));
#11483=DIRECTION('',(-3.34830718004571E-5,0.,-0.999999999439442));
#11484=DIRECTION('center_axis',(-0.303468640953611,-0.328395701288647,-0.89446243483609));
#11485=DIRECTION('ref_axis',(-0.946981820107763,0.,0.321287149424606));
#11486=DIRECTION('',(0.56620296245599,-0.817170407087707,0.107920021711319));
#11487=DIRECTION('',(-0.62294927054764,-0.641944379906202,0.447036485570255));
#11488=DIRECTION('center_axis',(-0.602357635577652,-0.798226332849601,2.01687839729059E-5));
#11489=DIRECTION('ref_axis',(3.34830718004571E-5,0.,0.999999999439442));
#11490=DIRECTION('',(0.155583675102473,-0.117431350876789,-0.980817820939679));
#11491=DIRECTION('center_axis',(-0.3192255390867,-0.313104184103942,-0.894461192613414));
#11492=DIRECTION('ref_axis',(-0.941816890515858,0.,0.336126382093165));
#11493=DIRECTION('',(0.525509690271488,-0.843922434304893,0.107863294533723));
#11494=DIRECTION('center_axis',(-0.319239773586711,-0.313112046804763,-0.894453359938928));
#11495=DIRECTION('ref_axis',(-0.941811213789305,0.,0.336142287700783));
#11496=DIRECTION('',(-0.654473638978706,-0.609767470782487,0.447043496158371));
#11497=DIRECTION('center_axis',(-0.641157384603233,-0.767409413656584,0.));
#11498=DIRECTION('ref_axis',(0.,0.,1.));
#11499=DIRECTION('',(0.,0.,-1.));
#11500=DIRECTION('',(-0.149631556580756,0.12501459555246,-0.98080668236614));
#11501=DIRECTION('center_axis',(-0.303031327749967,-0.328125372540726,-0.894709871576872));
#11502=DIRECTION('ref_axis',(-0.947149581898134,0.,0.320792252883686));
#11503=DIRECTION('',(-0.734640094572813,0.678457022548996,0.));
#11504=DIRECTION('center_axis',(-0.678457022548996,-0.734640094572813,0.));
#11505=DIRECTION('ref_axis',(0.,0.,1.));
#11506=DIRECTION('',(0.14320362894376,-0.132251844718455,-0.980817093155448));
#11507=DIRECTION('center_axis',(-0.220596727756783,0.389064951410274,0.894407931140551));
#11508=DIRECTION('ref_axis',(0.970905239010407,0.,0.239464019974077));
#11509=DIRECTION('center_axis',(-0.201302068753259,0.399323989249683,0.894437157504862));
#11510=DIRECTION('ref_axis',(0.975597208742634,0.,0.219567953703589));
#11511=DIRECTION('',(-0.957599239163586,-0.272365404179422,-0.0939190276754474));
#11512=DIRECTION('center_axis',(-0.201165780532385,0.398745225854273,0.894725976822637));
#11513=DIRECTION('ref_axis',(0.975644204242516,0.,0.219359036121123));
#11514=DIRECTION('',(0.382202221089512,-0.809050802001476,0.446495534104219));
#11515=DIRECTION('center_axis',(0.211912061414329,-0.393946696908452,0.89437088404199));
#11516=DIRECTION('ref_axis',(0.973058963600584,0.,-0.230556399513346));
#11517=DIRECTION('',(-0.404287104305104,0.797839167582944,0.447218738385535));
#11518=DIRECTION('',(-0.956865287248506,-0.269752191939769,0.107900773873613));
#11519=DIRECTION('center_axis',(0.192245677001954,-0.403874056907948,0.894386575162427));
#11520=DIRECTION('ref_axis',(0.977669768808029,0.,-0.210147146444712));
#11521=DIRECTION('',(-0.968992035894265,-0.222285515410814,0.107905440141058));
#11522=DIRECTION('',(0.363104218780065,-0.817430672324204,-0.447171580322049));
#11523=DIRECTION('center_axis',(0.192251701134773,-0.403908495605223,0.8943697281263));
#11524=DIRECTION('ref_axis',(0.977667602509456,0.,-0.210157224485415));
#11525=DIRECTION('center_axis',(0.212014295487908,-0.394398734393814,0.894147402175572));
#11526=DIRECTION('ref_axis',(0.973021064222944,0.,-0.230716294566401));
#11527=DIRECTION('center_axis',(0.171786625213842,-0.41296796080774,0.894397461279903));
#11528=DIRECTION('ref_axis',(0.982049769855749,0.,-0.188621975194486));
#11529=DIRECTION('',(-0.978903163999606,-0.173509039155471,0.107903701710862));
#11530=DIRECTION('center_axis',(0.17179930287306,-0.413070427077643,0.8943477074417));
#11531=DIRECTION('ref_axis',(0.982045247206501,0.,-0.188645520591192));
#11532=DIRECTION('',(0.323825873050331,-0.83371715242415,-0.447272303744551));
#11533=DIRECTION('center_axis',(-0.181729207523177,0.408502702067994,0.894483111934566));
#11534=DIRECTION('ref_axis',(0.979979341536549,0.,0.19909919678791));
#11535=DIRECTION('',(0.343292152857839,-0.826043678885564,0.446992548438375));
#11536=DIRECTION('',(-0.816933454952709,-0.569036431256827,0.0939003199223728));
#11537=DIRECTION('center_axis',(-0.181409145523376,0.408085357667808,0.894738544367916));
#11538=DIRECTION('ref_axis',(0.980058757646797,0.,0.198707905126638));
#11539=DIRECTION('center_axis',(-0.161367164875786,0.416965095674063,0.894483508562047));
#11540=DIRECTION('ref_axis',(0.984114167768793,0.,0.177536770266713));
#11541=DIRECTION('',(-0.979600471599721,-0.177665643692343,-0.0939033284446869));
#11542=DIRECTION('center_axis',(-0.161395134035675,0.41717328722789,0.894381383489774));
#11543=DIRECTION('ref_axis',(0.984105247795545,0.,0.177586207970293));
#11544=DIRECTION('',(0.302076571758291,-0.84188180362739,0.447196571449123));
#11545=DIRECTION('center_axis',(-0.140878866041304,0.424536016765998,0.894383763029817));
#11546=DIRECTION('ref_axis',(0.987820683744516,0.,0.155596583402457));
#11547=DIRECTION('',(-0.987105075594324,-0.129586181209749,-0.0939733546033059));
#11548=DIRECTION('center_axis',(-0.140892651025268,0.424698561011745,0.894304418619088));
#11549=DIRECTION('ref_axis',(0.98781622120488,0.,0.155624911644989));
#11550=DIRECTION('center_axis',(0.151347278726228,-0.421553616905732,-0.894084195865166));
#11551=DIRECTION('ref_axis',(-0.985973496309215,0.,-0.16690196097045));
#11552=DIRECTION('',(0.986245587564208,0.125189749495101,0.10792204423325));
#11553=DIRECTION('',(0.280534189274179,-0.848994598657383,0.447782022974201));
#11554=DIRECTION('center_axis',(0.15131520642017,-0.42112022909376,-0.894293833677747));
#11555=DIRECTION('ref_axis',(-0.985985751109012,0.,-0.166829549570805));
#11556=DIRECTION('center_axis',(0.151284367623236,-0.421034283406212,0.894339517358735));
#11557=DIRECTION('ref_axis',(0.985992744599329,0.,-0.166788211806116));
#11558=DIRECTION('',(-0.98625002004721,-0.125169771434787,0.107904709238485));
#11559=DIRECTION('center_axis',(0.151316445266284,-0.42146773523894,0.894129901940727));
#11560=DIRECTION('ref_axis',(0.985980494647142,0.,-0.16686061301391));
#11561=DIRECTION('',(-0.281152742633444,0.848834693307237,0.447697217712709));
#11562=DIRECTION('center_axis',(0.130150955087901,-0.427836986366961,0.894436270500109));
#11563=DIRECTION('ref_axis',(0.989578379410416,0.,-0.143995246461315));
#11564=DIRECTION('',(-0.23896644409526,0.861980429622683,0.44708475431842));
#11565=DIRECTION('',(-0.991254948614271,-0.0759637711474496,0.107903347124997));
#11566=DIRECTION('center_axis',(0.130147624111032,-0.428561593107134,-0.894089792387615));
#11567=DIRECTION('ref_axis',(-0.989570952132877,0.,-0.144046279697991));
#11568=DIRECTION('',(0.991257753735069,0.0759515873747598,0.107886153121516));
#11569=DIRECTION('center_axis',(0.108836920111858,-0.433746516705469,0.894437523847495));
#11570=DIRECTION('ref_axis',(0.992677959825842,0.,-0.120791009913833));
#11571=DIRECTION('',(-0.993796363372118,-0.0267707037440943,0.10794497472972));
#11572=DIRECTION('center_axis',(0.108816156968479,-0.433879113054894,-0.894375737169401));
#11573=DIRECTION('ref_axis',(-0.992679722419111,0.,-0.120776523786361));
#11574=DIRECTION('',(0.993798353075401,0.0267663973462476,0.107927723026682));
#11575=DIRECTION('',(0.194977705235065,-0.872925908021426,0.447195766489618));
#11576=DIRECTION('center_axis',(0.1088319499152,-0.433942083756181,0.894343264425354));
#11577=DIRECTION('ref_axis',(0.992677094782545,0.,-0.120798118752262));
#11578=DIRECTION('',(0.194332476204053,-0.873040059577551,-0.447253779263213));
#11579=DIRECTION('center_axis',(0.1301663039986,-0.428472946616706,0.89412955846507));
#11580=DIRECTION('ref_axis',(0.989568918303642,0.,-0.144060251031852));
#11581=DIRECTION('center_axis',(0.0871833325695797,-0.438716475373896,-0.894386337528457));
#11582=DIRECTION('ref_axis',(-0.995282574933485,0.,-0.0970185344858007));
#11583=DIRECTION('',(-0.993909195773081,0.0224418404551266,-0.107892883707377));
#11584=DIRECTION('center_axis',(0.130128345747673,-0.427762664115696,-0.894475106876439));
#11585=DIRECTION('ref_axis',(-0.989582834082397,0.,-0.143964629299879));
#11586=DIRECTION('',(0.239598427381668,-0.861841982631483,0.447013412069555));
#11587=DIRECTION('center_axis',(0.0871934557594409,-0.438767416420132,0.894360361130081));
#11588=DIRECTION('ref_axis',(0.995281214933277,0.,-0.0970324852868397));
#11589=DIRECTION('',(-0.99390724236688,0.0224454503196269,0.107910126172728));
#11590=DIRECTION('center_axis',(0.108821124063998,-0.433683564898952,-0.894469970705548));
#11591=DIRECTION('ref_axis',(-0.992680586997673,0.,-0.120769417477915));
#11592=DIRECTION('center_axis',(0.0872167066780997,-0.43845752849749,0.89451005683564));
#11593=DIRECTION('ref_axis',(0.99528028468875,0.,-0.0970420265136763));
#11594=DIRECTION('',(0.153077685221826,-0.8813685753363,-0.446941446608824));
#11595=DIRECTION('center_axis',(0.0872065763868112,-0.438406601299588,-0.894536005408298));
#11596=DIRECTION('ref_axis',(-0.995281645091126,0.,-0.0970280729722153));
#11597=DIRECTION('',(-0.153732103989934,0.881277778019313,-0.446895869495534));
#11598=DIRECTION('center_axis',(-0.173582356805229,-0.412480743710802,-0.894275573564282));
#11599=DIRECTION('ref_axis',(-0.981677976439016,0.,0.190547502147361));
#11600=DIRECTION('',(-0.978143081299917,0.177765804523754,0.107867656167763));
#11601=DIRECTION('center_axis',(-0.193646385869857,-0.402507770883483,-0.894700269150486));
#11602=DIRECTION('ref_axis',(-0.977369538277829,0.,0.211539087751139));
#11603=DIRECTION('',(-0.968113548928743,0.226128860482358,0.10780489245644));
#11604=DIRECTION('',(-0.368919566760664,-0.815153056475697,0.446568973149112));
#11605=DIRECTION('center_axis',(-0.193766578839938,-0.40317882682557,-0.894372040330099));
#11606=DIRECTION('ref_axis',(-0.977326312729271,0.,0.211738703233508));
#11607=DIRECTION('',(-0.407852837220626,-0.796028470344979,0.447207711887126));
#11608=DIRECTION('',(-0.901240362993279,0.433319513847739,-8.3848086372084E-5));
#11609=DIRECTION('center_axis',(-0.173473419867597,-0.411630964150031,-0.894688170231593));
#11610=DIRECTION('ref_axis',(-0.981716753500089,0.,0.190347618575187));
#11611=DIRECTION('',(-0.921576341799592,0.388197165372468,8.38573940768803E-5));
#11612=DIRECTION('center_axis',(-0.213460656300689,-0.393092087044343,-0.894378644263604));
#11613=DIRECTION('ref_axis',(-0.972680273089881,0.,0.23214884523037));
#11614=DIRECTION('',(-0.955782385132863,0.273574058404657,0.107876164363317));
#11615=DIRECTION('center_axis',(-0.388197166737381,-0.921576345039883,0.));
#11616=DIRECTION('ref_axis',(0.,0.,-1.));
#11617=DIRECTION('',(0.179641884176021,-0.0756708555290424,-0.980817370907139));
#11618=DIRECTION('center_axis',(-0.213291041803561,-0.392356154543557,-0.894742186039165));
#11619=DIRECTION('ref_axis',(-0.972743176697894,0.,0.231885127137749));
#11620=DIRECTION('',(0.878573771594305,-0.47760666648044,0.));
#11621=DIRECTION('center_axis',(0.140826392894417,0.424028047562195,-0.894632964933073));
#11622=DIRECTION('ref_axis',(-0.987836246038851,0.,-0.155497752433502));
#11623=DIRECTION('',(0.303748242882553,0.841552688179263,0.446683420292289));
#11624=DIRECTION('center_axis',(0.161467537951481,0.416923694837755,-0.894484693480398));
#11625=DIRECTION('ref_axis',(-0.98409490939018,0.,-0.17764348936095));
#11626=DIRECTION('',(0.979495496725925,-0.178362124749256,0.0936777686997521));
#11627=DIRECTION('',(0.343295841784979,0.826042297888639,0.446992267396204));
#11628=DIRECTION('center_axis',(0.161423690883939,0.416599396125723,-0.894643691739393));
#11629=DIRECTION('ref_axis',(-0.984108857447085,0.,-0.177566203693704));
#11630=DIRECTION('',(-0.932447931407376,0.361304380286352,0.));
#11631=DIRECTION('center_axis',(0.181836280060326,0.408457232091636,-0.894482116537755));
#11632=DIRECTION('ref_axis',(-0.979956404242122,0.,-0.199212062347766));
#11633=DIRECTION('',(0.913504338455774,-0.406828979427234,-7.15588904044747E-5));
#11634=DIRECTION('',(0.969502610431044,-0.226474590420247,0.0936693560422671));
#11635=DIRECTION('center_axis',(0.181955382869137,0.409098304996566,-0.894164870420373));
#11636=DIRECTION('ref_axis',(-0.979917106748514,0.,-0.199405275511012));
#11637=DIRECTION('',(0.382788481304275,0.808142956285729,0.447635946709521));
#11638=DIRECTION('center_axis',(0.201772528259524,0.399708562799244,-0.8941593323702));
#11639=DIRECTION('ref_axis',(-0.975472498223641,0.,-0.220121342012376));
#11640=DIRECTION('',(-0.892771300200281,0.450510155737638,-7.15258682467379E-5));
#11641=DIRECTION('',(0.95726520434505,-0.273611322856715,0.093702574963703));
#11642=DIRECTION('center_axis',(0.201639094740976,0.399145259892277,-0.894441019283869));
#11643=DIRECTION('ref_axis',(-0.975518610959584,0.,-0.219916892646934));
#11644=DIRECTION('',(0.422051335588282,0.788661159077334,0.447086396897674));
#11645=DIRECTION('center_axis',(0.406828979540671,0.91350434110646,-1.36216569187677E-5));
#11646=DIRECTION('ref_axis',(0.,1.49114309634856E-5,0.999999999888825));
#11647=DIRECTION('',(-0.207242456164576,0.0922808646430134,-0.973927515980328));
#11648=DIRECTION('',(-3.34825137739985E-5,0.,-0.999999999439461));
#11649=DIRECTION('center_axis',(0.450510156890031,0.892771302483967,0.));
#11650=DIRECTION('ref_axis',(0.,0.,1.));
#11651=DIRECTION('',(-0.202593825349968,0.102232873961587,-0.973911793445187));
#11652=DIRECTION('',(0.,0.,-1.));
#11653=DIRECTION('center_axis',(0.220718947201795,0.388582859263812,-0.894587339409905));
#11654=DIRECTION('ref_axis',(-0.970885561806979,0.,-0.239543786967534));
#11655=DIRECTION('',(0.94284507957504,-0.319780081754269,0.0937222238018824));
#11656=DIRECTION('',(0.461075027639173,0.766678054520463,0.446782474593906));
#11657=DIRECTION('center_axis',(0.220806086357417,0.388884504513949,-0.894434745734121));
#11658=DIRECTION('ref_axis',(-0.970854051885757,0.,-0.239671462500249));
#11659=DIRECTION('',(-0.869601568293264,0.493754101169697,0.));
#11660=DIRECTION('center_axis',(0.240290669362289,0.378146734220291,-0.894016466076521));
#11661=DIRECTION('ref_axis',(-0.96572578632601,0.,-0.259564453700831));
#11662=DIRECTION('',(0.844013281152975,-0.53632227367264,0.));
#11663=DIRECTION('',(0.49919674544641,0.741740563943294,0.447910197625368));
#11664=DIRECTION('',(-0.725039331719619,0.682300552157535,0.0937225905803482));
#11665=DIRECTION('center_axis',(0.239442780042487,0.377324668046137,-0.894591107696359));
#11666=DIRECTION('ref_axis',(-0.965996568216068,0.,-0.258554888166477));
#11667=DIRECTION('center_axis',(0.258367460218562,0.365991423960005,-0.894033854553583));
#11668=DIRECTION('ref_axis',(-0.960688101891741,0.,-0.277629917126459));
#11669=DIRECTION('',(-0.691014013167133,0.716740491528851,0.0937160680440298));
#11670=DIRECTION('center_axis',(0.257731313601175,0.365432026421598,-0.894446199642448));
#11671=DIRECTION('ref_axis',(-0.960904231342968,0.,-0.276880945872373));
#11672=DIRECTION('',(0.817200325498946,-0.576353735135304,0.));
#11673=DIRECTION('',(0.532253731903133,0.718905378261685,0.447080554242311));
#11674=DIRECTION('center_axis',(0.27546237827065,0.352295594796626,-0.894431826381625));
#11675=DIRECTION('ref_axis',(-0.955703116396389,0.,-0.294332385765192));
#11676=DIRECTION('center_axis',(0.450567959140151,0.892742131843618,-1.50861479064889E-5));
#11677=DIRECTION('ref_axis',(0.,1.68986624090208E-5,0.999999999857218));
#11678=DIRECTION('',(-0.892742131945208,0.450567959191424,0.));
#11679=DIRECTION('center_axis',(0.536322273588339,0.84401328102031,-1.77304043287988E-5));
#11680=DIRECTION('ref_axis',(-3.30592354490188E-5,0.,-0.999999999453543));
#11681=DIRECTION('',(-0.191569175245477,0.121710819280961,-0.973903346110755));
#11682=DIRECTION('',(-3.30592354490188E-5,0.,-0.999999999453543));
#11683=DIRECTION('center_axis',(0.576353735030682,0.817200325350605,-1.90538138387128E-5));
#11684=DIRECTION('ref_axis',(-3.30592354490188E-5,0.,-0.999999999453543));
#11685=DIRECTION('',(0.817200325498946,-0.576353735135304,0.));
#11686=DIRECTION('center_axis',(-0.38813690350874,-0.921601727410359,1.29957992252132E-5));
#11687=DIRECTION('ref_axis',(0.,-1.4101318213062E-5,-0.999999999900576));
#11688=DIRECTION('',(-0.921601727488184,0.388136903541516,0.));
#11689=DIRECTION('',(-3.34825137739985E-5,0.,-0.999999999439461));
#11690=DIRECTION('center_axis',(-0.433319515370966,-0.901240366161365,0.));
#11691=DIRECTION('ref_axis',(0.,0.,-1.));
#11692=DIRECTION('',(0.,0.,-1.));
#11693=DIRECTION('',(-0.175696574025979,0.0844755263610163,-0.980813233659478));
#11694=DIRECTION('center_axis',(-0.47760666642014,-0.878573771483381,1.58905247794597E-5));
#11695=DIRECTION('ref_axis',(0.,-1.80867279363816E-5,-0.999999999836435));
#11696=DIRECTION('',(-0.171306734144746,0.0931073238535361,-0.980808354920315));
#11697=DIRECTION('center_axis',(-0.602358148213489,-0.79822594600725,2.00411504974175E-5));
#11698=DIRECTION('ref_axis',(3.32711536247402E-5,0.,0.999999999446515));
#11699=DIRECTION('',(-3.32711536247402E-5,0.,-0.999999999446515));
#11700=DIRECTION('',(-0.798225946167553,0.602358148334457,0.));
#11701=DIRECTION('center_axis',(-0.678373588423024,-0.734717138782438,2.2570271887881E-5));
#11702=DIRECTION('ref_axis',(3.32711536247402E-5,0.,0.999999999446515));
#11703=DIRECTION('',(0.734717138969577,-0.678373588595812,0.));
#11704=DIRECTION('',(-3.32711536247402E-5,0.,-0.999999999446515));
#11705=DIRECTION('center_axis',(-0.232900515410636,-0.382494027956603,0.894122848661745));
#11706=DIRECTION('ref_axis',(0.967709445500437,0.,0.252068302428603));
#11707=DIRECTION('',(-0.483531983120653,-0.752162167277621,-0.447715194532909));
#11708=DIRECTION('',(-0.941006902667969,0.32071903144718,-0.107913446793335));
#11709=DIRECTION('center_axis',(-0.641239738189236,-0.76734060084934,2.13347858513907E-5));
#11710=DIRECTION('ref_axis',(3.32711536247402E-5,0.,0.999999999446515));
#11711=DIRECTION('',(0.767340601023977,-0.641239738335174,0.));
#11712=DIRECTION('center_axis',(-0.714085895193595,-0.700058093104492,2.37584615333962E-5));
#11713=DIRECTION('ref_axis',(3.32711536247402E-5,0.,0.999999999446515));
#11714=DIRECTION('center_axis',(-0.251685325686181,-0.370219803296942,0.894198967837144));
#11715=DIRECTION('ref_axis',(0.962597089366968,0.,0.270936973376175));
#11716=DIRECTION('',(-0.520958699219003,-0.726837348154341,-0.447559496643753));
#11717=DIRECTION('',(-0.923796394892114,0.367360157088792,-0.107920043402657));
#11718=DIRECTION('center_axis',(-0.251739501854306,-0.370380010705196,0.894117369743014));
#11719=DIRECTION('ref_axis',(0.962575426694002,0.,0.271013925702831));
#11720=DIRECTION('center_axis',(-0.269625297805658,-0.357298907712507,0.89422574852811));
#11721=DIRECTION('ref_axis',(0.957425305587844,0.,0.288681111644014));
#11722=DIRECTION('',(0.556682822403043,0.699891303974135,0.447500165209765));
#11723=DIRECTION('',(-0.904519905091622,0.412558177891742,-0.107886473423171));
#11724=DIRECTION('center_axis',(0.0653775235497187,-0.442248772150535,0.894506457744074));
#11725=DIRECTION('ref_axis',(0.997339738826642,0.,-0.0728933834940121));
#11726=DIRECTION('',(-0.991578093778359,0.0716400948053811,0.10789152309219));
#11727=DIRECTION('center_axis',(-0.269644732292744,-0.357348200574647,0.894200191172444));
#11728=DIRECTION('ref_axis',(0.957417273516581,0.,0.288707749068286));
#11729=DIRECTION('center_axis',(0.065314453779991,-0.44275297782784,0.894261607557879));
#11730=DIRECTION('ref_axis',(0.997343400272058,0.,-0.0728432696532064));
#11731=DIRECTION('',(-0.108502901155885,0.887710399566127,0.447434204037759));
#11732=DIRECTION('center_axis',(-0.286222853054741,-0.342914197244204,0.894699017389405));
#11733=DIRECTION('ref_axis',(0.952449122230871,0.,0.304697669110944));
#11734=DIRECTION('',(0.591221085331651,0.67160583865647,0.446545883131626));
#11735=DIRECTION('',(-0.606463979831442,0.787754130812204,0.107911401414855));
#11736=DIRECTION('center_axis',(-0.302993154177399,-0.328158800853941,0.894710539752234));
#11737=DIRECTION('ref_axis',(0.947161932533162,0.,0.320755784920625));
#11738=DIRECTION('',(0.566312737586015,-0.817095653644911,-0.107910036801169));
#11739=DIRECTION('center_axis',(-0.303591767406364,-0.328528941407534,0.894371719935691));
#11740=DIRECTION('ref_axis',(0.946932231288911,0.,0.321433273551765));
#11741=DIRECTION('center_axis',(0.0433560228435122,-0.445437447828049,0.894262676933141));
#11742=DIRECTION('ref_axis',(0.998826795099446,0.,-0.0484255448226442));
#11743=DIRECTION('',(-0.945041266252339,-0.308629197906559,-0.107912109050518));
#11744=DIRECTION('center_axis',(-0.287022056619867,-0.343465422161198,0.894231425746899));
#11745=DIRECTION('ref_axis',(0.952155497995257,0.,0.305613984688862));
#11746=DIRECTION('center_axis',(0.043204589779324,-0.445044680395084,0.894465536437284));
#11747=DIRECTION('ref_axis',(0.998835489454381,0.,-0.0482458807197796));
#11748=DIRECTION('',(0.0637004008212695,-0.892252706646066,-0.447020543619618));
#11749=DIRECTION('center_axis',(0.0211878505947586,-0.446620138101304,0.894472764945667));
#11750=DIRECTION('ref_axis',(0.99971956846441,0.,-0.0236808874270946));
#11751=DIRECTION('',(-0.979591112492322,0.169594258438163,0.107884381774489));
#11752=DIRECTION('center_axis',(0.0211603505506909,-0.446740999452158,0.894413058364567));
#11753=DIRECTION('ref_axis',(0.999720258310867,0.,-0.0236517467188662));
#11754=DIRECTION('center_axis',(-0.43338530972293,-0.901208728933423,1.45108296103805E-5));
#11755=DIRECTION('ref_axis',(0.,-1.61015191515876E-5,-0.999999999870371));
#11756=DIRECTION('',(-0.901208729028304,0.433385309768557,0.));
#11757=DIRECTION('center_axis',(-0.173582212005894,-0.412480399626653,0.894275760377624));
#11758=DIRECTION('ref_axis',(0.981678013617654,0.,0.190547310607356));
#11759=DIRECTION('',(-0.97814309317134,0.177765806681243,-0.107867544962196));
#11760=DIRECTION('center_axis',(-0.173522786243244,-0.412016734562399,0.89450100787809));
#11761=DIRECTION('ref_axis',(0.981699182712778,0.,0.190438217438267));
#11762=DIRECTION('',(-0.368282510284486,-0.815233501396246,-0.446947794288969));
#11763=DIRECTION('center_axis',(-0.477536434852506,-0.87861194698704,0.));
#11764=DIRECTION('ref_axis',(0.,0.,-1.));
#11765=DIRECTION('',(-0.87861194698704,0.477536434852506,0.));
#11766=DIRECTION('center_axis',(-0.193862489860822,-0.40312988039912,0.894373319455782));
#11767=DIRECTION('ref_axis',(0.977304682297306,0.,0.2118385185932));
#11768=DIRECTION('',(0.407852922303094,0.796028636405039,0.447207338705393));
#11769=DIRECTION('',(-0.968094905863071,0.226162482463175,-0.107901736631374));
#11770=DIRECTION('center_axis',(-0.193813164490951,-0.402854432096424,0.894508112769399));
#11771=DIRECTION('ref_axis',(0.97732244509346,0.,0.211756554365011));
#11772=DIRECTION('center_axis',(-0.213460478194533,-0.393091759058277,0.894378830926488));
#11773=DIRECTION('ref_axis',(0.972680327768947,0.,0.232148616130473));
#11774=DIRECTION('',(-0.955782396734731,0.273574061725465,-0.107876053149184));
#11775=DIRECTION('center_axis',(-0.213320788951798,-0.392485640957721,0.894678301202723));
#11776=DIRECTION('ref_axis',(0.97273214548131,0.,0.231931397502208));
#11777=DIRECTION('',(-0.446603491638271,-0.775301583030283,-0.446601362074997));
#11778=DIRECTION('center_axis',(-0.232586800883418,-0.381387046506147,0.894677204813074));
#11779=DIRECTION('ref_axis',(0.9678302181282,0.,0.251604190898962));
#11780=DIRECTION('center_axis',(0.361304380286352,0.932447931407376,0.));
#11781=DIRECTION('ref_axis',(0.,0.,1.));
#11782=DIRECTION('',(-0.932447931407376,0.361304380286352,0.));
#11783=DIRECTION('',(0.,0.,-1.));
#11784=DIRECTION('center_axis',(0.40677555808323,0.913528130571838,0.));
#11785=DIRECTION('ref_axis',(0.,0.,1.));
#11786=DIRECTION('',(-0.913528130571838,0.40677555808323,0.));
#11787=DIRECTION('center_axis',(0.140826275325613,0.424027693562712,0.894633151224457));
#11788=DIRECTION('ref_axis',(0.987836270953289,0.,-0.155497594158561));
#11789=DIRECTION('',(0.303748306099201,0.84155286332477,-0.446683047329701));
#11790=DIRECTION('center_axis',(0.161423556116266,0.416599048319704,0.894643878015099));
#11791=DIRECTION('ref_axis',(0.984108889812536,0.,-0.177566024317543));
#11792=DIRECTION('',(-0.979495505691815,0.178362126381908,0.0936776718437197));
#11793=DIRECTION('center_axis',(0.161467403195112,0.416923346884699,0.894484879988414));
#11794=DIRECTION('ref_axis',(0.984094941783352,0.,-0.177643309911802));
#11795=DIRECTION('',(-0.343295913331181,-0.826042470043912,0.44699189430443));
#11796=DIRECTION('center_axis',(0.182019754982077,0.409243035654585,0.894085536492166));
#11797=DIRECTION('ref_axis',(0.979899860180125,0.,-0.199490009822478));
#11798=DIRECTION('',(0.383306801587305,0.807812742731123,-0.447788419388142));
#11799=DIRECTION('',(-0.969504716244182,0.226442091851069,0.0937261127882726));
#11800=DIRECTION('center_axis',(0.18187102470008,0.408442183651196,0.894481924349948));
#11801=DIRECTION('ref_axis',(0.979948964291504,0.,-0.199248657169903));
#11802=DIRECTION('center_axis',(0.201638926474963,0.399144926809143,0.894441205855672));
#11803=DIRECTION('ref_axis',(0.975518660171544,0.,-0.219916674349889));
#11804=DIRECTION('',(0.422051423584947,0.788661323511245,-0.447086023766579));
#11805=DIRECTION('',(-0.957265213112094,0.273611325362565,0.093702478082477));
#11806=DIRECTION('center_axis',(0.20180698717215,0.399854442141907,0.894086329739966));
#11807=DIRECTION('ref_axis',(0.975460565110189,0.,-0.220174217189276));
#11808=DIRECTION('center_axis',(0.493754101169697,0.869601568293264,0.));
#11809=DIRECTION('ref_axis',(0.,0.,1.));
#11810=DIRECTION('',(-0.869601568293264,0.493754101169697,0.));
#11811=DIRECTION('',(0.,0.,-1.));
#11812=DIRECTION('center_axis',(0.536258058312639,0.844054082920495,0.));
#11813=DIRECTION('ref_axis',(0.,0.,-1.));
#11814=DIRECTION('',(-0.844054082920495,0.536258058312639,0.));
#11815=DIRECTION('center_axis',(0.220805902099306,0.388884179997876,0.894434932315085));
#11816=DIRECTION('ref_axis',(0.970854110056488,0.,-0.239671226863851));
#11817=DIRECTION('',(-0.94284508821364,0.31978008468418,0.093722126900701));
#11818=DIRECTION('center_axis',(0.220718762953549,0.388582534888806,0.894587525767963));
#11819=DIRECTION('ref_axis',(0.970885619917637,0.,-0.239543551441375));
#11820=DIRECTION('',(-0.461075123641527,-0.766678214153698,0.446782101589855));
#11821=DIRECTION('center_axis',(0.239442580162575,0.37732435306641,0.89459129404891));
#11822=DIRECTION('ref_axis',(0.965996635575594,0.,-0.258554636501907));
#11823=DIRECTION('',(-0.725039338362677,0.682300558409005,-0.0937224936787943));
#11824=DIRECTION('center_axis',(0.240185326065525,0.378044491790192,0.89408801097537));
#11825=DIRECTION('ref_axis',(0.965759507780824,0.,-0.259438958390874));
#11826=DIRECTION('',(-0.499696912849332,-0.741493937645409,0.447760801906501));
#11827=DIRECTION('center_axis',(0.257642733023478,0.365306429808765,0.894523020643162));
#11828=DIRECTION('ref_axis',(0.96093586878285,0.,-0.276771125817976));
#11829=DIRECTION('',(0.690941159784561,-0.7168095548963,0.0937250005331233));
#11830=DIRECTION('center_axis',(0.258278483527235,0.365865383684149,0.894111148553983));
#11831=DIRECTION('ref_axis',(0.960719996494273,0.,-0.277519527846319));
#11832=DIRECTION('center_axis',(-0.33102528035643,-0.294002649727527,-0.896651942348947));
#11833=DIRECTION('ref_axis',(-0.938112181236905,0.,0.346331539734598));
#11834=DIRECTION('',(-0.821571594418276,0.55720210144287,0.120606523010412));
#11835=DIRECTION('',(-0.354900281668833,-0.841665525926538,0.406995003087492));
#11836=DIRECTION('center_axis',(0.336366077677284,-0.312513261799462,-0.888365534556277));
#11837=DIRECTION('ref_axis',(-0.935206870076322,0.,-0.354101835863708));
#11838=DIRECTION('',(0.939297760320313,0.0435617081697655,0.34032645362736));
#11839=DIRECTION('',(0.297153046135361,-0.859918439071354,0.415018487922601));
#11840=DIRECTION('center_axis',(0.286802102227332,-0.334197107904762,-0.897806687002317));
#11841=DIRECTION('ref_axis',(-0.952576799117814,0.,-0.3042982776528));
#11842=DIRECTION('',(0.95768991034167,0.0765704462168171,0.277429274583489));
#11843=DIRECTION('center_axis',(0.286503306626964,-0.345120852450627,-0.893760288050195));
#11844=DIRECTION('ref_axis',(-0.952269380943932,0.,-0.305258949281852));
#11845=DIRECTION('',(0.511700391599426,-0.733550854554996,0.447287215353433));
#11846=DIRECTION('center_axis',(0.235695322151176,-0.38481130272556,-0.892394518366575));
#11847=DIRECTION('ref_axis',(-0.966846257088863,0.,-0.255359188503678));
#11848=DIRECTION('',(0.337543383283599,-0.82868147137468,0.446487943176248));
#11849=DIRECTION('',(0.911271391213068,-0.23156271531215,0.340533640678662));
#11850=DIRECTION('center_axis',(0.237737430502316,-0.379389624305807,-0.894172481743458));
#11851=DIRECTION('ref_axis',(-0.96642533555408,0.,-0.256947603217433));
#11852=DIRECTION('center_axis',(0.189259766676326,-0.404893722550672,-0.894562359009523));
#11853=DIRECTION('ref_axis',(-0.978344073387351,0.,-0.206985202533528));
#11854=DIRECTION('',(0.934327839279357,-0.205949345744448,0.29088890617382));
#11855=DIRECTION('center_axis',(0.188800858094714,-0.406246282441454,-0.894045968608549));
#11856=DIRECTION('ref_axis',(-0.978421493795513,0.,-0.206618925752112));
#11857=DIRECTION('',(0.32013045854645,-0.835223685937995,0.44712177754946));
#11858=DIRECTION('center_axis',(0.127929180467059,-0.429524981860021,-0.893947657720057));
#11859=DIRECTION('ref_axis',(-0.989914990033461,0.,-0.14166267153719));
#11860=DIRECTION('',(0.912431400383252,-0.302305638466851,0.275826468174842));
#11861=DIRECTION('center_axis',(0.120735007307033,-0.445153053469839,-0.887277756397087));
#11862=DIRECTION('ref_axis',(-0.990868612337789,0.,-0.13483097968859));
#11863=DIRECTION('',(-0.228792173789929,-0.882230914094159,0.411488463300083));
#11864=DIRECTION('center_axis',(0.0699369732339701,-0.436504573905035,-0.896979696946846));
#11865=DIRECTION('ref_axis',(-0.996974174987361,0.,-0.0777334831862781));
#11866=DIRECTION('',(0.618023340515892,-0.686866149019174,0.382442209894706));
#11867=DIRECTION('center_axis',(0.049371014709003,-0.451598621110865,-0.890854190267616));
#11868=DIRECTION('ref_axis',(-0.998467847988008,0.,-0.0553349485785929));
#11869=DIRECTION('',(0.994077063714738,0.108677464988305,0.));
#11870=DIRECTION('center_axis',(0.108677464988305,-0.994077063714738,0.));
#11871=DIRECTION('ref_axis',(0.,0.,-1.));
#11872=DIRECTION('center_axis',(-0.333381603432101,-0.297948401243126,-0.894473843491081));
#11873=DIRECTION('ref_axis',(-0.937031983994493,0.,0.349243555375536));
#11874=DIRECTION('center_axis',(0.04335353773837,-0.44541191599142,-0.894275514513519));
#11875=DIRECTION('ref_axis',(-0.998826962971935,0.,-0.0484220821553654));
#11876=DIRECTION('',(-0.945023948127134,-0.308676411100272,0.10792872970836));
#11877=DIRECTION('',(-0.109166034616728,0.887645378746643,-0.447401898158454));
#11878=DIRECTION('center_axis',(0.0653087865301651,-0.442714560730378,-0.894281040903398));
#11879=DIRECTION('ref_axis',(-0.997343974415125,0.,-0.0728354082698929));
#11880=DIRECTION('',(-0.991580795480835,0.0716285997356253,-0.107874323791663));
#11881=DIRECTION('center_axis',(0.0653718427489919,-0.442210359050335,-0.894525863530046));
#11882=DIRECTION('ref_axis',(-0.997340314217838,0.,-0.0728855104658343));
#11883=DIRECTION('center_axis',(0.043202119644172,-0.445019250766229,-0.894478307901156));
#11884=DIRECTION('ref_axis',(-0.998835655567128,0.,-0.0482424415611927));
#11885=DIRECTION('',(0.0643682658859049,-0.892214205286493,0.447001720613951));
#11886=DIRECTION('center_axis',(0.428966180821782,0.0517051781090434,-0.901839559050215));
#11887=DIRECTION('ref_axis',(-0.903047481970884,0.,-0.429540737655984));
#11888=DIRECTION('',(0.779901914265602,-0.524939122619605,0.340869361586237));
#11889=DIRECTION('',(-0.63205481718677,-0.696083721671602,-0.340549791506045));
#11890=DIRECTION('center_axis',(0.446361748433596,0.0322077974581145,-0.894272803633321));
#11891=DIRECTION('ref_axis',(-0.89473699827749,0.,-0.446593443652486));
#11892=DIRECTION('',(0.894221851818039,0.0214613393675132,0.447109260297379));
#11893=DIRECTION('center_axis',(0.453670295297532,-0.0266523922272401,-0.890770965598461));
#11894=DIRECTION('ref_axis',(-0.89108751383628,0.,-0.453831513543382));
#11895=DIRECTION('',(0.830386541488602,-0.350182410996391,0.4333941286443));
#11896=DIRECTION('',(0.656199031714846,0.686305494681671,0.313667975327805));
#11897=DIRECTION('center_axis',(0.447498856643428,-0.0192404650673122,-0.894077501006942));
#11898=DIRECTION('ref_axis',(-0.894243038701319,0.,-0.447581710678879));
#11899=DIRECTION('center_axis',(0.446851081322944,-0.0867016449281066,-0.89039706641884));
#11900=DIRECTION('ref_axis',(-0.893762688717405,0.,-0.448540138958193));
#11901=DIRECTION('',(-0.791168563671031,0.426281749879733,-0.438561482095942));
#11902=DIRECTION('',(0.73151197207789,0.608361085827866,0.307875013531557));
#11903=DIRECTION('center_axis',(0.43736144785023,-0.0722644298962491,-0.896377607990138));
#11904=DIRECTION('ref_axis',(-0.898727323114768,0.,-0.438507923174672));
#11905=DIRECTION('center_axis',(0.427794223852267,-0.126749690538535,-0.894945036293862));
#11906=DIRECTION('ref_axis',(-0.902221694509028,0.,-0.431272551824548));
#11907=DIRECTION('',(0.901371863400997,0.133475778596192,0.411962353130907));
#11908=DIRECTION('center_axis',(0.429126752729197,-0.147613597650523,-0.891100699068722));
#11909=DIRECTION('ref_axis',(-0.900970736118881,0.,-0.433879859704736));
#11910=DIRECTION('',(0.576689530413308,-0.714527835672316,0.396079736367709));
#11911=DIRECTION('center_axis',(0.402804070355191,-0.173108133530686,-0.898767186211653));
#11912=DIRECTION('ref_axis',(-0.912544023298748,0.,-0.408978490316708));
#11913=DIRECTION('',(0.876297792814829,0.356480816997888,0.324073456827888));
#11914=DIRECTION('center_axis',(0.379737820257104,-0.24986848208789,-0.890710351082481));
#11915=DIRECTION('ref_axis',(-0.919889442144295,0.,-0.392177783959592));
#11916=DIRECTION('',(0.906912537529186,0.290503788851296,0.305151106724871));
#11917=DIRECTION('',(0.428309195381891,-0.80593164929666,0.408687423116104));
#11918=DIRECTION('center_axis',(0.338700450443181,-0.276118097962987,-0.899466953726977));
#11919=DIRECTION('ref_axis',(-0.935849297519245,0.,-0.352400471527402));
#11920=DIRECTION('center_axis',(0.406922181634201,-0.187566490648616,-0.893998405859779));
#11921=DIRECTION('ref_axis',(-0.91015186450691,0.,-0.414274768160691));
#11922=DIRECTION('',(0.787388004600406,-0.424114357070189,0.447378075388513));
#11923=DIRECTION('center_axis',(0.377994858293767,-0.241122069716081,-0.893856831153238));
#11924=DIRECTION('ref_axis',(-0.921032071043608,0.,-0.38948674445881));
#11925=DIRECTION('center_axis',(0.331776990845801,0.301073110807899,-0.894024054650522));
#11926=DIRECTION('ref_axis',(-0.937524182801888,0.,-0.347920115344961));
#11927=DIRECTION('',(0.939907582367535,-0.0245194200188638,0.340547404409361));
#11928=DIRECTION('',(0.691067047957155,0.567535078214079,0.447582696520233));
#11929=DIRECTION('center_axis',(0.331823847650056,0.300518262640289,-0.894193328061877));
#11930=DIRECTION('ref_axis',(-0.937529641367542,0.,-0.347905406047748));
#11931=DIRECTION('center_axis',(0.366953714935156,0.258016273195934,-0.893740775539177));
#11932=DIRECTION('ref_axis',(-0.925062876402804,0.,-0.379814000138713));
#11933=DIRECTION('',(0.920328431474482,-0.240567191653963,0.308420175279511));
#11934=DIRECTION('center_axis',(0.36471070987314,0.242817725147114,-0.898902469936651));
#11935=DIRECTION('ref_axis',(-0.926634861512951,0.,-0.375962542587522));
#11936=DIRECTION('',(0.374211544375478,0.845778204228762,0.380295870747619));
#11937=DIRECTION('center_axis',(0.409439359591798,0.217266488445652,-0.886089546160857));
#11938=DIRECTION('ref_axis',(-0.907774159330924,0.,-0.419459265782787));
#11939=DIRECTION('',(0.903236703482617,-0.233371238246665,0.360140698395883));
#11940=DIRECTION('center_axis',(0.402744635974352,0.171180272593416,-0.899162984374207));
#11941=DIRECTION('ref_axis',(-0.91263370957017,0.,-0.408778316641417));
#11942=DIRECTION('',(0.45764031214034,0.813096418507059,0.359777096151333));
#11943=DIRECTION('center_axis',(0.429388922166059,0.118453009141231,-0.895317841968124));
#11944=DIRECTION('ref_axis',(-0.901665877109339,0.,-0.43243340071813));
#11945=DIRECTION('',(0.889292433602606,-0.228268102017553,0.396298676680175));
#11946=DIRECTION('',(-0.754465759078502,-0.497846427851236,-0.427703580361287));
#11947=DIRECTION('center_axis',(0.447398060845158,0.0866977426902685,-0.890122731180596));
#11948=DIRECTION('ref_axis',(-0.893487011939627,0.,-0.449089032926876));
#11949=DIRECTION('center_axis',(0.434128044543681,0.14878905191619,-0.888478845539139));
#11950=DIRECTION('ref_axis',(-0.898479861737743,0.,-0.439014735574703));
#11951=DIRECTION('center_axis',(0.0211908116501788,-0.446607574248583,-0.894478967961463));
#11952=DIRECTION('ref_axis',(-0.999719493998786,0.,-0.0236840308818228));
#11953=DIRECTION('',(-0.979591100599614,0.169594256379207,-0.107884492997006));
#11954=DIRECTION('center_axis',(0.0211603682077167,-0.446741372230356,-0.89441287175166));
#11955=DIRECTION('ref_axis',(-0.999720257727524,0.,-0.0236517713757831));
#11956=DIRECTION('',(-0.0196736709107637,0.894253892181155,-0.447127412480771));
#11957=DIRECTION('center_axis',(-0.000988940169795174,-0.447231155326523,
-0.894417864145526));
#11958=DIRECTION('ref_axis',(-0.99999938873615,0.,0.00110567957655516));
#11959=DIRECTION('',(-0.970944414653828,-0.213607727497728,0.107882725242697));
#11960=DIRECTION('center_axis',(-0.00100014466673143,-0.447190488757881,
-0.894438184826169));
#11961=DIRECTION('ref_axis',(-0.999999374835108,0.,0.00111818128792262));
#11962=DIRECTION('',(-0.025035973093002,-0.894147073430768,0.447072937143906));
#11963=DIRECTION('center_axis',(-0.0231396939699171,-0.446574969014678,
-0.894446952933777));
#11964=DIRECTION('ref_axis',(-0.99966552927025,0.,0.0258617398647468));
#11965=CARTESIAN_POINT('',(0.,0.,0.));
#11966=CARTESIAN_POINT('Origin',(-11.4569995403291,40.0000009536743,11.7485014442354));
#11967=CARTESIAN_POINT('',(-12.7214995403291,37.0000009536743,11.7485014442354));
#11968=CARTESIAN_POINT('Origin',(-11.4569995403291,37.0000009536743,11.7485014442354));
#11969=CARTESIAN_POINT('',(-12.7214995403291,34.0000009536743,11.7485014442354));
#11970=CARTESIAN_POINT('',(-12.7214995403291,40.0000009536743,11.7485014442354));
#11971=CARTESIAN_POINT('Origin',(-11.4569995403291,34.0000009536743,11.7485014442354));
#11972=CARTESIAN_POINT('Origin',(37.793000459671,34.0000009536744,1.24850144423542));
#11973=CARTESIAN_POINT('Origin',(30.5430004596711,40.0000009536744,4.74850144423542));
#11974=CARTESIAN_POINT('',(29.2785004596711,37.0000009536743,4.74850144423542));
#11975=CARTESIAN_POINT('Origin',(30.5430004596711,37.0000009536743,4.74850144423542));
#11976=CARTESIAN_POINT('',(29.2785004596711,34.0000009536744,4.74850144423542));
#11977=CARTESIAN_POINT('',(29.2785004596711,40.0000009536744,4.74850144423542));
#11978=CARTESIAN_POINT('Origin',(30.5430004596711,34.0000009536744,4.74850144423542));
#11979=CARTESIAN_POINT('Origin',(37.793000459671,34.0000009536744,1.24850144423542));
#11980=CARTESIAN_POINT('Origin',(30.5430004596711,40.0000009536744,18.7485014442354));
#11981=CARTESIAN_POINT('',(29.2785004596711,37.0000009536743,18.7485014442354));
#11982=CARTESIAN_POINT('Origin',(30.5430004596711,37.0000009536743,18.7485014442354));
#11983=CARTESIAN_POINT('',(29.2785004596711,34.0000009536744,18.7485014442354));
#11984=CARTESIAN_POINT('',(29.2785004596711,40.0000009536744,18.7485014442354));
#11985=CARTESIAN_POINT('Origin',(30.5430004596711,34.0000009536744,18.7485014442354));
#11986=CARTESIAN_POINT('Origin',(37.793000459671,34.0000009536744,1.24850144423542));
#11987=CARTESIAN_POINT('Origin',(-11.4569995403291,40.0000009536743,4.74850144423542));
#11988=CARTESIAN_POINT('',(-12.7214995403291,37.0000009536743,4.74850144423542));
#11989=CARTESIAN_POINT('Origin',(-11.4569995403291,37.0000009536743,4.74850144423542));
#11990=CARTESIAN_POINT('',(-12.7214995403291,34.0000009536743,4.74850144423542));
#11991=CARTESIAN_POINT('',(-12.7214995403291,40.0000009536743,4.74850144423542));
#11992=CARTESIAN_POINT('Origin',(-11.4569995403291,34.0000009536743,4.74850144423542));
#11993=CARTESIAN_POINT('Origin',(37.793000459671,34.0000009536744,1.24850144423542));
#11994=CARTESIAN_POINT('Origin',(-11.4569995403291,40.0000009536743,18.7485014442354));
#11995=CARTESIAN_POINT('',(-12.7214995403291,37.0000009536743,18.7485014442354));
#11996=CARTESIAN_POINT('Origin',(-11.4569995403291,37.0000009536743,18.7485014442354));
#11997=CARTESIAN_POINT('',(-12.7214995403291,34.0000009536743,18.7485014442354));
#11998=CARTESIAN_POINT('',(-12.7214995403291,40.0000009536743,18.7485014442354));
#11999=CARTESIAN_POINT('Origin',(-11.4569995403291,34.0000009536743,18.7485014442354));
#12000=CARTESIAN_POINT('Origin',(37.793000459671,34.0000009536744,1.24850144423542));
#12001=CARTESIAN_POINT('Origin',(30.5430004596711,40.0000009536744,11.7485014442354));
#12002=CARTESIAN_POINT('',(29.2785004596711,37.0000009536743,11.7485014442354));
#12003=CARTESIAN_POINT('Origin',(30.5430004596711,37.0000009536743,11.7485014442354));
#12004=CARTESIAN_POINT('',(29.2785004596711,34.0000009536744,11.7485014442354));
#12005=CARTESIAN_POINT('',(29.2785004596711,40.0000009536744,11.7485014442354));
#12006=CARTESIAN_POINT('Origin',(30.5430004596711,34.0000009536744,11.7485014442354));
#12007=CARTESIAN_POINT('Origin',(37.793000459671,34.0000009536744,1.24850144423542));
#12008=CARTESIAN_POINT('Origin',(37.793000459671,40.0000009536744,1.24850144423542));
#12009=CARTESIAN_POINT('',(5.24300045967109,40.0000009536743,11.7485014442354));
#12010=CARTESIAN_POINT('Origin',(9.54300045967109,40.0000009536743,11.7485014442354));
#12011=CARTESIAN_POINT('Origin',(37.793000459671,40.0000009536744,1.24850144423542));
#12012=CARTESIAN_POINT('',(1.49300045967093,40.0000009536743,11.7485014442354));
#12013=CARTESIAN_POINT('Origin',(2.54300045967093,40.0000009536743,11.7485014442354));
#12014=CARTESIAN_POINT('Origin',(37.793000459671,40.0000009536744,1.24850144423542));
#12015=CARTESIAN_POINT('',(8.4930004596711,40.0000009536743,4.74850144423542));
#12016=CARTESIAN_POINT('Origin',(9.54300045967109,40.0000009536743,4.74850144423542));
#12017=CARTESIAN_POINT('Origin',(37.793000459671,40.0000009536744,1.24850144423542));
#12018=CARTESIAN_POINT('',(8.4930004596711,40.0000009536743,18.7485014442354));
#12019=CARTESIAN_POINT('Origin',(9.54300045967109,40.0000009536743,18.7485014442354));
#12020=CARTESIAN_POINT('Origin',(37.793000459671,40.0000009536744,1.24850144423542));
#12021=CARTESIAN_POINT('',(15.4930004596711,40.0000009536744,11.7485014442354));
#12022=CARTESIAN_POINT('Origin',(16.5430004596711,40.0000009536744,11.7485014442354));
#12023=CARTESIAN_POINT('Origin',(-21.6659998893738,47.596001625061,0.498000048100948));
#12024=CARTESIAN_POINT('',(-16.6280007362366,49.0000009536743,22.2485014442354));
#12025=CARTESIAN_POINT('',(-20.706999540329,47.8632576934469,22.2485014442354));
#12026=CARTESIAN_POINT('',(4.47487155956107,54.8809901389666,22.2485014442354));
#12027=CARTESIAN_POINT('',(-20.706999540329,47.8632576934469,1.24850144423542));
#12028=CARTESIAN_POINT('',(-20.706999540329,47.8632576934469,11.3732507461682));
#12029=CARTESIAN_POINT('',(-16.6280007362366,49.0000009536743,1.24850144423542));
#12030=CARTESIAN_POINT('',(6.02765899310513,55.3137239382205,1.24850144423542));
#12031=CARTESIAN_POINT('',(-16.6280007362366,49.0000009536743,0.498000048100948));
#12032=CARTESIAN_POINT('',(-16.6280007362366,49.0000009536743,0.498000048100948));
#12033=CARTESIAN_POINT('',(-21.6659998893738,47.596001625061,0.498000048100948));
#12034=CARTESIAN_POINT('',(-16.6280007362366,49.0000009536743,0.498000048100948));
#12035=CARTESIAN_POINT('',(-21.6659998893738,47.596001625061,22.9990033619106));
#12036=CARTESIAN_POINT('',(-21.6659998893738,47.596001625061,22.9990033619106));
#12037=CARTESIAN_POINT('',(-16.6280007362366,49.0000009536743,22.9990033619106));
#12038=CARTESIAN_POINT('',(-16.6280007362366,49.0000009536743,22.9990033619106));
#12039=CARTESIAN_POINT('',(-16.6280007362366,49.0000009536743,0.498000048100948));
#12040=CARTESIAN_POINT('Origin',(9.61200475692749,49.0000009536743,11.7485014442354));
#12041=CARTESIAN_POINT('',(35.7140016555786,49.0000009536743,1.24850144423542));
#12042=CARTESIAN_POINT('',(23.2025026082993,49.0000009536743,1.24850144423542));
#12043=CARTESIAN_POINT('',(35.7140016555786,49.0000009536743,0.498000048100948));
#12044=CARTESIAN_POINT('',(35.7140016555786,49.0000009536743,0.498000048100948));
#12045=CARTESIAN_POINT('',(31.9996680981704,49.0000009536743,-0.00199999660253525));
#12046=CARTESIAN_POINT('',(23.639047103975,49.0000009536743,-1.12745381119301));
#12047=CARTESIAN_POINT('',(-12.9156762832388,49.0000009536743,-0.00199999660253525));
#12048=CARTESIAN_POINT('',(44.3300044536591,49.0000009536743,-0.00199999660253525));
#12049=CARTESIAN_POINT('',(-4.3919399531415,49.0000009536743,-1.15003234130985));
#12050=CARTESIAN_POINT('Origin',(9.61200475692749,49.0000009536743,11.7485014442354));
#12051=CARTESIAN_POINT('',(35.7140016555786,49.0000009536743,22.2485014442354));
#12052=CARTESIAN_POINT('',(-4.04749739170075,49.0000009536743,22.2485014442354));
#12053=CARTESIAN_POINT('',(-12.9156762832388,49.0000009536743,23.4990028850734));
#12054=CARTESIAN_POINT('',(-4.39193882561576,49.0000009536743,24.6470341841521));
#12055=CARTESIAN_POINT('',(31.9996680981704,49.0000009536743,23.4990028850734));
#12056=CARTESIAN_POINT('',(48.3780038356781,49.0000009536743,23.4990028850734));
#12057=CARTESIAN_POINT('',(35.7140016555786,49.0000009536743,22.9990033619106));
#12058=CARTESIAN_POINT('',(23.5450942929095,49.0000009536743,24.6371028445518));
#12059=CARTESIAN_POINT('',(35.7140016555786,49.0000009536743,0.498000048100948));
#12060=CARTESIAN_POINT('Origin',(39.793000459671,39.0000009536744,22.2485014442354));
#12061=CARTESIAN_POINT('',(39.793000459671,47.8638930457363,1.24850144423542));
#12062=CARTESIAN_POINT('',(39.793000459671,47.8638930457363,22.2485014442354));
#12063=CARTESIAN_POINT('',(39.793000459671,47.8638930457363,11.3732507461682));
#12064=CARTESIAN_POINT('',(39.793000459671,40.0000009536744,1.24850144423542));
#12065=CARTESIAN_POINT('',(39.793000459671,39.0000009536743,1.24850144423542));
#12066=CARTESIAN_POINT('',(39.793000459671,40.0000009536744,22.2485014442354));
#12067=CARTESIAN_POINT('',(39.793000459671,40.0000009536744,22.2485014442354));
#12068=CARTESIAN_POINT('',(39.793000459671,39.0000009536744,22.2485014442354));
#12069=CARTESIAN_POINT('Origin',(16.5430004596711,37.0000009536743,11.7485014442354));
#12070=CARTESIAN_POINT('',(15.4930004596711,37.0000009536743,11.7485014442354));
#12071=CARTESIAN_POINT('Origin',(16.5430004596711,37.0000009536743,11.7485014442354));
#12072=CARTESIAN_POINT('',(15.4930004596711,37.0000009536743,11.7485014442354));
#12073=CARTESIAN_POINT('Origin',(9.5430004596711,37.0000009536743,18.7485014442354));
#12074=CARTESIAN_POINT('',(8.49300045967111,37.0000009536743,18.7485014442354));
#12075=CARTESIAN_POINT('Origin',(9.5430004596711,37.0000009536743,18.7485014442354));
#12076=CARTESIAN_POINT('',(8.49300045967111,37.0000009536743,18.7485014442354));
#12077=CARTESIAN_POINT('Origin',(9.5430004596711,37.0000009536743,4.74850144423542));
#12078=CARTESIAN_POINT('',(8.49300045967111,37.0000009536743,4.74850144423542));
#12079=CARTESIAN_POINT('Origin',(9.5430004596711,37.0000009536743,4.74850144423542));
#12080=CARTESIAN_POINT('',(8.49300045967111,37.0000009536743,4.74850144423542));
#12081=CARTESIAN_POINT('Origin',(2.54300045967093,37.0000009536743,11.7485014442354));
#12082=CARTESIAN_POINT('',(1.49300045967094,37.0000009536743,11.7485014442354));
#12083=CARTESIAN_POINT('Origin',(2.54300045967093,37.0000009536743,11.7485014442354));
#12084=CARTESIAN_POINT('',(1.49300045967094,37.0000009536743,11.7485014442354));
#12085=CARTESIAN_POINT('Origin',(9.54300045967108,47.0000009536743,11.7485014442354));
#12086=CARTESIAN_POINT('',(5.2430004596711,37.0000009536743,11.7485014442354));
#12087=CARTESIAN_POINT('Origin',(9.5430004596711,37.0000009536743,11.7485014442354));
#12088=CARTESIAN_POINT('',(5.24300045967108,47.0000009536743,11.7485014442354));
#12089=CARTESIAN_POINT('Origin',(-20.7069995403291,94.0000009536743,22.2485014442354));
#12090=CARTESIAN_POINT('',(-20.706999540329,40.0000009536743,22.2485014442354));
#12091=CARTESIAN_POINT('',(-20.7069995403291,94.0000009536743,22.2485014442354));
#12092=CARTESIAN_POINT('',(-20.706999540329,40.0000009536743,1.24850144423542));
#12093=CARTESIAN_POINT('',(-20.706999540329,40.0000009536743,22.2485014442354));
#12094=CARTESIAN_POINT('',(-20.7069995403291,94.0000009536743,1.24850144423542));
#12095=CARTESIAN_POINT('Origin',(-20.706999540329,40.0000009536743,22.2485014442354));
#12096=CARTESIAN_POINT('',(37.793000459671,40.0000009536744,22.2485014442354));
#12097=CARTESIAN_POINT('',(37.793000459671,40.0000009536744,22.2485014442354));
#12098=CARTESIAN_POINT('',(36.793000459671,37.0000009536744,22.2485014442354));
#12099=CARTESIAN_POINT('Origin',(36.793000459671,40.0000009536744,22.2485014442354));
#12100=CARTESIAN_POINT('',(36.793000459671,39.0000009536744,22.2485014442354));
#12101=CARTESIAN_POINT('',(36.793000459671,37.0000009536744,22.2485014442354));
#12102=CARTESIAN_POINT('',(-17.706999540329,37.0000009536743,22.2485014442354));
#12103=CARTESIAN_POINT('',(-18.706999540329,37.0000009536743,22.2485014442354));
#12104=CARTESIAN_POINT('',(-17.706999540329,39.0000009536743,22.2485014442354));
#12105=CARTESIAN_POINT('',(-17.706999540329,39.0000009536743,22.2485014442354));
#12106=CARTESIAN_POINT('Origin',(-17.706999540329,40.0000009536743,22.2485014442354));
#12107=CARTESIAN_POINT('',(-18.706999540329,40.0000009536743,22.2485014442354));
#12108=CARTESIAN_POINT('',(-20.706999540329,40.0000009536743,22.2485014442354));
#12109=CARTESIAN_POINT('',(10.6975646117785,55.9677333112762,22.2485014442354));
#12110=CARTESIAN_POINT('Origin',(39.793000459671,40.0000009536744,1.24850144423542));
#12111=CARTESIAN_POINT('',(36.793000459671,39.0000009536743,1.24850144423542));
#12112=CARTESIAN_POINT('',(36.793000459671,37.0000009536743,1.24850144423542));
#12113=CARTESIAN_POINT('',(36.793000459671,39.0000009536743,1.24850144423542));
#12114=CARTESIAN_POINT('Origin',(36.793000459671,40.0000009536744,1.24850144423542));
#12115=CARTESIAN_POINT('',(37.793000459671,40.0000009536744,1.24850144423542));
#12116=CARTESIAN_POINT('',(39.793000459671,40.0000009536744,1.24850144423542));
#12117=CARTESIAN_POINT('',(38.7698089808698,48.148878647898,1.24850144423542));
#12118=CARTESIAN_POINT('',(-18.706999540329,40.0000009536743,1.24850144423542));
#12119=CARTESIAN_POINT('',(-18.706999540329,40.0000009536743,1.24850144423542));
#12120=CARTESIAN_POINT('',(-17.706999540329,37.0000009536742,1.24850144423542));
#12121=CARTESIAN_POINT('Origin',(-17.706999540329,40.0000009536743,1.24850144423542));
#12122=CARTESIAN_POINT('',(-17.706999540329,39.0000009536742,1.24850144423542));
#12123=CARTESIAN_POINT('',(-17.706999540329,37.0000009536742,1.24850144423542));
#12124=CARTESIAN_POINT('',(-18.706999540329,37.0000009536742,1.24850144423542));
#12125=CARTESIAN_POINT('Origin',(-17.706999540329,40.0000009536743,22.2485014442354));
#12126=CARTESIAN_POINT('',(-17.706999540329,37.0000009536743,22.2485014442354));
#12127=CARTESIAN_POINT('Origin',(-18.706999540329,37.0000009536743,22.2485014442354));
#12128=CARTESIAN_POINT('',(36.793000459671,37.0000009536744,22.2485014442354));
#12129=CARTESIAN_POINT('Origin',(36.793000459671,40.0000009536744,22.2485014442354));
#12130=CARTESIAN_POINT('Origin',(85.8080101013184,18.5659998655319,23.4990028850734));
#12131=CARTESIAN_POINT('',(87.3600006103516,17.7760004997253,22.9990033619106));
#12132=CARTESIAN_POINT('',(87.5470325451335,17.2870036845733,23.0246033489459));
#12133=CARTESIAN_POINT('',(87.1340752708681,18.3666845002857,22.9680798419862));
#12134=CARTESIAN_POINT('',(86.9100093841553,18.6700004339218,22.9990033619106));
#12135=CARTESIAN_POINT('',(87.3600006103516,17.7760004997253,22.9990033619106));
#12136=CARTESIAN_POINT('',(85.8080101013184,18.5659998655319,23.4990028850734));
#12137=CARTESIAN_POINT('',(85.8080101013184,18.5659998655319,23.4990028850734));
#12138=CARTESIAN_POINT('',(86.6952780556679,16.8032599572273,23.4990028850734));
#12139=CARTESIAN_POINT('',(87.1578752123152,15.8842157547481,23.4990028850734));
#12140=CARTESIAN_POINT('',(86.6031661767093,16.7509461224177,23.5503062045044));
#12141=CARTESIAN_POINT('Origin',(35.7140016555786,49.0000009536743,0.498000048100948));
#12142=CARTESIAN_POINT('',(40.7620000839233,47.5940012931824,0.498000048100948));
#12143=CARTESIAN_POINT('',(35.7140016555786,49.0000009536743,0.498000048100948));
#12144=CARTESIAN_POINT('',(35.5900001525879,47.9999995231628,-0.00199999660253525));
#12145=CARTESIAN_POINT('',(35.5900001525879,47.9999995231628,-0.00199999660253525));
#12146=CARTESIAN_POINT('',(59.8609715152125,41.2398988654355,-0.00199999660253525));
#12147=CARTESIAN_POINT('Origin',(35.5900001525879,47.9999995231628,23.4990028850734));
#12148=CARTESIAN_POINT('',(35.5900001525879,47.9999995231628,23.4990028850734));
#12149=CARTESIAN_POINT('',(64.0971207987815,40.0600204365818,23.4990028850734));
#12150=CARTESIAN_POINT('',(40.7620000839233,47.5940012931824,22.9990033619106));
#12151=CARTESIAN_POINT('',(40.7620000839233,47.5940012931824,22.9990033619106));
#12152=CARTESIAN_POINT('',(35.7140016555786,49.0000009536743,22.9990033619106));
#12153=CARTESIAN_POINT('Origin',(40.4720020294189,46.6360020637512,23.4990028850734));
#12154=CARTESIAN_POINT('',(40.4720020294189,46.6360020637512,23.4990028850734));
#12155=CARTESIAN_POINT('',(66.5395991784399,39.3528962433762,23.4990028850734));
#12156=CARTESIAN_POINT('',(40.4720020294189,46.6360020637512,23.4990028850734));
#12157=CARTESIAN_POINT('Origin',(35.5900001525879,47.9999995231628,-0.00199999660253525));
#12158=CARTESIAN_POINT('',(40.4720020294189,46.6360020637512,-0.00199999660253525));
#12159=CARTESIAN_POINT('',(59.9347486254627,41.1982456720212,-0.00199999660253525));
#12160=CARTESIAN_POINT('',(40.4720020294189,46.6360020637512,-0.00199999660253525));
#12161=CARTESIAN_POINT('Origin',(87.1440029144287,12.5159999728203,23.4990028850734));
#12162=CARTESIAN_POINT('',(-16.5040016174316,47.9999995231628,23.4990028850734));
#12163=CARTESIAN_POINT('',(26.9971676974894,60.1229893561424,23.4990028850734));
#12164=CARTESIAN_POINT('',(-21.3740015029907,46.6400027275085,23.4990028850734));
#12165=CARTESIAN_POINT('',(-16.5040016174316,47.9999995231628,23.4990028850734));
#12166=CARTESIAN_POINT('',(-26.2920022010803,45.0080037117004,23.4990028850734));
#12167=CARTESIAN_POINT('',(-21.3740015029907,46.6400027275085,23.4990028850734));
#12168=CARTESIAN_POINT('',(-31.1240005493164,43.1380009651184,23.4990028850734));
#12169=CARTESIAN_POINT('',(-26.2920022010803,45.0080037117004,23.4990028850734));
#12170=CARTESIAN_POINT('',(-35.8580017089844,41.0320019721985,23.4990028850734));
#12171=CARTESIAN_POINT('',(-31.1240005493164,43.1380009651184,23.4990028850734));
#12172=CARTESIAN_POINT('',(-40.4840040206909,38.7000012397766,23.4990028850734));
#12173=CARTESIAN_POINT('',(-35.8580017089844,41.0320019721985,23.4990028850734));
#12174=CARTESIAN_POINT('',(-44.9920034408569,36.1440014839172,23.4990028850734));
#12175=CARTESIAN_POINT('',(-40.4840040206909,38.7000012397766,23.4990028850734));
#12176=CARTESIAN_POINT('',(-49.3680047988892,33.3720016479492,23.4990028850734));
#12177=CARTESIAN_POINT('',(-44.9920034408569,36.1440014839172,23.4990028850734));
#12178=CARTESIAN_POINT('',(-53.6040067672729,30.3880000114441,23.4990028850734));
#12179=CARTESIAN_POINT('',(-49.3680047988892,33.3720016479492,23.4990028850734));
#12180=CARTESIAN_POINT('',(-57.6880025863647,27.2000014781952,23.4990028850734));
#12181=CARTESIAN_POINT('',(-53.6040067672729,30.3880000114441,23.4990028850734));
#12182=CARTESIAN_POINT('',(-61.6120052337646,23.8160014152527,23.4990028850734));
#12183=CARTESIAN_POINT('',(-57.6880025863647,27.2000014781952,23.4990028850734));
#12184=CARTESIAN_POINT('',(-65.366005897522,20.246000289917,23.4990028850734));
#12185=CARTESIAN_POINT('',(-61.6120052337646,23.8160014152527,23.4990028850734));
#12186=CARTESIAN_POINT('',(-66.5060043334961,18.8539999723434,23.4990028850734));
#12187=CARTESIAN_POINT('',(-65.366005897522,20.246000289917,23.4990028850734));
#12188=CARTESIAN_POINT('',(-67.2580051422119,17.4700003862381,23.4990028850734));
#12189=CARTESIAN_POINT('',(-66.5060043334961,18.8539999723434,23.4990028850734));
#12190=CARTESIAN_POINT('',(-67.5080060958862,16.8420004844666,23.4990028850734));
#12191=CARTESIAN_POINT('',(-67.2580051422119,17.4700003862381,23.4990028850734));
#12192=CARTESIAN_POINT('',(-67.8720045089722,15.4280006885529,23.4990028850734));
#12193=CARTESIAN_POINT('',(-67.5080060958862,16.8420004844666,23.4990028850734));
#12194=CARTESIAN_POINT('',(-67.9980039596558,14.422000348568,23.4990028850734));
#12195=CARTESIAN_POINT('',(-67.8720045089722,15.4280006885529,23.4990028850734));
#12196=CARTESIAN_POINT('',(-67.9360055923462,12.6240000128746,23.4990028850734));
#12197=CARTESIAN_POINT('',(-67.9980039596558,14.422000348568,23.4990028850734));
#12198=CARTESIAN_POINT('',(-67.7400064468384,11.6320000588894,23.4990028850734));
#12199=CARTESIAN_POINT('',(-67.9360055923462,12.6240000128746,23.4990028850734));
#12200=CARTESIAN_POINT('',(-67.2779989242554,10.2440000139177,23.4990028850734));
#12201=CARTESIAN_POINT('',(-67.7400064468384,11.6320000588894,23.4990028850734));
#12202=CARTESIAN_POINT('',(-66.81800365448,9.34199996292591,23.4990028850734));
#12203=CARTESIAN_POINT('',(-67.2779989242554,10.2440000139177,23.4990028850734));
#12204=CARTESIAN_POINT('',(-65.9859991073608,8.13999980688095,23.4990028850734));
#12205=CARTESIAN_POINT('',(-66.81800365448,9.34199996292591,23.4990028850734));
#12206=CARTESIAN_POINT('',(-64.9840021133423,7.07799971103668,23.4990028850734));
#12207=CARTESIAN_POINT('',(-65.9859991073608,8.13999980688095,23.4990028850734));
#12208=CARTESIAN_POINT('',(-63.6280012130737,6.07399970293045,23.4990028850734));
#12209=CARTESIAN_POINT('',(-64.9840021133423,7.07799971103668,23.4990028850734));
#12210=CARTESIAN_POINT('',(-62.4180030822754,5.47599971294403,23.4990028850734));
#12211=CARTESIAN_POINT('',(-63.6280012130737,6.07399970293045,23.4990028850734));
#12212=CARTESIAN_POINT('',(-61.0300016403198,5.02199977636337,23.4990028850734));
#12213=CARTESIAN_POINT('',(-62.4180030822754,5.47599971294403,23.4990028850734));
#12214=CARTESIAN_POINT('',(-59.5980024337769,4.7979998588562,23.4990028850734));
#12215=CARTESIAN_POINT('',(-61.0300016403198,5.02199977636337,23.4990028850734));
#12216=CARTESIAN_POINT('',(-56.9000005722046,7.79399991035461,23.4990028850734));
#12217=CARTESIAN_POINT('',(-56.9000005722046,7.79399991035461,23.4990028850734));
#12218=CARTESIAN_POINT('',(-53.7200021743774,11.0080000013113,23.4990028850734));
#12219=CARTESIAN_POINT('',(-53.7200021743774,11.0080000013113,23.4990028850734));
#12220=CARTESIAN_POINT('',(-50.3840017318726,14.0620002150536,23.4990028850734));
#12221=CARTESIAN_POINT('',(-50.3840017318726,14.0620002150536,23.4990028850734));
#12222=CARTESIAN_POINT('',(-46.902003288269,16.94600045681,23.4990028850734));
#12223=CARTESIAN_POINT('',(-46.902003288269,16.94600045681,23.4990028850734));
#12224=CARTESIAN_POINT('',(-43.2800054550171,19.6540004014969,23.4990028850734));
#12225=CARTESIAN_POINT('',(-43.2800054550171,19.6540004014969,23.4990028850734));
#12226=CARTESIAN_POINT('',(-39.5300030708313,22.1800005435944,23.4990028850734));
#12227=CARTESIAN_POINT('',(-39.5300030708313,22.1800005435944,23.4990028850734));
#12228=CARTESIAN_POINT('',(-35.6580018997192,24.5160007476807,23.4990028850734));
#12229=CARTESIAN_POINT('',(-35.6580018997192,24.5160007476807,23.4990028850734));
#12230=CARTESIAN_POINT('',(-31.6760015487671,26.6580009460449,23.4990028850734));
#12231=CARTESIAN_POINT('',(-35.6580018997192,24.5160007476807,23.4990028850734));
#12232=CARTESIAN_POINT('',(-27.5920009613037,28.6020016670227,23.4990028850734));
#12233=CARTESIAN_POINT('',(-27.5920009613037,28.6020016670227,23.4990028850734));
#12234=CARTESIAN_POINT('',(-23.4180021286011,30.3380012512207,23.4990028850734));
#12235=CARTESIAN_POINT('',(-23.4180021286011,30.3380012512207,23.4990028850734));
#12236=CARTESIAN_POINT('',(-19.1620004177094,31.8660020828247,23.4990028850734));
#12237=CARTESIAN_POINT('',(-19.1620004177094,31.8660020828247,23.4990028850734));
#12238=CARTESIAN_POINT('',(-14.8360002040863,33.1820011138916,23.4990028850734));
#12239=CARTESIAN_POINT('',(-19.1620004177094,31.8660020828247,23.4990028850734));
#12240=CARTESIAN_POINT('',(-10.4500007629395,34.2820024490356,23.4990028850734));
#12241=CARTESIAN_POINT('',(-10.4500007629395,34.2820024490356,23.4990028850734));
#12242=CARTESIAN_POINT('',(-6.01600050926208,35.1640009880066,23.4990028850734));
#12243=CARTESIAN_POINT('',(-6.01600050926208,35.1640009880066,23.4990028850734));
#12244=CARTESIAN_POINT('',(-1.54200002551079,35.8240008354187,23.4990028850734));
#12245=CARTESIAN_POINT('',(-1.54200002551079,35.8240008354187,23.4990028850734));
#12246=CARTESIAN_POINT('',(2.95800030231476,36.262001991272,23.4990028850734));
#12247=CARTESIAN_POINT('',(2.95800030231476,36.262001991272,23.4990028850734));
#12248=CARTESIAN_POINT('',(7.47600018978119,36.476001739502,23.4990028850734));
#12249=CARTESIAN_POINT('',(7.47600018978119,36.476001739502,23.4990028850734));
#12250=CARTESIAN_POINT('',(11.9980001449585,36.4660024642944,23.4990028850734));
#12251=CARTESIAN_POINT('',(7.47600018978119,36.476001739502,23.4990028850734));
#12252=CARTESIAN_POINT('',(16.5139997005463,36.2320017814636,23.4990028850734));
#12253=CARTESIAN_POINT('',(16.5139997005463,36.2320017814636,23.4990028850734));
#12254=CARTESIAN_POINT('',(21.0120010375977,35.776002407074,23.4990028850734));
#12255=CARTESIAN_POINT('',(21.0120010375977,35.776002407074,23.4990028850734));
#12256=CARTESIAN_POINT('',(25.4820013046265,35.096001625061,23.4990028850734));
#12257=CARTESIAN_POINT('',(25.4820013046265,35.096001625061,23.4990028850734));
#12258=CARTESIAN_POINT('',(29.9140024185181,34.1960024833679,23.4990028850734));
#12259=CARTESIAN_POINT('',(29.9140024185181,34.1960024833679,23.4990028850734));
#12260=CARTESIAN_POINT('',(34.2960023880005,33.0780005455017,23.4990028850734));
#12261=CARTESIAN_POINT('',(34.2960023880005,33.0780005455017,23.4990028850734));
#12262=CARTESIAN_POINT('',(38.6179995536804,31.7440009117126,23.4990028850734));
#12263=CARTESIAN_POINT('',(38.6179995536804,31.7440009117126,23.4990028850734));
#12264=CARTESIAN_POINT('',(42.8660011291504,30.1960015296936,23.4990028850734));
#12265=CARTESIAN_POINT('',(42.8660011291504,30.1960015296936,23.4990028850734));
#12266=CARTESIAN_POINT('',(47.0340013504028,28.4420013427734,23.4990028850734));
#12267=CARTESIAN_POINT('',(47.0340013504028,28.4420013427734,23.4990028850734));
#12268=CARTESIAN_POINT('',(51.1080026626587,26.4820003509521,23.4990028850734));
#12269=CARTESIAN_POINT('',(51.1080026626587,26.4820003509521,23.4990028850734));
#12270=CARTESIAN_POINT('',(55.0820016860962,24.3240010738373,23.4990028850734));
#12271=CARTESIAN_POINT('',(55.0820016860962,24.3240010738373,23.4990028850734));
#12272=CARTESIAN_POINT('',(58.9420032501221,21.9700002670288,23.4990028850734));
#12273=CARTESIAN_POINT('',(58.9420032501221,21.9700002670288,23.4990028850734));
#12274=CARTESIAN_POINT('',(62.6820039749146,19.4280004501343,23.4990028850734));
#12275=CARTESIAN_POINT('',(58.9420032501221,21.9700002670288,23.4990028850734));
#12276=CARTESIAN_POINT('',(66.2919998168945,16.7040008306503,23.4990028850734));
#12277=CARTESIAN_POINT('',(66.2919998168945,16.7040008306503,23.4990028850734));
#12278=CARTESIAN_POINT('',(69.7639989852905,13.8060003519058,23.4990028850734));
#12279=CARTESIAN_POINT('',(66.2919998168945,16.7040008306503,23.4990028850734));
#12280=CARTESIAN_POINT('',(73.0840063095093,10.7380000501871,23.4990028850734));
#12281=CARTESIAN_POINT('',(73.0840063095093,10.7380000501871,23.4990028850734));
#12282=CARTESIAN_POINT('',(76.252007484436,7.50799983739853,23.4990028850734));
#12283=CARTESIAN_POINT('',(73.0840063095093,10.7380000501871,23.4990028850734));
#12284=CARTESIAN_POINT('',(78.9260053634644,4.51599955558777,23.4990028850734));
#12285=CARTESIAN_POINT('',(78.9260053634644,4.51599955558777,23.4990028850734));
#12286=CARTESIAN_POINT('',(80.0120067596436,4.68999922275543,23.4990028850734));
#12287=CARTESIAN_POINT('',(78.9260053634644,4.51599955558777,23.4990028850734));
#12288=CARTESIAN_POINT('',(81.7260074615479,5.24799972772598,23.4990028850734));
#12289=CARTESIAN_POINT('',(80.0120067596436,4.68999922275543,23.4990028850734));
#12290=CARTESIAN_POINT('',(83.302001953125,6.12999975681305,23.4990028850734));
#12291=CARTESIAN_POINT('',(83.302001953125,6.12999975681305,23.4990028850734));
#12292=CARTESIAN_POINT('',(84.0140056610107,6.68199986219406,23.4990028850734));
#12293=CARTESIAN_POINT('',(83.302001953125,6.12999975681305,23.4990028850734));
#12294=CARTESIAN_POINT('',(84.6700096130371,7.30399996042252,23.4990028850734));
#12295=CARTESIAN_POINT('',(84.6700096130371,7.30399996042252,23.4990028850734));
#12296=CARTESIAN_POINT('',(79.3580007553101,11.8380001187325,23.4990028850734));
#12297=CARTESIAN_POINT('',(79.3580007553101,11.8380001187325,23.4990028850734));
#12298=CARTESIAN_POINT('',(78.922004699707,11.5920001268387,23.4990028850734));
#12299=CARTESIAN_POINT('',(79.3580007553101,11.8380001187325,23.4990028850734));
#12300=CARTESIAN_POINT('',(78.5120010375977,11.4660000801086,23.4990028850734));
#12301=CARTESIAN_POINT('',(78.922004699707,11.5920001268387,23.4990028850734));
#12302=CARTESIAN_POINT('',(77.9180097579956,11.4220000803471,23.4990028850734));
#12303=CARTESIAN_POINT('',(77.9180097579956,11.4220000803471,23.4990028850734));
#12304=CARTESIAN_POINT('',(77.1920013427734,11.5880000591278,23.4990028850734));
#12305=CARTESIAN_POINT('',(77.9180097579956,11.4220000803471,23.4990028850734));
#12306=CARTESIAN_POINT('',(76.6000080108643,11.9440001249313,23.4990028850734));
#12307=CARTESIAN_POINT('',(77.1920013427734,11.5880000591278,23.4990028850734));
#12308=CARTESIAN_POINT('',(76.252007484436,12.3020000755787,23.4990028850734));
#12309=CARTESIAN_POINT('',(76.252007484436,12.3020000755787,23.4990028850734));
#12310=CARTESIAN_POINT('',(75.9820032119751,12.770000398159,23.4990028850734));
#12311=CARTESIAN_POINT('',(75.9820032119751,12.770000398159,23.4990028850734));
#12312=CARTESIAN_POINT('',(75.8459997177124,13.1780001521111,23.4990028850734));
#12313=CARTESIAN_POINT('',(75.8459997177124,13.1780001521111,23.4990028850734));
#12314=CARTESIAN_POINT('',(75.8080053329468,13.8200002908707,23.4990028850734));
#12315=CARTESIAN_POINT('',(75.8080053329468,13.8200002908707,23.4990028850734));
#12316=CARTESIAN_POINT('',(75.8879995346069,14.3060001730919,23.4990028850734));
#12317=CARTESIAN_POINT('',(75.8879995346069,14.3060001730919,23.4990028850734));
#12318=CARTESIAN_POINT('',(76.1460065841675,14.8560005426407,23.4990028850734));
#12319=CARTESIAN_POINT('',(76.1460065841675,14.8560005426407,23.4990028850734));
#12320=CARTESIAN_POINT('',(76.9360065460205,15.6220000982285,23.4990028850734));
#12321=CARTESIAN_POINT('',(76.9360065460205,15.6220000982285,23.4990028850734));
#12322=CARTESIAN_POINT('',(77.4240064620972,15.82200050354,23.4990028850734));
#12323=CARTESIAN_POINT('',(76.9360065460205,15.6220000982285,23.4990028850734));
#12324=CARTESIAN_POINT('',(77.7500009536743,15.890000462532,23.4990028850734));
#12325=CARTESIAN_POINT('',(77.7500009536743,15.890000462532,23.4990028850734));
#12326=CARTESIAN_POINT('',(78.4980010986328,15.8600002527237,23.4990028850734));
#12327=CARTESIAN_POINT('',(78.4980010986328,15.8600002527237,23.4990028850734));
#12328=CARTESIAN_POINT('',(79.0100049972534,15.6880003213882,23.4990028850734));
#12329=CARTESIAN_POINT('',(79.0100049972534,15.6880003213882,23.4990028850734));
#12330=CARTESIAN_POINT('',(79.7800064086914,15.0860005617142,23.4990028850734));
#12331=CARTESIAN_POINT('',(79.7800064086914,15.0860005617142,23.4990028850734));
#12332=CARTESIAN_POINT('',(79.9300003051758,14.8840004205704,23.4990028850734));
#12333=CARTESIAN_POINT('',(79.9300003051758,14.8840004205704,23.4990028850734));
#12334=CARTESIAN_POINT('',(80.1300048828125,14.4880005717278,23.4990028850734));
#12335=CARTESIAN_POINT('',(80.1300048828125,14.4880005717278,23.4990028850734));
#12336=CARTESIAN_POINT('',(80.2840042114258,13.8140001893044,23.4990028850734));
#12337=CARTESIAN_POINT('',(80.1300048828125,14.4880005717278,23.4990028850734));
#12338=CARTESIAN_POINT('',(80.2540111541748,13.2600003480911,23.4990028850734));
#12339=CARTESIAN_POINT('',(80.2840042114258,13.8140001893044,23.4990028850734));
#12340=CARTESIAN_POINT('',(86.4280033111572,9.91399999707937,23.4990028850734));
#12341=CARTESIAN_POINT('',(80.2540111541748,13.2600003480911,23.4990028850734));
#12342=CARTESIAN_POINT('',(86.9480037689209,11.4040000736713,23.4990028850734));
#12343=CARTESIAN_POINT('',(86.9480037689209,11.4040000736713,23.4990028850734));
#12344=CARTESIAN_POINT('',(87.1440029144287,12.5159999728203,23.4990028850734));
#12345=CARTESIAN_POINT('',(87.1440029144287,12.5159999728203,23.4990028850734));
#12346=CARTESIAN_POINT('',(87.224006652832,13.8660001754761,23.4990028850734));
#12347=CARTESIAN_POINT('',(87.224006652832,13.8660001754761,23.4990028850734));
#12348=CARTESIAN_POINT('',(87.0560073852539,15.4380005598068,23.4990028850734));
#12349=CARTESIAN_POINT('',(87.0560073852539,15.4380005598068,23.4990028850734));
#12350=CARTESIAN_POINT('',(87.4197137823598,14.0614737963176,23.4990028850734));
#12351=CARTESIAN_POINT('',(84.5420074462891,20.1540005207062,23.4990028850734));
#12352=CARTESIAN_POINT('',(85.8080101013184,18.5659998655319,23.4990028850734));
#12353=CARTESIAN_POINT('',(80.7840061187744,23.7380015850067,23.4990028850734));
#12354=CARTESIAN_POINT('',(84.5420074462891,20.1540005207062,23.4990028850734));
#12355=CARTESIAN_POINT('',(76.8540048599243,27.1319997310638,23.4990028850734));
#12356=CARTESIAN_POINT('',(80.7840061187744,23.7380015850067,23.4990028850734));
#12357=CARTESIAN_POINT('',(72.7640008926392,30.3300023078918,23.4990028850734));
#12358=CARTESIAN_POINT('',(72.7640008926392,30.3300023078918,23.4990028850734));
#12359=CARTESIAN_POINT('',(68.5200071334839,33.3260011672974,23.4990028850734));
#12360=CARTESIAN_POINT('',(68.5200071334839,33.3260011672974,23.4990028850734));
#12361=CARTESIAN_POINT('',(64.136004447937,36.1080026626587,23.4990028850734));
#12362=CARTESIAN_POINT('',(68.5200071334839,33.3260011672974,23.4990028850734));
#12363=CARTESIAN_POINT('',(59.6220016479492,38.6720013618469,23.4990028850734));
#12364=CARTESIAN_POINT('',(64.136004447937,36.1080026626587,23.4990028850734));
#12365=CARTESIAN_POINT('',(54.9860048294067,41.0140013694763,23.4990028850734));
#12366=CARTESIAN_POINT('',(59.6220016479492,38.6720013618469,23.4990028850734));
#12367=CARTESIAN_POINT('',(50.2419996261597,43.1240010261536,23.4990028850734));
#12368=CARTESIAN_POINT('',(54.9860048294067,41.0140013694763,23.4990028850734));
#12369=CARTESIAN_POINT('',(45.3980016708374,45.,23.4990028850734));
#12370=CARTESIAN_POINT('',(50.2419996261597,43.1240010261536,23.4990028850734));
#12371=CARTESIAN_POINT('',(45.3980016708374,45.,23.4990028850734));
#12372=CARTESIAN_POINT('',(-58.826003074646,16.0800004005432,23.4990028850734));
#12373=CARTESIAN_POINT('',(-59.680004119873,15.9659999608994,23.4990028850734));
#12374=CARTESIAN_POINT('',(-58.826003074646,16.0800004005432,23.4990028850734));
#12375=CARTESIAN_POINT('',(-58.2160043716431,15.9540003538132,23.4990028850734));
#12376=CARTESIAN_POINT('',(-58.826003074646,16.0800004005432,23.4990028850734));
#12377=CARTESIAN_POINT('',(-57.7340030670166,15.7260006666183,23.4990028850734));
#12378=CARTESIAN_POINT('',(-57.7340030670166,15.7260006666183,23.4990028850734));
#12379=CARTESIAN_POINT('',(-57.2540044784546,15.3060001134872,23.4990028850734));
#12380=CARTESIAN_POINT('',(-57.7340030670166,15.7260006666183,23.4990028850734));
#12381=CARTESIAN_POINT('',(-57.0560026168823,15.0380003452301,23.4990028850734));
#12382=CARTESIAN_POINT('',(-57.0560026168823,15.0380003452301,23.4990028850734));
#12383=CARTESIAN_POINT('',(-56.7460012435913,14.2380005121231,23.4990028850734));
#12384=CARTESIAN_POINT('',(-56.7460012435913,14.2380005121231,23.4990028850734));
#12385=CARTESIAN_POINT('',(-56.7080068588257,13.9080002903938,23.4990028850734));
#12386=CARTESIAN_POINT('',(-56.7460012435913,14.2380005121231,23.4990028850734));
#12387=CARTESIAN_POINT('',(-56.7680025100708,13.3280000090599,23.4990028850734));
#12388=CARTESIAN_POINT('',(-56.7680025100708,13.3280000090599,23.4990028850734));
#12389=CARTESIAN_POINT('',(-57.128005027771,12.5360000133514,23.4990028850734));
#12390=CARTESIAN_POINT('',(-57.128005027771,12.5360000133514,23.4990028850734));
#12391=CARTESIAN_POINT('',(-57.4280023574829,12.1900001168251,23.4990028850734));
#12392=CARTESIAN_POINT('',(-57.128005027771,12.5360000133514,23.4990028850734));
#12393=CARTESIAN_POINT('',(-58.0300045013428,11.7960001528263,23.4990028850734));
#12394=CARTESIAN_POINT('',(-57.4280023574829,12.1900001168251,23.4990028850734));
#12395=CARTESIAN_POINT('',(-58.5980033874512,11.6220001876354,23.4990028850734));
#12396=CARTESIAN_POINT('',(-58.5980033874512,11.6220001876354,23.4990028850734));
#12397=CARTESIAN_POINT('',(-59.3580007553101,11.6279999911785,23.4990028850734));
#12398=CARTESIAN_POINT('',(-58.5980033874512,11.6220001876354,23.4990028850734));
#12399=CARTESIAN_POINT('',(-60.1780033111572,11.9520001113415,23.4990028850734));
#12400=CARTESIAN_POINT('',(-59.3580007553101,11.6279999911785,23.4990028850734));
#12401=CARTESIAN_POINT('',(-60.7540035247803,12.5100001692772,23.4990028850734));
#12402=CARTESIAN_POINT('',(-60.7540035247803,12.5100001692772,23.4990028850734));
#12403=CARTESIAN_POINT('',(-61.0260057449341,12.9580003023148,23.4990028850734));
#12404=CARTESIAN_POINT('',(-60.7540035247803,12.5100001692772,23.4990028850734));
#12405=CARTESIAN_POINT('',(-61.1600065231323,13.3820003271103,23.4990028850734));
#12406=CARTESIAN_POINT('',(-61.0260057449341,12.9580003023148,23.4990028850734));
#12407=CARTESIAN_POINT('',(-61.1940050125122,14.0459999442101,23.4990028850734));
#12408=CARTESIAN_POINT('',(-61.1600065231323,13.3820003271103,23.4990028850734));
#12409=CARTESIAN_POINT('',(-61.1100053787231,14.4820004701614,23.4990028850734));
#12410=CARTESIAN_POINT('',(-61.1940050125122,14.0459999442101,23.4990028850734));
#12411=CARTESIAN_POINT('',(-60.8307552337646,15.0840002298355,23.4990028850734));
#12412=CARTESIAN_POINT('',(-60.8307552337646,15.0840002298355,23.4990028850734));
#12413=CARTESIAN_POINT('',(-60.4040050506592,15.5580002069473,23.4990028850734));
#12414=CARTESIAN_POINT('',(-60.4040050506592,15.5580002069473,23.4990028850734));
#12415=CARTESIAN_POINT('',(-60.1800060272217,15.7240003347397,23.4990028850734));
#12416=CARTESIAN_POINT('',(-60.4040050506592,15.5580002069473,23.4990028850734));
#12417=CARTESIAN_POINT('',(-59.680004119873,15.9659999608994,23.4990028850734));
#12418=CARTESIAN_POINT('Origin',(79.0480041503906,15.6720006465912,-0.00199999660253525));
#12419=CARTESIAN_POINT('',(45.3980016708374,45.,-0.00199999660253525));
#12420=CARTESIAN_POINT('',(40.4720020294189,46.6360020637512,-0.00199999660253525));
#12421=CARTESIAN_POINT('',(50.2419996261597,43.1240010261536,-0.00199999660253525));
#12422=CARTESIAN_POINT('',(50.2419996261597,43.1240010261536,-0.00199999660253525));
#12423=CARTESIAN_POINT('',(54.9860048294067,41.0140013694763,-0.00199999660253525));
#12424=CARTESIAN_POINT('',(54.9860048294067,41.0140013694763,-0.00199999660253525));
#12425=CARTESIAN_POINT('',(59.6220016479492,38.6720013618469,-0.00199999660253525));
#12426=CARTESIAN_POINT('',(59.6220016479492,38.6720013618469,-0.00199999660253525));
#12427=CARTESIAN_POINT('',(64.136004447937,36.1080026626587,-0.00199999660253525));
#12428=CARTESIAN_POINT('',(64.136004447937,36.1080026626587,-0.00199999660253525));
#12429=CARTESIAN_POINT('',(68.5200071334839,33.3260011672974,-0.00199999660253525));
#12430=CARTESIAN_POINT('',(64.136004447937,36.1080026626587,-0.00199999660253525));
#12431=CARTESIAN_POINT('',(72.7640008926392,30.3300023078918,-0.00199999660253525));
#12432=CARTESIAN_POINT('',(68.5200071334839,33.3260011672974,-0.00199999660253525));
#12433=CARTESIAN_POINT('',(76.8540048599243,27.1319997310638,-0.00199999660253525));
#12434=CARTESIAN_POINT('',(76.8540048599243,27.1319997310638,-0.00199999660253525));
#12435=CARTESIAN_POINT('',(80.7840061187744,23.7380015850067,-0.00199999660253525));
#12436=CARTESIAN_POINT('',(80.7840061187744,23.7380015850067,-0.00199999660253525));
#12437=CARTESIAN_POINT('',(84.5420074462891,20.1540005207062,-0.00199999660253525));
#12438=CARTESIAN_POINT('',(84.5420074462891,20.1540005207062,-0.00199999660253525));
#12439=CARTESIAN_POINT('',(85.1500034332275,19.4840002059937,-0.00199999660253525));
#12440=CARTESIAN_POINT('',(85.1500034332275,19.4840002059937,-0.00199999660253525));
#12441=CARTESIAN_POINT('',(86.1500072479248,17.98200070858,-0.00199999660253525));
#12442=CARTESIAN_POINT('',(86.1500072479248,17.98200070858,-0.00199999660253525));
#12443=CARTESIAN_POINT('',(86.7680072784424,16.5280002355576,-0.00199999660253525));
#12444=CARTESIAN_POINT('',(86.7680072784424,16.5280002355576,-0.00199999660253525));
#12445=CARTESIAN_POINT('',(87.0080089569092,15.6580007076263,-0.00199999660253525));
#12446=CARTESIAN_POINT('',(86.7680072784424,16.5280002355576,-0.00199999660253525));
#12447=CARTESIAN_POINT('',(87.224006652832,13.8660001754761,-0.00199999660253525));
#12448=CARTESIAN_POINT('',(87.0080089569092,15.6580007076263,-0.00199999660253525));
#12449=CARTESIAN_POINT('',(87.1780014038086,12.7960002422333,-0.00199999660253525));
#12450=CARTESIAN_POINT('',(87.1780014038086,12.7960002422333,-0.00199999660253525));
#12451=CARTESIAN_POINT('',(86.9480037689209,11.4040000736713,-0.00199999660253525));
#12452=CARTESIAN_POINT('',(86.9480037689209,11.4040000736713,-0.00199999660253525));
#12453=CARTESIAN_POINT('',(86.756010055542,10.7560000568628,-0.00199999660253525));
#12454=CARTESIAN_POINT('',(86.756010055542,10.7560000568628,-0.00199999660253525));
#12455=CARTESIAN_POINT('',(86.1320018768311,9.30399991571903,-0.00199999660253525));
#12456=CARTESIAN_POINT('',(86.756010055542,10.7560000568628,-0.00199999660253525));
#12457=CARTESIAN_POINT('',(85.5259990692139,8.35400000214577,-0.00199999660253525));
#12458=CARTESIAN_POINT('',(86.1320018768311,9.30399991571903,-0.00199999660253525));
#12459=CARTESIAN_POINT('',(84.6700096130371,7.30399996042252,-0.00199999660253525));
#12460=CARTESIAN_POINT('',(85.5259990692139,8.35400000214577,-0.00199999660253525));
#12461=CARTESIAN_POINT('',(83.302001953125,6.12999975681305,-0.00199999660253525));
#12462=CARTESIAN_POINT('',(84.6700096130371,7.30399996042252,-0.00199999660253525));
#12463=CARTESIAN_POINT('',(82.5360012054443,5.64999967813492,-0.00199999660253525));
#12464=CARTESIAN_POINT('',(83.302001953125,6.12999975681305,-0.00199999660253525));
#12465=CARTESIAN_POINT('',(81.308012008667,5.07599979639053,-0.00199999660253525));
#12466=CARTESIAN_POINT('',(82.5360012054443,5.64999967813492,-0.00199999660253525));
#12467=CARTESIAN_POINT('',(80.0120067596436,4.68999922275543,-0.00199999660253525));
#12468=CARTESIAN_POINT('',(81.308012008667,5.07599979639053,-0.00199999660253525));
#12469=CARTESIAN_POINT('',(78.9260053634644,4.51599955558777,-0.00199999660253525));
#12470=CARTESIAN_POINT('',(80.0120067596436,4.68999922275543,-0.00199999660253525));
#12471=CARTESIAN_POINT('',(76.252007484436,7.50799983739853,-0.00199999660253525));
#12472=CARTESIAN_POINT('',(76.252007484436,7.50799983739853,-0.00199999660253525));
#12473=CARTESIAN_POINT('',(73.0840063095093,10.7380000501871,-0.00199999660253525));
#12474=CARTESIAN_POINT('',(73.0840063095093,10.7380000501871,-0.00199999660253525));
#12475=CARTESIAN_POINT('',(69.7639989852905,13.8060003519058,-0.00199999660253525));
#12476=CARTESIAN_POINT('',(69.7639989852905,13.8060003519058,-0.00199999660253525));
#12477=CARTESIAN_POINT('',(66.2919998168945,16.7040008306503,-0.00199999660253525));
#12478=CARTESIAN_POINT('',(69.7639989852905,13.8060003519058,-0.00199999660253525));
#12479=CARTESIAN_POINT('',(62.6820039749146,19.4280004501343,-0.00199999660253525));
#12480=CARTESIAN_POINT('',(62.6820039749146,19.4280004501343,-0.00199999660253525));
#12481=CARTESIAN_POINT('',(58.9420032501221,21.9700002670288,-0.00199999660253525));
#12482=CARTESIAN_POINT('',(58.9420032501221,21.9700002670288,-0.00199999660253525));
#12483=CARTESIAN_POINT('',(55.0820016860962,24.3240010738373,-0.00199999660253525));
#12484=CARTESIAN_POINT('',(58.9420032501221,21.9700002670288,-0.00199999660253525));
#12485=CARTESIAN_POINT('',(51.1080026626587,26.4820003509521,-0.00199999660253525));
#12486=CARTESIAN_POINT('',(51.1080026626587,26.4820003509521,-0.00199999660253525));
#12487=CARTESIAN_POINT('',(47.0340013504028,28.4420013427734,-0.00199999660253525));
#12488=CARTESIAN_POINT('',(51.1080026626587,26.4820003509521,-0.00199999660253525));
#12489=CARTESIAN_POINT('',(42.8660011291504,30.1960015296936,-0.00199999660253525));
#12490=CARTESIAN_POINT('',(47.0340013504028,28.4420013427734,-0.00199999660253525));
#12491=CARTESIAN_POINT('',(38.6179995536804,31.7440009117126,-0.00199999660253525));
#12492=CARTESIAN_POINT('',(42.8660011291504,30.1960015296936,-0.00199999660253525));
#12493=CARTESIAN_POINT('',(34.2960023880005,33.0780005455017,-0.00199999660253525));
#12494=CARTESIAN_POINT('',(34.2960023880005,33.0780005455017,-0.00199999660253525));
#12495=CARTESIAN_POINT('',(29.9140024185181,34.1960024833679,-0.00199999660253525));
#12496=CARTESIAN_POINT('',(34.2960023880005,33.0780005455017,-0.00199999660253525));
#12497=CARTESIAN_POINT('',(25.4820013046265,35.096001625061,-0.00199999660253525));
#12498=CARTESIAN_POINT('',(29.9140024185181,34.1960024833679,-0.00199999660253525));
#12499=CARTESIAN_POINT('',(21.0120010375977,35.776002407074,-0.00199999660253525));
#12500=CARTESIAN_POINT('',(25.4820013046265,35.096001625061,-0.00199999660253525));
#12501=CARTESIAN_POINT('',(16.5139997005463,36.2320017814636,-0.00199999660253525));
#12502=CARTESIAN_POINT('',(16.5139997005463,36.2320017814636,-0.00199999660253525));
#12503=CARTESIAN_POINT('',(11.9980001449585,36.4660024642944,-0.00199999660253525));
#12504=CARTESIAN_POINT('',(11.9980001449585,36.4660024642944,-0.00199999660253525));
#12505=CARTESIAN_POINT('',(7.47600018978119,36.476001739502,-0.00199999660253525));
#12506=CARTESIAN_POINT('',(11.9980001449585,36.4660024642944,-0.00199999660253525));
#12507=CARTESIAN_POINT('',(2.95800030231476,36.262001991272,-0.00199999660253525));
#12508=CARTESIAN_POINT('',(7.47600018978119,36.476001739502,-0.00199999660253525));
#12509=CARTESIAN_POINT('',(-1.54200002551079,35.8240008354187,-0.00199999660253525));
#12510=CARTESIAN_POINT('',(2.95800030231476,36.262001991272,-0.00199999660253525));
#12511=CARTESIAN_POINT('',(-6.01600050926208,35.1640009880066,-0.00199999660253525));
#12512=CARTESIAN_POINT('',(-6.01600050926208,35.1640009880066,-0.00199999660253525));
#12513=CARTESIAN_POINT('',(-10.4500007629395,34.2820024490356,-0.00199999660253525));
#12514=CARTESIAN_POINT('',(-6.01600050926208,35.1640009880066,-0.00199999660253525));
#12515=CARTESIAN_POINT('',(-14.8360002040863,33.1820011138916,-0.00199999660253525));
#12516=CARTESIAN_POINT('',(-14.8360002040863,33.1820011138916,-0.00199999660253525));
#12517=CARTESIAN_POINT('',(-19.1620004177094,31.8660020828247,-0.00199999660253525));
#12518=CARTESIAN_POINT('',(-19.1620004177094,31.8660020828247,-0.00199999660253525));
#12519=CARTESIAN_POINT('',(-23.4180021286011,30.3380012512207,-0.00199999660253525));
#12520=CARTESIAN_POINT('',(-19.1620004177094,31.8660020828247,-0.00199999660253525));
#12521=CARTESIAN_POINT('',(-27.5920009613037,28.6020016670227,-0.00199999660253525));
#12522=CARTESIAN_POINT('',(-23.4180021286011,30.3380012512207,-0.00199999660253525));
#12523=CARTESIAN_POINT('',(-31.6760015487671,26.6580009460449,-0.00199999660253525));
#12524=CARTESIAN_POINT('',(-27.5920009613037,28.6020016670227,-0.00199999660253525));
#12525=CARTESIAN_POINT('',(-35.6580018997192,24.5160007476807,-0.00199999660253525));
#12526=CARTESIAN_POINT('',(-31.6760015487671,26.6580009460449,-0.00199999660253525));
#12527=CARTESIAN_POINT('',(-39.5300030708313,22.1800005435944,-0.00199999660253525));
#12528=CARTESIAN_POINT('',(-35.6580018997192,24.5160007476807,-0.00199999660253525));
#12529=CARTESIAN_POINT('',(-43.2800054550171,19.6540004014969,-0.00199999660253525));
#12530=CARTESIAN_POINT('',(-39.5300030708313,22.1800005435944,-0.00199999660253525));
#12531=CARTESIAN_POINT('',(-46.902003288269,16.94600045681,-0.00199999660253525));
#12532=CARTESIAN_POINT('',(-43.2800054550171,19.6540004014969,-0.00199999660253525));
#12533=CARTESIAN_POINT('',(-50.3840017318726,14.0620002150536,-0.00199999660253525));
#12534=CARTESIAN_POINT('',(-46.902003288269,16.94600045681,-0.00199999660253525));
#12535=CARTESIAN_POINT('',(-53.7200021743774,11.0080000013113,-0.00199999660253525));
#12536=CARTESIAN_POINT('',(-50.3840017318726,14.0620002150536,-0.00199999660253525));
#12537=CARTESIAN_POINT('',(-56.9000005722046,7.79399991035461,-0.00199999660253525));
#12538=CARTESIAN_POINT('',(-53.7200021743774,11.0080000013113,-0.00199999660253525));
#12539=CARTESIAN_POINT('',(-59.5980024337769,4.7979998588562,-0.00199999660253525));
#12540=CARTESIAN_POINT('',(-56.9000005722046,7.79399991035461,-0.00199999660253525));
#12541=CARTESIAN_POINT('',(-61.1400032043457,5.04399955272675,-0.00199999660253525));
#12542=CARTESIAN_POINT('',(-59.5980024337769,4.7979998588562,-0.00199999660253525));
#12543=CARTESIAN_POINT('',(-62.834005355835,5.64999967813492,-0.00199999660253525));
#12544=CARTESIAN_POINT('',(-62.834005355835,5.64999967813492,-0.00199999660253525));
#12545=CARTESIAN_POINT('',(-63.6280012130737,6.07399970293045,-0.00199999660253525));
#12546=CARTESIAN_POINT('',(-62.834005355835,5.64999967813492,-0.00199999660253525));
#12547=CARTESIAN_POINT('',(-64.7300052642822,6.85399979352951,-0.00199999660253525));
#12548=CARTESIAN_POINT('',(-63.6280012130737,6.07399970293045,-0.00199999660253525));
#12549=CARTESIAN_POINT('',(-65.7040023803711,7.78999999165535,-0.00199999660253525));
#12550=CARTESIAN_POINT('',(-65.7040023803711,7.78999999165535,-0.00199999660253525));
#12551=CARTESIAN_POINT('',(-66.2700033187866,8.48999992012978,-0.00199999660253525));
#12552=CARTESIAN_POINT('',(-66.2700033187866,8.48999992012978,-0.00199999660253525));
#12553=CARTESIAN_POINT('',(-66.81800365448,9.34199996292591,-0.00199999660253525));
#12554=CARTESIAN_POINT('',(-66.81800365448,9.34199996292591,-0.00199999660253525));
#12555=CARTESIAN_POINT('',(-67.7400064468384,11.6320000588894,-0.00199999660253525));
#12556=CARTESIAN_POINT('',(-66.81800365448,9.34199996292591,-0.00199999660253525));
#12557=CARTESIAN_POINT('',(-67.974009513855,13.0740001797676,-0.00199999660253525));
#12558=CARTESIAN_POINT('',(-67.974009513855,13.0740001797676,-0.00199999660253525));
#12559=CARTESIAN_POINT('',(-67.9660034179688,14.7580003738403,-0.00199999660253525));
#12560=CARTESIAN_POINT('',(-67.974009513855,13.0740001797676,-0.00199999660253525));
#12561=CARTESIAN_POINT('',(-67.7280044555664,16.0860008001328,-0.00199999660253525));
#12562=CARTESIAN_POINT('',(-67.9660034179688,14.7580003738403,-0.00199999660253525));
#12563=CARTESIAN_POINT('',(-67.5080060958862,16.8420004844666,-0.00199999660253525));
#12564=CARTESIAN_POINT('',(-67.5080060958862,16.8420004844666,-0.00199999660253525));
#12565=CARTESIAN_POINT('',(-66.6800022125244,18.5659998655319,-0.00199999660253525));
#12566=CARTESIAN_POINT('',(-66.6800022125244,18.5659998655319,-0.00199999660253525));
#12567=CARTESIAN_POINT('',(-65.366005897522,20.246000289917,-0.00199999660253525));
#12568=CARTESIAN_POINT('',(-65.366005897522,20.246000289917,-0.00199999660253525));
#12569=CARTESIAN_POINT('',(-61.6120052337646,23.8160014152527,-0.00199999660253525));
#12570=CARTESIAN_POINT('',(-61.6120052337646,23.8160014152527,-0.00199999660253525));
#12571=CARTESIAN_POINT('',(-57.6880025863647,27.2000014781952,-0.00199999660253525));
#12572=CARTESIAN_POINT('',(-57.6880025863647,27.2000014781952,-0.00199999660253525));
#12573=CARTESIAN_POINT('',(-53.6040067672729,30.3880000114441,-0.00199999660253525));
#12574=CARTESIAN_POINT('',(-53.6040067672729,30.3880000114441,-0.00199999660253525));
#12575=CARTESIAN_POINT('',(-49.3680047988892,33.3720016479492,-0.00199999660253525));
#12576=CARTESIAN_POINT('',(-49.3680047988892,33.3720016479492,-0.00199999660253525));
#12577=CARTESIAN_POINT('',(-44.9920034408569,36.1440014839172,-0.00199999660253525));
#12578=CARTESIAN_POINT('',(-44.9920034408569,36.1440014839172,-0.00199999660253525));
#12579=CARTESIAN_POINT('',(-40.4840040206909,38.7000012397766,-0.00199999660253525));
#12580=CARTESIAN_POINT('',(-40.4840040206909,38.7000012397766,-0.00199999660253525));
#12581=CARTESIAN_POINT('',(-35.8580017089844,41.0320019721985,-0.00199999660253525));
#12582=CARTESIAN_POINT('',(-35.8580017089844,41.0320019721985,-0.00199999660253525));
#12583=CARTESIAN_POINT('',(-31.1240005493164,43.1380009651184,-0.00199999660253525));
#12584=CARTESIAN_POINT('',(-31.1240005493164,43.1380009651184,-0.00199999660253525));
#12585=CARTESIAN_POINT('',(-26.2920022010803,45.0080037117004,-0.00199999660253525));
#12586=CARTESIAN_POINT('',(-26.2920022010803,45.0080037117004,-0.00199999660253525));
#12587=CARTESIAN_POINT('',(-21.3740015029907,46.6400027275085,-0.00199999660253525));
#12588=CARTESIAN_POINT('',(-21.3740015029907,46.6400027275085,-0.00199999660253525));
#12589=CARTESIAN_POINT('',(-16.5040016174316,47.9999995231628,-0.00199999660253525));
#12590=CARTESIAN_POINT('',(-16.5040016174316,47.9999995231628,-0.00199999660253525));
#12591=CARTESIAN_POINT('',(23.6489622453521,59.1899049978544,-0.00199999660253525));
#12592=CARTESIAN_POINT('',(-57.1500015258789,15.1740002632141,-0.00199999660253525));
#12593=CARTESIAN_POINT('',(-57.5840044021606,15.6120008230209,-0.00199999660253525));
#12594=CARTESIAN_POINT('',(-57.1500015258789,15.1740002632141,-0.00199999660253525));
#12595=CARTESIAN_POINT('',(-58.1360006332397,15.9260004758835,-0.00199999660253525));
#12596=CARTESIAN_POINT('',(-57.5840044021606,15.6120008230209,-0.00199999660253525));
#12597=CARTESIAN_POINT('',(-59.0100049972534,16.0800004005432,-0.00199999660253525));
#12598=CARTESIAN_POINT('',(-58.1360006332397,15.9260004758835,-0.00199999660253525));
#12599=CARTESIAN_POINT('',(-59.8120069503784,15.9180003404617,-0.00199999660253525));
#12600=CARTESIAN_POINT('',(-59.0100049972534,16.0800004005432,-0.00199999660253525));
#12601=CARTESIAN_POINT('',(-60.5260038375854,15.4460000991821,-0.00199999660253525));
#12602=CARTESIAN_POINT('',(-59.8120069503784,15.9180003404617,-0.00199999660253525));
#12603=CARTESIAN_POINT('',(-60.8300018310547,15.0840002298355,-0.00199999660253525));
#12604=CARTESIAN_POINT('',(-60.5260038375854,15.4460000991821,-0.00199999660253525));
#12605=CARTESIAN_POINT('',(-60.9800052642822,14.8180004954338,-0.00199999660253525));
#12606=CARTESIAN_POINT('',(-60.8300018310547,15.0840002298355,-0.00199999660253525));
#12607=CARTESIAN_POINT('',(-61.1940050125122,14.0459999442101,-0.00199999660253525));
#12608=CARTESIAN_POINT('',(-60.9800052642822,14.8180004954338,-0.00199999660253525));
#12609=CARTESIAN_POINT('',(-61.1800050735474,13.4920001029968,-0.00199999660253525));
#12610=CARTESIAN_POINT('',(-61.1940050125122,14.0459999442101,-0.00199999660253525));
#12611=CARTESIAN_POINT('',(-60.9780073165894,12.858000099659,-0.00199999660253525));
#12612=CARTESIAN_POINT('',(-60.9780073165894,12.858000099659,-0.00199999660253525));
#12613=CARTESIAN_POINT('',(-60.7180023193359,12.4480001628399,-0.00199999660253525));
#12614=CARTESIAN_POINT('',(-60.9780073165894,12.858000099659,-0.00199999660253525));
#12615=CARTESIAN_POINT('',(-60.3600072860718,12.0820000767708,-0.00199999660253525));
#12616=CARTESIAN_POINT('',(-60.7180023193359,12.4480001628399,-0.00199999660253525));
#12617=CARTESIAN_POINT('',(-60.0860023498535,11.8920001387596,-0.00199999660253525));
#12618=CARTESIAN_POINT('',(-60.0860023498535,11.8920001387596,-0.00199999660253525));
#12619=CARTESIAN_POINT('',(-59.5740032196045,11.6780000925064,-0.00199999660253525));
#12620=CARTESIAN_POINT('',(-59.5740032196045,11.6780000925064,-0.00199999660253525));
#12621=CARTESIAN_POINT('',(-58.9560031890869,11.6020001471043,-0.00199999660253525));
#12622=CARTESIAN_POINT('',(-59.5740032196045,11.6780000925064,-0.00199999660253525));
#12623=CARTESIAN_POINT('',(-58.0300045013428,11.7960001528263,-0.00199999660253525));
#12624=CARTESIAN_POINT('',(-58.0300045013428,11.7960001528263,-0.00199999660253525));
#12625=CARTESIAN_POINT('',(-57.4720048904419,12.1560001373291,-0.00199999660253525));
#12626=CARTESIAN_POINT('',(-57.4720048904419,12.1560001373291,-0.00199999660253525));
#12627=CARTESIAN_POINT('',(-57.128005027771,12.5360000133514,-0.00199999660253525));
#12628=CARTESIAN_POINT('',(-57.4720048904419,12.1560001373291,-0.00199999660253525));
#12629=CARTESIAN_POINT('',(-56.9000005722046,12.9340001940727,-0.00199999660253525));
#12630=CARTESIAN_POINT('',(-56.9000005722046,12.9340001940727,-0.00199999660253525));
#12631=CARTESIAN_POINT('',(-56.7100048065186,13.7960001826286,-0.00199999660253525));
#12632=CARTESIAN_POINT('',(-56.7100048065186,13.7960001826286,-0.00199999660253525));
#12633=CARTESIAN_POINT('',(-56.7660045623779,14.3479999899864,-0.00199999660253525));
#12634=CARTESIAN_POINT('',(-56.7100048065186,13.7960001826286,-0.00199999660253525));
#12635=CARTESIAN_POINT('',(-57.1500015258789,15.1740002632141,-0.00199999660253525));
#12636=CARTESIAN_POINT('',(79.7000074386597,15.1540005207062,-0.00199999660253525));
#12637=CARTESIAN_POINT('',(79.0480041503906,15.6720006465912,-0.00199999660253525));
#12638=CARTESIAN_POINT('',(79.7000074386597,15.1540005207062,-0.00199999660253525));
#12639=CARTESIAN_POINT('',(78.6040067672729,15.8340001106262,-0.00199999660253525));
#12640=CARTESIAN_POINT('',(79.0480041503906,15.6720006465912,-0.00199999660253525));
#12641=CARTESIAN_POINT('',(77.9480075836182,15.8980005979538,-0.00199999660253525));
#12642=CARTESIAN_POINT('',(78.6040067672729,15.8340001106262,-0.00199999660253525));
#12643=CARTESIAN_POINT('',(77.4240064620972,15.82200050354,-0.00199999660253525));
#12644=CARTESIAN_POINT('',(77.9480075836182,15.8980005979538,-0.00199999660253525));
#12645=CARTESIAN_POINT('',(77.1640014648438,15.7300007343292,-0.00199999660253525));
#12646=CARTESIAN_POINT('',(77.1640014648438,15.7300007343292,-0.00199999660253525));
#12647=CARTESIAN_POINT('',(76.6660022735596,15.4300004243851,-0.00199999660253525));
#12648=CARTESIAN_POINT('',(77.1640014648438,15.7300007343292,-0.00199999660253525));
#12649=CARTESIAN_POINT('',(76.2639999389648,15.0280004739761,-0.00199999660253525));
#12650=CARTESIAN_POINT('',(76.6660022735596,15.4300004243851,-0.00199999660253525));
#12651=CARTESIAN_POINT('',(75.8599996566772,14.1980004310608,-0.00199999660253525));
#12652=CARTESIAN_POINT('',(76.2639999389648,15.0280004739761,-0.00199999660253525));
#12653=CARTESIAN_POINT('',(75.8080053329468,13.3980002999306,-0.00199999660253525));
#12654=CARTESIAN_POINT('',(75.8599996566772,14.1980004310608,-0.00199999660253525));
#12655=CARTESIAN_POINT('',(75.971999168396,12.780000269413,-0.00199999660253525));
#12656=CARTESIAN_POINT('',(75.8080053329468,13.3980002999306,-0.00199999660253525));
#12657=CARTESIAN_POINT('',(76.262001991272,12.3100002110004,-0.00199999660253525));
#12658=CARTESIAN_POINT('',(75.971999168396,12.780000269413,-0.00199999660253525));
#12659=CARTESIAN_POINT('',(76.7280054092407,11.8380001187325,-0.00199999660253525));
#12660=CARTESIAN_POINT('',(76.7280054092407,11.8380001187325,-0.00199999660253525));
#12661=CARTESIAN_POINT('',(77.3460006713867,11.5240000188351,-0.00199999660253525));
#12662=CARTESIAN_POINT('',(77.3460006713867,11.5240000188351,-0.00199999660253525));
#12663=CARTESIAN_POINT('',(77.9440021514893,11.4260001480579,-0.00199999660253525));
#12664=CARTESIAN_POINT('',(77.3460006713867,11.5240000188351,-0.00199999660253525));
#12665=CARTESIAN_POINT('',(78.846001625061,11.5600000321865,-0.00199999660253525));
#12666=CARTESIAN_POINT('',(78.846001625061,11.5600000321865,-0.00199999660253525));
#12667=CARTESIAN_POINT('',(79.4240045547485,11.8860000371933,-0.00199999660253525));
#12668=CARTESIAN_POINT('',(79.4240045547485,11.8860000371933,-0.00199999660253525));
#12669=CARTESIAN_POINT('',(79.7160053253174,12.1640001237392,-0.00199999660253525));
#12670=CARTESIAN_POINT('',(79.7160053253174,12.1640001237392,-0.00199999660253525));
#12671=CARTESIAN_POINT('',(80.0740051269531,12.722000181675,-0.00199999660253525));
#12672=CARTESIAN_POINT('',(80.0740051269531,12.722000181675,-0.00199999660253525));
#12673=CARTESIAN_POINT('',(80.2540111541748,13.2600003480911,-0.00199999660253525));
#12674=CARTESIAN_POINT('',(80.0740051269531,12.722000181675,-0.00199999660253525));
#12675=CARTESIAN_POINT('',(80.2660083770752,13.9800003170967,-0.00199999660253525));
#12676=CARTESIAN_POINT('',(80.2540111541748,13.2600003480911,-0.00199999660253525));
#12677=CARTESIAN_POINT('',(80.196008682251,14.3060001730919,-0.00199999660253525));
#12678=CARTESIAN_POINT('',(80.196008682251,14.3060001730919,-0.00199999660253525));
#12679=CARTESIAN_POINT('',(79.9600076675415,14.8380002379417,-0.00199999660253525));
#12680=CARTESIAN_POINT('',(80.196008682251,14.3060001730919,-0.00199999660253525));
#12681=CARTESIAN_POINT('',(79.9600076675415,14.8380002379417,-0.00199999660253525));
#12682=CARTESIAN_POINT('Origin',(-16.5040016174316,47.9999995231628,23.4990028850734));
#12683=CARTESIAN_POINT('',(-21.6659998893738,47.596001625061,22.9990033619106));
#12684=CARTESIAN_POINT('Origin',(-16.5040016174316,47.9999995231628,-0.00199999660253525));
#12685=CARTESIAN_POINT('',(-16.5040016174316,47.9999995231628,-0.00199999660253525));
#12686=CARTESIAN_POINT('Origin',(-16.5040016174316,47.9999995231628,-0.00199999660253525));
#12687=CARTESIAN_POINT('',(-21.3740015029907,46.6400027275085,-0.00199999660253525));
#12688=CARTESIAN_POINT('Origin',(-16.5040016174316,47.9999995231628,23.4990028850734));
#12689=CARTESIAN_POINT('',(-21.6659998893738,47.596001625061,22.9990033619106));
#12690=CARTESIAN_POINT('Origin',(35.7140016555786,49.0000009536743,0.498000048100948));
#12691=CARTESIAN_POINT('',(40.7620000839233,47.5940012931824,22.9990033619106));
#12692=CARTESIAN_POINT('Origin',(80.1300048828125,14.4880005717278,23.4990028850734));
#12693=CARTESIAN_POINT('',(80.2660083770752,13.9800003170967,-0.00199999660253525));
#12694=CARTESIAN_POINT('',(80.2660083770752,13.9800003170967,-0.00199999660253525));
#12695=CARTESIAN_POINT('Origin',(80.2840042114258,13.8140001893044,23.4990028850734));
#12696=CARTESIAN_POINT('',(80.2540111541748,13.2600003480911,-0.00199999660253525));
#12697=CARTESIAN_POINT('Origin',(75.5192565917969,6.8259996175766,22.9990033619106));
#12698=CARTESIAN_POINT('',(75.5200052261353,6.8259996175766,0.498000048100948));
#12699=CARTESIAN_POINT('',(72.3872518539429,10.0200000009499,0.498000048100948));
#12700=CARTESIAN_POINT('',(75.5200052261353,6.8259996175766,0.498000048100948));
#12701=CARTESIAN_POINT('',(75.5192565917969,6.8259996175766,22.9990033619106));
#12702=CARTESIAN_POINT('',(75.5200052261353,6.8259996175766,0.498000048100948));
#12703=CARTESIAN_POINT('',(72.3872518539429,10.0200000009499,0.498000048100948));
#12704=CARTESIAN_POINT('Origin',(75.5192565917969,6.8259996175766,22.9990033619106));
#12705=CARTESIAN_POINT('',(78.4900045394897,3.48199963569641,0.498000048100948));
#12706=CARTESIAN_POINT('',(75.5200052261353,6.8259996175766,0.498000048100948));
#12707=CARTESIAN_POINT('',(78.4900045394897,3.48199963569641,0.498000048100948));
#12708=CARTESIAN_POINT('Origin',(77.9440021514893,11.4260001480579,-0.00199999660253525));
#12709=CARTESIAN_POINT('',(78.846001625061,11.5600000321865,-0.00199999660253525));
#12710=CARTESIAN_POINT('',(77.9440021514893,11.4260001480579,-0.00199999660253525));
#12711=CARTESIAN_POINT('Origin',(78.5120010375977,11.4660000801086,23.4990028850734));
#12712=CARTESIAN_POINT('',(77.9440021514893,11.4260001480579,-0.00199999660253525));
#12713=CARTESIAN_POINT('Origin',(77.9180097579956,11.4220000803471,23.4990028850734));
#12714=CARTESIAN_POINT('',(77.9440021514893,11.4260001480579,-0.00199999660253525));
#12715=CARTESIAN_POINT('Origin',(77.1920013427734,11.5880000591278,23.4990028850734));
#12716=CARTESIAN_POINT('',(77.9440021514893,11.4260001480579,-0.00199999660253525));
#12717=CARTESIAN_POINT('Origin',(77.9440021514893,11.4260001480579,-0.00199999660253525));
#12718=CARTESIAN_POINT('',(77.3460006713867,11.5240000188351,-0.00199999660253525));
#12719=CARTESIAN_POINT('Origin',(76.7280054092407,11.8380001187325,-0.00199999660253525));
#12720=CARTESIAN_POINT('',(76.7280054092407,11.8380001187325,-0.00199999660253525));
#12721=CARTESIAN_POINT('Origin',(76.252007484436,12.3020000755787,23.4990028850734));
#12722=CARTESIAN_POINT('',(76.262001991272,12.3100002110004,-0.00199999660253525));
#12723=CARTESIAN_POINT('',(76.262001991272,12.3100002110004,-0.00199999660253525));
#12724=CARTESIAN_POINT('Origin',(76.262001991272,12.3100002110004,-0.00199999660253525));
#12725=CARTESIAN_POINT('',(75.971999168396,12.780000269413,-0.00199999660253525));
#12726=CARTESIAN_POINT('',(76.262001991272,12.3100002110004,-0.00199999660253525));
#12727=CARTESIAN_POINT('Origin',(75.8459997177124,13.1780001521111,23.4990028850734));
#12728=CARTESIAN_POINT('',(75.971999168396,12.780000269413,-0.00199999660253525));
#12729=CARTESIAN_POINT('Origin',(76.252007484436,12.3020000755787,23.4990028850734));
#12730=CARTESIAN_POINT('Origin',(75.971999168396,12.780000269413,-0.00199999660253525));
#12731=CARTESIAN_POINT('',(75.8080053329468,13.3980002999306,-0.00199999660253525));
#12732=CARTESIAN_POINT('Origin',(75.8599996566772,14.1980004310608,-0.00199999660253525));
#12733=CARTESIAN_POINT('',(75.8080053329468,13.3980002999306,-0.00199999660253525));
#12734=CARTESIAN_POINT('',(75.8599996566772,14.1980004310608,-0.00199999660253525));
#12735=CARTESIAN_POINT('Origin',(75.8080053329468,13.8200002908707,23.4990028850734));
#12736=CARTESIAN_POINT('',(75.8599996566772,14.1980004310608,-0.00199999660253525));
#12737=CARTESIAN_POINT('Origin',(79.3580007553101,11.8380001187325,23.4990028850734));
#12738=CARTESIAN_POINT('',(78.846001625061,11.5600000321865,-0.00199999660253525));
#12739=CARTESIAN_POINT('',(79.4240045547485,11.8860000371933,-0.00199999660253525));
#12740=CARTESIAN_POINT('Origin',(80.1300048828125,14.4880005717278,23.4990028850734));
#12741=CARTESIAN_POINT('',(79.9600076675415,14.8380002379417,-0.00199999660253525));
#12742=CARTESIAN_POINT('',(79.9600076675415,14.8380002379417,-0.00199999660253525));
#12743=CARTESIAN_POINT('Origin',(80.1300048828125,14.4880005717278,23.4990028850734));
#12744=CARTESIAN_POINT('',(80.196008682251,14.3060001730919,-0.00199999660253525));
#12745=CARTESIAN_POINT('Origin',(80.1300048828125,14.4880005717278,23.4990028850734));
#12746=CARTESIAN_POINT('Origin',(88.1519985198975,14.888000190258,0.498000048100948));
#12747=CARTESIAN_POINT('',(88.2240104675293,13.8900002837181,0.498000048100948));
#12748=CARTESIAN_POINT('',(88.2240104675293,13.8900002837181,22.9990033619106));
#12749=CARTESIAN_POINT('',(88.2240104675293,13.8900002837181,0.498000048100948));
#12750=CARTESIAN_POINT('',(88.1519985198975,14.888000190258,0.498000048100948));
#12751=CARTESIAN_POINT('',(88.1519985198975,14.888000190258,0.498000048100948));
#12752=CARTESIAN_POINT('',(88.1519985198975,14.888000190258,0.498000048100948));
#12753=CARTESIAN_POINT('Origin',(88.2240104675293,13.8900002837181,0.498000048100948));
#12754=CARTESIAN_POINT('',(88.1360054016113,12.3920002579689,0.498000048100948));
#12755=CARTESIAN_POINT('',(88.1352519989014,12.3920002579689,22.9990033619106));
#12756=CARTESIAN_POINT('',(88.1360054016113,12.3920002579689,0.498000048100948));
#12757=CARTESIAN_POINT('',(88.1360054016113,12.3920002579689,0.498000048100948));
#12758=CARTESIAN_POINT('',(88.2240104675293,13.8900002837181,0.498000048100948));
#12759=CARTESIAN_POINT('Origin',(88.1360054016113,12.3920002579689,0.498000048100948));
#12760=CARTESIAN_POINT('',(87.8492641448975,10.9180000424385,22.9990033619106));
#12761=CARTESIAN_POINT('',(87.8492641448975,10.9180000424385,22.9990033619106));
#12762=CARTESIAN_POINT('',(88.1360054016113,12.3920002579689,0.498000048100948));
#12763=CARTESIAN_POINT('Origin',(87.8492641448975,10.9180000424385,22.9990033619106));
#12764=CARTESIAN_POINT('',(87.8500080108643,10.9180000424385,0.498000048100948));
#12765=CARTESIAN_POINT('',(87.8500080108643,10.9180000424385,0.498000048100948));
#12766=CARTESIAN_POINT('',(87.8500080108643,10.9180000424385,0.498000048100948));
#12767=CARTESIAN_POINT('Origin',(87.4840068817139,9.85399998724461,0.498000048100948));
#12768=CARTESIAN_POINT('',(87.38600730896,9.62199997156858,22.9990033619106));
#12769=CARTESIAN_POINT('',(87.8500080108643,10.9180000424385,0.498000048100948));
#12770=CARTESIAN_POINT('',(87.4840068817139,9.85399998724461,0.498000048100948));
#12771=CARTESIAN_POINT('',(87.4840068817139,9.85399998724461,0.498000048100948));
#12772=CARTESIAN_POINT('',(87.4840068817139,9.85399998724461,0.498000048100948));
#12773=CARTESIAN_POINT('Origin',(87.0120048522949,8.82999993860722,0.498000048100948));
#12774=CARTESIAN_POINT('',(86.8879985809326,8.61199989914894,22.9990033619106));
#12775=CARTESIAN_POINT('',(87.4840068817139,9.85399998724461,0.498000048100948));
#12776=CARTESIAN_POINT('',(87.0120048522949,8.82999993860722,0.498000048100948));
#12777=CARTESIAN_POINT('',(87.0120048522949,8.82999993860722,0.498000048100948));
#12778=CARTESIAN_POINT('',(87.0120048522949,8.82999993860722,0.498000048100948));
#12779=CARTESIAN_POINT('Origin',(86.8879985809326,8.61199989914894,22.9990033619106));
#12780=CARTESIAN_POINT('',(86.2720012664795,7.6699997484684,22.9990033619106));
#12781=CARTESIAN_POINT('',(87.0120048522949,8.82999993860722,0.498000048100948));
#12782=CARTESIAN_POINT('',(86.2720012664795,7.6699997484684,22.9990033619106));
#12783=CARTESIAN_POINT('Origin',(86.0500049591064,7.36799985170364,0.498000048100948));
#12784=CARTESIAN_POINT('',(86.0500049591064,7.36799985170364,0.498000048100948));
#12785=CARTESIAN_POINT('',(86.0500049591064,7.36799985170364,0.498000048100948));
#12786=CARTESIAN_POINT('',(87.0120048522949,8.82999993860722,0.498000048100948));
#12787=CARTESIAN_POINT('Origin',(86.2720012664795,7.6699997484684,22.9990033619106));
#12788=CARTESIAN_POINT('',(85.3920078277588,6.61199957132339,22.9990033619106));
#12789=CARTESIAN_POINT('',(86.0500049591064,7.36799985170364,0.498000048100948));
#12790=CARTESIAN_POINT('',(85.3920078277588,6.61199957132339,22.9990033619106));
#12791=CARTESIAN_POINT('Origin',(76.2639999389648,15.0280004739761,-0.00199999660253525));
#12792=CARTESIAN_POINT('',(75.8599996566772,14.1980004310608,-0.00199999660253525));
#12793=CARTESIAN_POINT('',(76.2639999389648,15.0280004739761,-0.00199999660253525));
#12794=CARTESIAN_POINT('Origin',(76.2639999389648,15.0280004739761,-0.00199999660253525));
#12795=CARTESIAN_POINT('',(76.6660022735596,15.4300004243851,-0.00199999660253525));
#12796=CARTESIAN_POINT('',(76.2639999389648,15.0280004739761,-0.00199999660253525));
#12797=CARTESIAN_POINT('Origin',(76.9360065460205,15.6220000982285,23.4990028850734));
#12798=CARTESIAN_POINT('Origin',(77.1640014648438,15.7300007343292,-0.00199999660253525));
#12799=CARTESIAN_POINT('',(77.1640014648438,15.7300007343292,-0.00199999660253525));
#12800=CARTESIAN_POINT('Origin',(77.9480075836182,15.8980005979538,-0.00199999660253525));
#12801=CARTESIAN_POINT('',(78.6040067672729,15.8340001106262,-0.00199999660253525));
#12802=CARTESIAN_POINT('',(77.9480075836182,15.8980005979538,-0.00199999660253525));
#12803=CARTESIAN_POINT('Origin',(79.0100049972534,15.6880003213882,23.4990028850734));
#12804=CARTESIAN_POINT('',(79.7000074386597,15.1540005207062,-0.00199999660253525));
#12805=CARTESIAN_POINT('',(79.7000074386597,15.1540005207062,-0.00199999660253525));
#12806=CARTESIAN_POINT('Origin',(79.7800064086914,15.0860005617142,23.4990028850734));
#12807=CARTESIAN_POINT('',(79.7000074386597,15.1540005207062,-0.00199999660253525));
#12808=CARTESIAN_POINT('Origin',(79.9300003051758,14.8840004205704,23.4990028850734));
#12809=CARTESIAN_POINT('Origin',(85.2500057220459,20.8600008487701,22.9990033619106));
#12810=CARTESIAN_POINT('',(85.2500057220459,20.8600008487701,0.498000048100948));
#12811=CARTESIAN_POINT('',(81.4572525024414,24.4780004024506,0.497625041753054));
#12812=CARTESIAN_POINT('',(85.2500057220459,20.8600008487701,0.498000048100948));
#12813=CARTESIAN_POINT('',(85.2500057220459,20.8600008487701,22.9990033619106));
#12814=CARTESIAN_POINT('',(85.2500057220459,20.8600008487701,22.9990033619106));
#12815=CARTESIAN_POINT('',(85.2500057220459,20.8600008487701,0.498000048100948));
#12816=CARTESIAN_POINT('Origin',(86.6420078277588,19.0940010547638,0.498000048100948));
#12817=CARTESIAN_POINT('',(86.2980079650879,19.6160000562668,22.9990033619106));
#12818=CARTESIAN_POINT('',(86.9100093841553,18.6700004339218,22.9990033619106));
#12819=CARTESIAN_POINT('',(86.6420078277588,19.0940010547638,0.498000048100948));
#12820=CARTESIAN_POINT('',(86.6420078277588,19.0940010547638,0.498000048100948));
#12821=CARTESIAN_POINT('',(86.6420078277588,19.0940010547638,0.498000048100948));
#12822=CARTESIAN_POINT('Origin',(87.3600006103516,17.7760004997253,22.9990033619106));
#12823=CARTESIAN_POINT('',(87.4040126800537,17.6580005884171,0.498000048100948));
#12824=CARTESIAN_POINT('',(87.4040126800537,17.6580005884171,0.498000048100948));
#12825=CARTESIAN_POINT('',(86.6420078277588,19.0940010547638,0.498000048100948));
#12826=CARTESIAN_POINT('',(87.4040126800537,17.6580005884171,0.498000048100948));
#12827=CARTESIAN_POINT('Origin',(87.3600006103516,17.7760004997253,22.9990033619106));
#12828=CARTESIAN_POINT('',(87.7180004119873,16.8400001525879,22.9990033619106));
#12829=CARTESIAN_POINT('',(87.4040126800537,17.6580005884171,0.498000048100948));
#12830=CARTESIAN_POINT('',(87.7258594098014,16.8194524330343,22.9978265896559));
#12831=CARTESIAN_POINT('Origin',(87.4040126800537,17.6580005884171,0.498000048100948));
#12832=CARTESIAN_POINT('',(87.8900051116943,16.240000128746,0.498000048100948));
#12833=CARTESIAN_POINT('',(87.8900051116943,16.240000128746,0.498000048100948));
#12834=CARTESIAN_POINT('',(87.4040126800537,17.6580005884171,0.498000048100948));
#12835=CARTESIAN_POINT('Origin',(88.1519985198975,14.888000190258,0.498000048100948));
#12836=CARTESIAN_POINT('',(87.7180004119873,16.8400001525879,22.9990033619106));
#12837=CARTESIAN_POINT('',(88.1519985198975,14.888000190258,0.498000048100948));
#12838=CARTESIAN_POINT('Origin',(75.5192565917969,6.8259996175766,22.9990033619106));
#12839=CARTESIAN_POINT('',(78.4892606735229,3.48199963569641,22.9990033619106));
#12840=CARTESIAN_POINT('',(78.4900045394897,3.48199963569641,0.498000048100948));
#12841=CARTESIAN_POINT('',(75.5192565917969,6.8259996175766,22.9990033619106));
#12842=CARTESIAN_POINT('Origin',(85.0280094146729,6.2679997086525,0.498000048100948));
#12843=CARTESIAN_POINT('',(85.0280094146729,6.2679997086525,0.498000048100948));
#12844=CARTESIAN_POINT('',(85.0280094146729,6.2679997086525,0.498000048100948));
#12845=CARTESIAN_POINT('',(86.0500049591064,7.36799985170364,0.498000048100948));
#12846=CARTESIAN_POINT('Origin',(84.2759990692139,5.60799986124039,22.9990033619106));
#12847=CARTESIAN_POINT('',(84.2759990692139,5.60799986124039,22.9990033619106));
#12848=CARTESIAN_POINT('',(85.3920078277588,6.61199957132339,22.9990033619106));
#12849=CARTESIAN_POINT('',(85.0280094146729,6.2679997086525,0.498000048100948));
#12850=CARTESIAN_POINT('Origin',(83.8740062713623,5.3099998831749,0.498000048100948));
#12851=CARTESIAN_POINT('',(83.8740062713623,5.3099998831749,0.498000048100948));
#12852=CARTESIAN_POINT('',(83.8740062713623,5.3099998831749,0.498000048100948));
#12853=CARTESIAN_POINT('',(83.8740062713623,5.3099998831749,0.498000048100948));
#12854=CARTESIAN_POINT('Origin',(84.2759990692139,5.60799986124039,22.9990033619106));
#12855=CARTESIAN_POINT('',(82.5820064544678,4.54399943351746,22.9990033619106));
#12856=CARTESIAN_POINT('',(83.8740062713623,5.3099998831749,0.498000048100948));
#12857=CARTESIAN_POINT('',(84.2759990692139,5.60799986124039,22.9990033619106));
#12858=CARTESIAN_POINT('Origin',(83.8740062713623,5.3099998831749,0.498000048100948));
#12859=CARTESIAN_POINT('',(82.9139995574951,4.72199976444244,0.498000048100948));
#12860=CARTESIAN_POINT('',(82.9139995574951,4.72199976444244,0.498000048100948));
#12861=CARTESIAN_POINT('',(82.9139995574951,4.72199976444244,0.498000048100948));
#12862=CARTESIAN_POINT('Origin',(82.9139995574951,4.72199976444244,0.498000048100948));
#12863=CARTESIAN_POINT('',(81.6660022735596,4.14199948310852,0.498000048100948));
#12864=CARTESIAN_POINT('',(81.6660022735596,4.14199948310852,0.498000048100948));
#12865=CARTESIAN_POINT('',(81.6660022735596,4.14199948310852,0.498000048100948));
#12866=CARTESIAN_POINT('Origin',(82.5820064544678,4.54399943351746,22.9990033619106));
#12867=CARTESIAN_POINT('',(81.1900043487549,3.98799955844879,22.9986266605556));
#12868=CARTESIAN_POINT('',(81.6660022735596,4.14199948310852,0.498000048100948));
#12869=CARTESIAN_POINT('',(81.1900043487549,3.98799955844879,22.9986266605556));
#12870=CARTESIAN_POINT('Origin',(81.1900043487549,3.98799955844879,22.9986266605556));
#12871=CARTESIAN_POINT('',(79.734001159668,3.61799955368042,0.498000048100948));
#12872=CARTESIAN_POINT('',(79.734001159668,3.61799955368042,0.498000048100948));
#12873=CARTESIAN_POINT('',(79.734001159668,3.61799955368042,0.498000048100948));
#12874=CARTESIAN_POINT('Origin',(81.1900043487549,3.98799955844879,22.9986266605556));
#12875=CARTESIAN_POINT('',(79.734001159668,3.61799955368042,22.9990033619106));
#12876=CARTESIAN_POINT('',(79.734001159668,3.61799955368042,22.9990033619106));
#12877=CARTESIAN_POINT('',(79.734001159668,3.61799955368042,22.9990033619106));
#12878=CARTESIAN_POINT('Origin',(75.8879995346069,14.3060001730919,23.4990028850734));
#12879=CARTESIAN_POINT('Origin',(78.846001625061,11.5600000321865,-0.00199999660253525));
#12880=CARTESIAN_POINT('Origin',(80.2840042114258,13.8140001893044,23.4990028850734));
#12881=CARTESIAN_POINT('',(80.2540111541748,13.2600003480911,-0.00199999660253525));
#12882=CARTESIAN_POINT('Origin',(79.7160053253174,12.1640001237392,-0.00199999660253525));
#12883=CARTESIAN_POINT('',(79.8980045318604,12.3920002579689,23.4986261837184));
#12884=CARTESIAN_POINT('',(80.0740051269531,12.722000181675,-0.00199999660253525));
#12885=CARTESIAN_POINT('',(79.7160053253174,12.1640001237392,-0.00199999660253525));
#12886=CARTESIAN_POINT('Origin',(75.8080053329468,13.3980002999306,-0.00199999660253525));
#12887=CARTESIAN_POINT('Origin',(79.4240045547485,11.8860000371933,-0.00199999660253525));
#12888=CARTESIAN_POINT('',(79.7160053253174,12.1640001237392,-0.00199999660253525));
#12889=CARTESIAN_POINT('Origin',(79.8980045318604,12.3920002579689,23.4986261837184));
#12890=CARTESIAN_POINT('',(80.2540111541748,13.2600003480911,-0.00199999660253525));
#12891=CARTESIAN_POINT('',(80.2540111541748,13.2600003480911,23.4990028850734));
#12892=CARTESIAN_POINT('Origin',(79.7160053253174,12.1640001237392,-0.00199999660253525));
#12893=CARTESIAN_POINT('',(79.3580007553101,11.8380001187325,23.4990028850734));
#12894=CARTESIAN_POINT('Origin',(87.8492641448975,10.9180000424385,22.9990033619106));
#12895=CARTESIAN_POINT('',(87.38600730896,9.62199997156858,22.9990033619106));
#12896=CARTESIAN_POINT('Origin',(77.4240064620972,15.82200050354,-0.00199999660253525));
#12897=CARTESIAN_POINT('',(77.1640014648438,15.7300007343292,-0.00199999660253525));
#12898=CARTESIAN_POINT('',(77.4240064620972,15.82200050354,-0.00199999660253525));
#12899=CARTESIAN_POINT('Origin',(77.4240064620972,15.82200050354,-0.00199999660253525));
#12900=CARTESIAN_POINT('',(77.9480075836182,15.8980005979538,-0.00199999660253525));
#12901=CARTESIAN_POINT('Origin',(77.7500009536743,15.890000462532,23.4990028850734));
#12902=CARTESIAN_POINT('',(78.0520009994507,15.91000020504,11.7490009777248));
#12903=CARTESIAN_POINT('',(78.4980010986328,15.8600002527237,23.4990028850734));
#12904=CARTESIAN_POINT('',(77.7500009536743,15.890000462532,23.4990028850734));
#12905=CARTESIAN_POINT('Origin',(77.7500009536743,15.890000462532,23.4990028850734));
#12906=CARTESIAN_POINT('',(77.9480075836182,15.8980005979538,-0.00199999660253525));
#12907=CARTESIAN_POINT('',(77.9480075836182,15.8980005979538,-0.00199999660253525));
#12908=CARTESIAN_POINT('Origin',(78.0520009994507,15.91000020504,11.7490009777248));
#12909=CARTESIAN_POINT('Origin',(78.4980010986328,15.8600002527237,23.4990028850734));
#12910=CARTESIAN_POINT('',(78.6040067672729,15.8340001106262,-0.00199999660253525));
#12911=CARTESIAN_POINT('Origin',(79.0100049972534,15.6880003213882,23.4990028850734));
#12912=CARTESIAN_POINT('',(79.0480041503906,15.6720006465912,-0.00199999660253525));
#12913=CARTESIAN_POINT('Origin',(85.2500057220459,20.8600008487701,22.9990033619106));
#12914=CARTESIAN_POINT('',(81.4580059051514,24.4780004024506,22.9990033619106));
#12915=CARTESIAN_POINT('',(81.4580059051514,24.4780004024506,22.9990033619106));
#12916=CARTESIAN_POINT('',(81.4580059051514,24.4780004024506,22.9990033619106));
#12917=CARTESIAN_POINT('Origin',(85.9220027923584,20.1180005073547,0.498000048100948));
#12918=CARTESIAN_POINT('',(85.2500057220459,20.8600008487701,0.498000048100948));
#12919=CARTESIAN_POINT('',(85.9220027923584,20.1180005073547,0.498000048100948));
#12920=CARTESIAN_POINT('',(85.9220027923584,20.1180005073547,0.498000048100948));
#12921=CARTESIAN_POINT('',(85.9220027923584,20.1180005073547,0.498000048100948));
#12922=CARTESIAN_POINT('Origin',(86.6420078277588,19.0940010547638,0.498000048100948));
#12923=CARTESIAN_POINT('',(86.6420078277588,19.0940010547638,0.498000048100948));
#12924=CARTESIAN_POINT('Origin',(86.9100093841553,18.6700004339218,22.9990033619106));
#12925=CARTESIAN_POINT('Origin',(87.7180004119873,16.8400001525879,22.9990033619106));
#12926=CARTESIAN_POINT('',(87.8900051116943,16.240000128746,0.498000048100948));
#12927=CARTESIAN_POINT('Origin',(76.6000080108643,11.9440001249313,23.4990028850734));
#12928=CARTESIAN_POINT('',(76.7280054092407,11.8380001187325,-0.00199999660253525));
#12929=CARTESIAN_POINT('Origin',(76.6000080108643,11.9440001249313,23.4990028850734));
#12930=CARTESIAN_POINT('Origin',(11.9700002670288,35.466001033783,0.498000048100948));
#12931=CARTESIAN_POINT('',(16.4360010623932,35.2340006828308,0.498000048100948));
#12932=CARTESIAN_POINT('',(16.5139997005463,36.2320017814636,-0.00199999660253525));
#12933=CARTESIAN_POINT('',(11.9700002670288,35.466001033783,0.498000048100948));
#12934=CARTESIAN_POINT('',(11.9700002670288,35.466001033783,0.498000048100948));
#12935=CARTESIAN_POINT('',(16.5139997005463,36.2320017814636,-0.00199999660253525));
#12936=CARTESIAN_POINT('Origin',(16.4360010623932,35.2340006828308,0.498000048100948));
#12937=CARTESIAN_POINT('',(21.0120010375977,35.776002407074,-0.00199999660253525));
#12938=CARTESIAN_POINT('Origin',(20.8852529525757,34.7839999198914,0.497625041753054));
#12939=CARTESIAN_POINT('',(20.8852529525757,34.7839999198914,0.497625041753054));
#12940=CARTESIAN_POINT('',(25.4820013046265,35.096001625061,-0.00199999660253525));
#12941=CARTESIAN_POINT('',(21.0120010375977,35.776002407074,-0.00199999660253525));
#12942=CARTESIAN_POINT('Origin',(20.8852529525757,34.7839999198914,0.497625041753054));
#12943=CARTESIAN_POINT('',(25.3080010414124,34.1120028495789,0.498000048100948));
#12944=CARTESIAN_POINT('',(25.4820013046265,35.096001625061,-0.00199999660253525));
#12945=CARTESIAN_POINT('',(25.3080010414124,34.1120028495789,0.498000048100948));
#12946=CARTESIAN_POINT('Origin',(16.4360010623932,35.2340006828308,0.498000048100948));
#12947=CARTESIAN_POINT('',(16.4360010623932,35.2340006828308,22.9990033619106));
#12948=CARTESIAN_POINT('',(11.9700002670288,35.466001033783,0.498000048100948));
#12949=CARTESIAN_POINT('',(16.4360010623932,35.2340006828308,22.9990033619106));
#12950=CARTESIAN_POINT('Origin',(16.4360010623932,35.2340006828308,0.498000048100948));
#12951=CARTESIAN_POINT('',(20.8852529525757,34.7839999198914,0.497625041753054));
#12952=CARTESIAN_POINT('Origin',(16.4360010623932,35.2340006828308,22.9990033619106));
#12953=CARTESIAN_POINT('',(16.4360010623932,35.2340006828308,22.9990033619106));
#12954=CARTESIAN_POINT('Origin',(25.3080010414124,34.1120028495789,0.498000048100948));
#12955=CARTESIAN_POINT('',(29.6892523765564,33.2200026512146,0.497625041753054));
#12956=CARTESIAN_POINT('',(29.9140024185181,34.1960024833679,-0.00199999660253525));
#12957=CARTESIAN_POINT('',(25.3080010414124,34.1120028495789,0.498000048100948));
#12958=CARTESIAN_POINT('',(29.9140024185181,34.1960024833679,-0.00199999660253525));
#12959=CARTESIAN_POINT('Origin',(25.3080010414124,34.1120028495789,0.498000048100948));
#12960=CARTESIAN_POINT('Origin',(29.6892523765564,33.2200026512146,0.497625041753054));
#12961=CARTESIAN_POINT('',(34.0232515335083,32.1160006523132,0.498000048100948));
#12962=CARTESIAN_POINT('',(34.2960023880005,33.0780005455017,-0.00199999660253525));
#12963=CARTESIAN_POINT('',(34.0232515335083,32.1160006523132,0.498000048100948));
#12964=CARTESIAN_POINT('',(34.2960023880005,33.0780005455017,-0.00199999660253525));
#12965=CARTESIAN_POINT('Origin',(29.6892523765564,33.2200026512146,0.497625041753054));
#12966=CARTESIAN_POINT('Origin',(38.6179995536804,31.7440009117126,-0.00199999660253525));
#12967=CARTESIAN_POINT('',(38.6179995536804,31.7440009117126,-0.00199999660253525));
#12968=CARTESIAN_POINT('Origin',(34.0232515335083,32.1160006523132,0.498000048100948));
#12969=CARTESIAN_POINT('',(38.2980012893677,30.796000957489,0.498000048100948));
#12970=CARTESIAN_POINT('',(38.6179995536804,31.7440009117126,-0.00199999660253525));
#12971=CARTESIAN_POINT('',(38.2980012893677,30.796000957489,0.498000048100948));
#12972=CARTESIAN_POINT('Origin',(45.7380056381226,45.9420013427734,0.498000048100948));
#12973=CARTESIAN_POINT('',(45.7380056381226,45.9420013427734,0.498000048100948));
#12974=CARTESIAN_POINT('',(45.7380056381226,45.9420013427734,0.498000048100948));
#12975=CARTESIAN_POINT('',(40.4720020294189,46.6360020637512,-0.00199999660253525));
#12976=CARTESIAN_POINT('Origin',(42.8660011291504,30.1960015296936,-0.00199999660253525));
#12977=CARTESIAN_POINT('',(42.8660011291504,30.1960015296936,-0.00199999660253525));
#12978=CARTESIAN_POINT('Origin',(38.2980012893677,30.796000957489,0.498000048100948));
#12979=CARTESIAN_POINT('',(42.5000047683716,29.2660009860992,0.498000048100948));
#12980=CARTESIAN_POINT('',(42.8660011291504,30.1960015296936,-0.00199999660253525));
#12981=CARTESIAN_POINT('',(42.5000047683716,29.2660009860992,0.498000048100948));
#12982=CARTESIAN_POINT('Origin',(86.8879985809326,8.61199989914894,22.9990033619106));
#12983=CARTESIAN_POINT('',(87.38600730896,9.62199997156858,22.9990033619106));
#12984=CARTESIAN_POINT('Origin',(79.0100049972534,15.6880003213882,23.4990028850734));
#12985=CARTESIAN_POINT('Origin',(86.2980079650879,19.6160000562668,22.9990033619106));
#12986=CARTESIAN_POINT('',(86.2980079650879,19.6160000562668,22.9990033619106));
#12987=CARTESIAN_POINT('Origin',(76.8540048599243,27.1319997310638,-0.00199999660253525));
#12988=CARTESIAN_POINT('',(73.3592557907104,31.1340022087097,0.498000048100948));
#12989=CARTESIAN_POINT('',(77.4892568588257,27.9040014743805,0.498000048100948));
#12990=CARTESIAN_POINT('',(73.3592557907104,31.1340022087097,0.498000048100948));
#12991=CARTESIAN_POINT('',(76.8540048599243,27.1319997310638,-0.00199999660253525));
#12992=CARTESIAN_POINT('',(76.8540048599243,27.1319997310638,-0.00199999660253525));
#12993=CARTESIAN_POINT('Origin',(81.4572525024414,24.4780004024506,0.497625041753054));
#12994=CARTESIAN_POINT('',(76.8540048599243,27.1319997310638,-0.00199999660253525));
#12995=CARTESIAN_POINT('',(80.7840061187744,23.7380015850067,-0.00199999660253525));
#12996=CARTESIAN_POINT('Origin',(81.4572525024414,24.4780004024506,0.497625041753054));
#12997=CARTESIAN_POINT('',(77.4892568588257,27.9040014743805,0.498000048100948));
#12998=CARTESIAN_POINT('Origin',(81.4572525024414,24.4780004024506,0.497625041753054));
#12999=CARTESIAN_POINT('',(84.5420074462891,20.1540005207062,-0.00199999660253525));
#13000=CARTESIAN_POINT('Origin',(85.2500057220459,20.8600008487701,0.498000048100948));
#13001=CARTESIAN_POINT('',(84.5420074462891,20.1540005207062,-0.00199999660253525));
#13002=CARTESIAN_POINT('Origin',(73.3592557907104,31.1340022087097,0.498000048100948));
#13003=CARTESIAN_POINT('',(73.3599996566772,31.1340022087097,22.9990033619106));
#13004=CARTESIAN_POINT('',(77.4900054931641,27.9040014743805,22.9990033619106));
#13005=CARTESIAN_POINT('',(73.3599996566772,31.1340022087097,22.9990033619106));
#13006=CARTESIAN_POINT('',(73.3592557907104,31.1340022087097,0.498000048100948));
#13007=CARTESIAN_POINT('',(73.3599996566772,31.1340022087097,22.9990033619106));
#13008=CARTESIAN_POINT('Origin',(81.4572525024414,24.4780004024506,0.497625041753054));
#13009=CARTESIAN_POINT('',(77.4900054931641,27.9040014743805,22.9990033619106));
#13010=CARTESIAN_POINT('',(77.4900054931641,27.9040014743805,22.9990033619106));
#13011=CARTESIAN_POINT('Origin',(77.4900054931641,27.9040014743805,22.9990033619106));
#13012=CARTESIAN_POINT('',(81.4580059051514,24.4780004024506,22.9990033619106));
#13013=CARTESIAN_POINT('Origin',(79.734001159668,3.61799955368042,22.9990033619106));
#13014=CARTESIAN_POINT('',(79.734001159668,3.61799955368042,22.9990033619106));
#13015=CARTESIAN_POINT('',(79.734001159668,3.61799955368042,22.9990033619106));
#13016=CARTESIAN_POINT('Origin',(84.6700096130371,7.30399996042252,23.4990028850734));
#13017=CARTESIAN_POINT('',(84.6700096130371,7.30399996042252,23.4990028850734));
#13018=CARTESIAN_POINT('',(84.6700096130371,7.30399996042252,23.4990028850734));
#13019=CARTESIAN_POINT('Origin',(84.2759990692139,5.60799986124039,22.9990033619106));
#13020=CARTESIAN_POINT('',(83.302001953125,6.12999975681305,23.4990028850734));
#13021=CARTESIAN_POINT('',(84.0140056610107,6.68199986219406,23.4990028850734));
#13022=CARTESIAN_POINT('Origin',(83.302001953125,6.12999975681305,23.4990028850734));
#13023=CARTESIAN_POINT('',(83.302001953125,6.12999975681305,23.4990028850734));
#13024=CARTESIAN_POINT('Origin',(81.7260074615479,5.24799972772598,23.4990028850734));
#13025=CARTESIAN_POINT('',(81.7260074615479,5.24799972772598,23.4990028850734));
#13026=CARTESIAN_POINT('Origin',(81.7260074615479,5.24799972772598,23.4990028850734));
#13027=CARTESIAN_POINT('',(81.7260074615479,5.24799972772598,23.4990028850734));
#13028=CARTESIAN_POINT('Origin',(80.0120067596436,4.68999922275543,23.4990028850734));
#13029=CARTESIAN_POINT('',(80.0120067596436,4.68999922275543,23.4990028850734));
#13030=CARTESIAN_POINT('Origin',(80.0120067596436,4.68999922275543,23.4990028850734));
#13031=CARTESIAN_POINT('',(79.734001159668,3.61799955368042,22.9990033619106));
#13032=CARTESIAN_POINT('Origin',(78.9260053634644,4.51599955558777,23.4990028850734));
#13033=CARTESIAN_POINT('',(79.734001159668,3.61799955368042,22.9990033619106));
#13034=CARTESIAN_POINT('Origin',(78.9260053634644,4.51599955558777,23.4990028850734));
#13035=CARTESIAN_POINT('',(78.9260053634644,4.51599955558777,23.4990028850734));
#13036=CARTESIAN_POINT('Origin',(76.252007484436,7.50799983739853,23.4990028850734));
#13037=CARTESIAN_POINT('',(75.5192565917969,6.8259996175766,22.9990033619106));
#13038=CARTESIAN_POINT('',(75.5192565917969,6.8259996175766,22.9990033619106));
#13039=CARTESIAN_POINT('Origin',(78.4892606735229,3.48199963569641,22.9990033619106));
#13040=CARTESIAN_POINT('Origin',(80.0740051269531,12.722000181675,-0.00199999660253525));
#13041=CARTESIAN_POINT('Origin',(88.2240104675293,13.8900002837181,22.9990033619106));
#13042=CARTESIAN_POINT('',(88.1352519989014,12.3920002579689,22.9990033619106));
#13043=CARTESIAN_POINT('Origin',(76.252007484436,7.50799983739853,23.4990028850734));
#13044=CARTESIAN_POINT('',(73.0840063095093,10.7380000501871,23.4990028850734));
#13045=CARTESIAN_POINT('Origin',(73.0840063095093,10.7380000501871,23.4990028850734));
#13046=CARTESIAN_POINT('',(72.3880004882812,10.0200000009499,22.9990033619106));
#13047=CARTESIAN_POINT('',(72.3880004882812,10.0200000009499,22.9990033619106));
#13048=CARTESIAN_POINT('',(73.0840063095093,10.7380000501871,23.4990028850734));
#13049=CARTESIAN_POINT('Origin',(87.0560073852539,15.4380005598068,23.4990028850734));
#13050=CARTESIAN_POINT('',(87.0560073852539,15.4380005598068,23.4990028850734));
#13051=CARTESIAN_POINT('',(87.0560073852539,15.4380005598068,23.4990028850734));
#13052=CARTESIAN_POINT('Origin',(87.224006652832,13.8660001754761,23.4990028850734));
#13053=CARTESIAN_POINT('',(87.224006652832,13.8660001754761,23.4990028850734));
#13054=CARTESIAN_POINT('Origin',(87.1440029144287,12.5159999728203,23.4990028850734));
#13055=CARTESIAN_POINT('',(87.1440029144287,12.5159999728203,23.4990028850734));
#13056=CARTESIAN_POINT('',(87.1440029144287,12.5159999728203,23.4990028850734));
#13057=CARTESIAN_POINT('Origin',(87.1440029144287,12.5159999728203,23.4990028850734));
#13058=CARTESIAN_POINT('Origin',(86.9480037689209,11.4040000736713,23.4990028850734));
#13059=CARTESIAN_POINT('',(86.9480037689209,11.4040000736713,23.4990028850734));
#13060=CARTESIAN_POINT('Origin',(86.9480037689209,11.4040000736713,23.4990028850734));
#13061=CARTESIAN_POINT('',(86.9480037689209,11.4040000736713,23.4990028850734));
#13062=CARTESIAN_POINT('Origin',(86.4280033111572,9.91399999707937,23.4990028850734));
#13063=CARTESIAN_POINT('',(86.4280033111572,9.91399999707937,23.4990028850734));
#13064=CARTESIAN_POINT('Origin',(86.4280033111572,9.91399999707937,23.4990028850734));
#13065=CARTESIAN_POINT('',(86.4280033111572,9.91399999707937,23.4990028850734));
#13066=CARTESIAN_POINT('Origin',(85.2640056610107,7.9839999973774,23.4990028850734));
#13067=CARTESIAN_POINT('',(85.2640056610107,7.9839999973774,23.4990028850734));
#13068=CARTESIAN_POINT('',(85.2640056610107,7.9839999973774,23.4990028850734));
#13069=CARTESIAN_POINT('',(85.2640056610107,7.9839999973774,23.4990028850734));
#13070=CARTESIAN_POINT('Origin',(85.2640056610107,7.9839999973774,23.4990028850734));
#13071=CARTESIAN_POINT('',(85.2640056610107,7.9839999973774,23.4990028850734));
#13072=CARTESIAN_POINT('Origin',(85.2640056610107,7.9839999973774,23.4990028850734));
#13073=CARTESIAN_POINT('',(86.4280033111572,9.91399999707937,23.4990028850734));
#13074=CARTESIAN_POINT('Origin',(84.6700096130371,7.30399996042252,23.4990028850734));
#13075=CARTESIAN_POINT('',(84.6700096130371,7.30399996042252,23.4990028850734));
#13076=CARTESIAN_POINT('Origin',(84.6700096130371,7.30399996042252,23.4990028850734));
#13077=CARTESIAN_POINT('',(84.0140056610107,6.68199986219406,23.4990028850734));
#13078=CARTESIAN_POINT('Origin',(84.2759990692139,5.60799986124039,22.9990033619106));
#13079=CARTESIAN_POINT('Origin',(76.9360065460205,15.6220000982285,23.4990028850734));
#13080=CARTESIAN_POINT('Origin',(77.4240064620972,15.82200050354,23.4990028850734));
#13081=CARTESIAN_POINT('Origin',(80.7840061187744,23.7380015850067,23.4990028850734));
#13082=CARTESIAN_POINT('',(84.5420074462891,20.1540005207062,23.4990028850734));
#13083=CARTESIAN_POINT('',(80.7840061187744,23.7380015850067,23.4990028850734));
#13084=CARTESIAN_POINT('Origin',(-61.1400032043457,5.04399955272675,-0.00199999660253525));
#13085=CARTESIAN_POINT('',(-61.3820028305054,4.07399952411652,0.498000048100948));
#13086=CARTESIAN_POINT('',(-60.4000043869019,3.88199925422668,0.498000048100948));
#13087=CARTESIAN_POINT('',(-61.3820028305054,4.07399952411652,0.498000048100948));
#13088=CARTESIAN_POINT('',(-61.1400032043457,5.04399955272675,-0.00199999660253525));
#13089=CARTESIAN_POINT('',(-61.1400032043457,5.04399955272675,-0.00199999660253525));
#13090=CARTESIAN_POINT('Origin',(-61.1400032043457,5.04399955272675,-0.00199999660253525));
#13091=CARTESIAN_POINT('',(-59.5980024337769,4.7979998588562,-0.00199999660253525));
#13092=CARTESIAN_POINT('Origin',(-62.1040058135986,4.27999973297119,0.498000048100948));
#13093=CARTESIAN_POINT('',(-62.1040058135986,4.27999973297119,0.498000048100948));
#13094=CARTESIAN_POINT('',(-62.1040058135986,4.27999973297119,0.498000048100948));
#13095=CARTESIAN_POINT('',(-61.1400032043457,5.04399955272675,-0.00199999660253525));
#13096=CARTESIAN_POINT('Origin',(-62.1040058135986,4.27999973297119,0.498000048100948));
#13097=CARTESIAN_POINT('',(-62.834005355835,5.64999967813492,-0.00199999660253525));
#13098=CARTESIAN_POINT('Origin',(-64.6659994125366,5.56199967861176,0.498000048100948));
#13099=CARTESIAN_POINT('',(-64.6659994125366,5.56199967861176,0.498000048100948));
#13100=CARTESIAN_POINT('',(-64.6659994125366,5.56199967861176,0.498000048100948));
#13101=CARTESIAN_POINT('',(-62.834005355835,5.64999967813492,-0.00199999660253525));
#13102=CARTESIAN_POINT('Origin',(-63.6280012130737,6.07399970293045,-0.00199999660253525));
#13103=CARTESIAN_POINT('',(-63.6280012130737,6.07399970293045,-0.00199999660253525));
#13104=CARTESIAN_POINT('Origin',(-64.6659994125366,5.56199967861176,0.498000048100948));
#13105=CARTESIAN_POINT('',(-64.7300052642822,6.85399979352951,-0.00199999660253525));
#13106=CARTESIAN_POINT('Origin',(-64.6659994125366,5.56199967861176,0.498000048100948));
#13107=CARTESIAN_POINT('',(-65.5600070953369,6.24399960041046,0.498000048100948));
#13108=CARTESIAN_POINT('',(-64.7300052642822,6.85399979352951,-0.00199999660253525));
#13109=CARTESIAN_POINT('',(-64.6659994125366,5.56199967861176,0.498000048100948));
#13110=CARTESIAN_POINT('Origin',(-56.9000005722046,7.79399991035461,-0.00199999660253525));
#13111=CARTESIAN_POINT('',(-56.1727523803711,7.10799962282181,0.498000048100948));
#13112=CARTESIAN_POINT('',(-59.5980024337769,4.7979998588562,-0.00199999660253525));
#13113=CARTESIAN_POINT('',(-56.9000005722046,7.79399991035461,-0.00199999660253525));
#13114=CARTESIAN_POINT('Origin',(-59.5980024337769,4.7979998588562,-0.00199999660253525));
#13115=CARTESIAN_POINT('',(-59.1560029983521,3.77599954605103,0.498000048100948));
#13116=CARTESIAN_POINT('',(-59.1560029983521,3.77599954605103,0.498000048100948));
#13117=CARTESIAN_POINT('',(-59.5980024337769,4.7979998588562,-0.00199999660253525));
#13118=CARTESIAN_POINT('Origin',(-59.5980024337769,4.7979998588562,-0.00199999660253525));
#13119=CARTESIAN_POINT('',(-56.1727523803711,7.10799962282181,0.498000048100948));
#13120=CARTESIAN_POINT('Origin',(-60.4000043869019,3.89399945735931,22.9990033619106));
#13121=CARTESIAN_POINT('',(-60.4000043869019,3.89399945735931,22.9990033619106));
#13122=CARTESIAN_POINT('',(-60.4000043869019,3.89399945735931,22.9990033619106));
#13123=CARTESIAN_POINT('',(-60.4000043869019,3.89399945735931,22.9990033619106));
#13124=CARTESIAN_POINT('Origin',(-60.4000043869019,3.89399945735931,22.9990033619106));
#13125=CARTESIAN_POINT('',(-59.1560029983521,3.77599954605103,22.9990033619106));
#13126=CARTESIAN_POINT('',(-59.1560029983521,3.77599954605103,22.9990033619106));
#13127=CARTESIAN_POINT('',(-60.4000043869019,3.89399945735931,22.9990033619106));
#13128=CARTESIAN_POINT('Origin',(-60.4000043869019,3.89399945735931,22.9990033619106));
#13129=CARTESIAN_POINT('',(-60.4000043869019,3.89399945735931,22.9990033619106));
#13130=CARTESIAN_POINT('Origin',(-61.8640041351318,4.2059999704361,22.9990033619106));
#13131=CARTESIAN_POINT('',(-61.8640041351318,4.2059999704361,22.9990033619106));
#13132=CARTESIAN_POINT('',(-61.8640041351318,4.2059999704361,22.9990033619106));
#13133=CARTESIAN_POINT('',(-61.8640041351318,4.2059999704361,22.9990033619106));
#13134=CARTESIAN_POINT('Origin',(-61.8640041351318,4.2059999704361,22.9990033619106));
#13135=CARTESIAN_POINT('',(-61.8640041351318,4.2059999704361,22.9990033619106));
#13136=CARTESIAN_POINT('Origin',(-63.1480026245117,4.69799995422363,22.9990033619106));
#13137=CARTESIAN_POINT('',(-63.1480026245117,4.69799995422363,22.9990033619106));
#13138=CARTESIAN_POINT('',(-63.1480026245117,4.69799995422363,22.9990033619106));
#13139=CARTESIAN_POINT('',(-63.1480026245117,4.69799995422363,22.9990033619106));
#13140=CARTESIAN_POINT('Origin',(-65.2660083770752,6.00999981164932,22.9990033619106));
#13141=CARTESIAN_POINT('',(-65.2660083770752,6.00999981164932,22.9990033619106));
#13142=CARTESIAN_POINT('',(-65.2660083770752,6.00999981164932,22.9990033619106));
#13143=CARTESIAN_POINT('',(-65.2660083770752,6.00999981164932,22.9990033619106));
#13144=CARTESIAN_POINT('Origin',(-66.1047506332397,6.75799995660782,0.498000048100948));
#13145=CARTESIAN_POINT('',(-66.1047506332397,6.75799995660782,0.498000048100948));
#13146=CARTESIAN_POINT('',(-65.2660083770752,6.00999981164932,22.9990033619106));
#13147=CARTESIAN_POINT('',(-66.1047506332397,6.75799995660782,0.498000048100948));
#13148=CARTESIAN_POINT('Origin',(-64.7300052642822,6.85399979352951,-0.00199999660253525));
#13149=CARTESIAN_POINT('',(-64.7300052642822,6.85399979352951,-0.00199999660253525));
#13150=CARTESIAN_POINT('Origin',(-66.1047506332397,6.75799995660782,0.498000048100948));
#13151=CARTESIAN_POINT('',(-65.7040023803711,7.78999999165535,-0.00199999660253525));
#13152=CARTESIAN_POINT('Origin',(-66.2700033187866,8.48999992012978,-0.00199999660253525));
#13153=CARTESIAN_POINT('',(-66.2700033187866,8.48999992012978,-0.00199999660253525));
#13154=CARTESIAN_POINT('Origin',(-66.2700033187866,8.48999992012978,-0.00199999660253525));
#13155=CARTESIAN_POINT('',(-67.0780038833618,7.89999976754189,0.498000048100948));
#13156=CARTESIAN_POINT('',(-66.1047506332397,6.75799995660782,0.498000048100948));
#13157=CARTESIAN_POINT('',(-66.2700033187866,8.48999992012978,-0.00199999660253525));
#13158=CARTESIAN_POINT('Origin',(-67.0780038833618,7.89999976754189,0.498000048100948));
#13159=CARTESIAN_POINT('',(-66.81800365448,9.34199996292591,-0.00199999660253525));
#13160=CARTESIAN_POINT('Origin',(-66.81800365448,9.34199996292591,-0.00199999660253525));
#13161=CARTESIAN_POINT('',(-68.0900049209595,9.61999997496605,0.498000048100948));
#13162=CARTESIAN_POINT('',(-68.0900049209595,9.61999997496605,0.498000048100948));
#13163=CARTESIAN_POINT('',(-66.81800365448,9.34199996292591,-0.00199999660253525));
#13164=CARTESIAN_POINT('Origin',(-66.81800365448,9.34199996292591,-0.00199999660253525));
#13165=CARTESIAN_POINT('',(-68.4647512435913,10.5480000376701,0.498000048100948));
#13166=CARTESIAN_POINT('',(-67.7400064468384,11.6320000588894,-0.00199999660253525));
#13167=CARTESIAN_POINT('',(-66.81800365448,9.34199996292591,-0.00199999660253525));
#13168=CARTESIAN_POINT('Origin',(-68.8180017471313,11.8760000169277,0.498000048100948));
#13169=CARTESIAN_POINT('',(-68.8180017471313,11.8760000169277,0.498000048100948));
#13170=CARTESIAN_POINT('',(-68.8180017471313,11.8760000169277,0.498000048100948));
#13171=CARTESIAN_POINT('',(-67.7400064468384,11.6320000588894,-0.00199999660253525));
#13172=CARTESIAN_POINT('Origin',(-67.0780038833618,7.89999976754189,0.498000048100948));
#13173=CARTESIAN_POINT('',(-66.7720031738281,7.50399991869926,22.9990033619106));
#13174=CARTESIAN_POINT('',(-66.7720031738281,7.50399991869926,22.9990033619106));
#13175=CARTESIAN_POINT('',(-66.7720031738281,7.50399991869926,22.9990033619106));
#13176=CARTESIAN_POINT('Origin',(-67.5,8.51999998092651,22.9990033619106));
#13177=CARTESIAN_POINT('',(-67.5,8.51999998092651,22.9990033619106));
#13178=CARTESIAN_POINT('',(-67.5,8.51999998092651,22.9990033619106));
#13179=CARTESIAN_POINT('',(-67.5,8.51999998092651,22.9990033619106));
#13180=CARTESIAN_POINT('Origin',(-68.0900049209595,9.61999997496605,0.498000048100948));
#13181=CARTESIAN_POINT('',(-67.5,8.51999998092651,22.9990033619106));
#13182=CARTESIAN_POINT('Origin',(-68.4640073776245,10.5480000376701,22.9990033619106));
#13183=CARTESIAN_POINT('',(-67.5,8.51999998092651,22.9990033619106));
#13184=CARTESIAN_POINT('',(-68.4640073776245,10.5480000376701,22.9990033619106));
#13185=CARTESIAN_POINT('',(-68.4640073776245,10.5480000376701,22.9990033619106));
#13186=CARTESIAN_POINT('',(-68.4640073776245,10.5480000376701,22.9990033619106));
#13187=CARTESIAN_POINT('Origin',(-68.0900049209595,9.61999997496605,0.498000048100948));
#13188=CARTESIAN_POINT('',(-68.4647512435913,10.5480000376701,0.498000048100948));
#13189=CARTESIAN_POINT('Origin',(-67.5,8.51999998092651,22.9990033619106));
#13190=CARTESIAN_POINT('Origin',(-68.8180017471313,11.8760000169277,0.498000048100948));
#13191=CARTESIAN_POINT('',(-67.974009513855,13.0740001797676,-0.00199999660253525));
#13192=CARTESIAN_POINT('Origin',(-69.0000009536743,13.3620002865791,0.498000048100948));
#13193=CARTESIAN_POINT('',(-69.0000009536743,13.3620002865791,0.498000048100948));
#13194=CARTESIAN_POINT('',(-69.0000009536743,13.3620002865791,0.498000048100948));
#13195=CARTESIAN_POINT('',(-67.974009513855,13.0740001797676,-0.00199999660253525));
#13196=CARTESIAN_POINT('Origin',(-68.9960050582886,14.4860002398491,0.498000048100948));
#13197=CARTESIAN_POINT('',(-68.9960050582886,14.4860002398491,0.498000048100948));
#13198=CARTESIAN_POINT('',(-68.9960050582886,14.4860002398491,0.498000048100948));
#13199=CARTESIAN_POINT('',(-67.974009513855,13.0740001797676,-0.00199999660253525));
#13200=CARTESIAN_POINT('Origin',(-68.9960050582886,14.4860002398491,0.498000048100948));
#13201=CARTESIAN_POINT('',(-67.9660034179688,14.7580003738403,-0.00199999660253525));
#13202=CARTESIAN_POINT('Origin',(-69.0000009536743,13.3620002865791,0.498000048100948));
#13203=CARTESIAN_POINT('',(-68.8479995727539,11.9980001449585,22.9990033619106));
#13204=CARTESIAN_POINT('',(-68.8479995727539,11.9980001449585,22.9990033619106));
#13205=CARTESIAN_POINT('',(-68.8479995727539,11.9980001449585,22.9990033619106));
#13206=CARTESIAN_POINT('Origin',(-66.1047506332397,6.75799995660782,0.498000048100948));
#13207=CARTESIAN_POINT('',(-66.1040067672729,6.75799995660782,22.9990033619106));
#13208=CARTESIAN_POINT('',(-66.7720031738281,7.50399991869926,22.9990033619106));
#13209=CARTESIAN_POINT('',(-66.1040067672729,6.75799995660782,22.9990033619106));
#13210=CARTESIAN_POINT('Origin',(-68.8180017471313,11.8760000169277,0.498000048100948));
#13211=CARTESIAN_POINT('',(-68.4640073776245,10.5480000376701,22.9990033619106));
#13212=CARTESIAN_POINT('Origin',(-68.8479995727539,11.9980001449585,22.9990033619106));
#13213=CARTESIAN_POINT('',(-68.8479995727539,11.9980001449585,22.9990033619106));
#13214=CARTESIAN_POINT('Origin',(-68.8479995727539,11.9980001449585,22.9990033619106));
#13215=CARTESIAN_POINT('',(-68.9860010147095,13.1140002608299,22.9990033619106));
#13216=CARTESIAN_POINT('',(-68.9860010147095,13.1140002608299,22.9990033619106));
#13217=CARTESIAN_POINT('',(-68.9860010147095,13.1140002608299,22.9990033619106));
#13218=CARTESIAN_POINT('Origin',(-69.0000009536743,13.3620002865791,0.498000048100948));
#13219=CARTESIAN_POINT('',(-68.9860010147095,13.1140002608299,22.9990033619106));
#13220=CARTESIAN_POINT('Origin',(-68.7760019302368,15.968000292778,0.497625041753054));
#13221=CARTESIAN_POINT('',(-68.9960050582886,14.4860002398491,22.9990033619106));
#13222=CARTESIAN_POINT('',(-68.9960050582886,14.4860002398491,22.9990033619106));
#13223=CARTESIAN_POINT('',(-68.7760019302368,15.968000292778,0.497625041753054));
#13224=CARTESIAN_POINT('',(-68.9960050582886,14.4860002398491,22.9990033619106));
#13225=CARTESIAN_POINT('',(-68.9960050582886,14.4860002398491,0.498000048100948));
#13226=CARTESIAN_POINT('Origin',(-59.1560029983521,3.77599954605103,0.498000048100948));
#13227=CARTESIAN_POINT('',(-56.1727523803711,7.10799962282181,0.498000048100948));
#13228=CARTESIAN_POINT('Origin',(-60.3600072860718,12.0820000767708,-0.00199999660253525));
#13229=CARTESIAN_POINT('',(-60.7180023193359,12.4480001628399,-0.00199999660253525));
#13230=CARTESIAN_POINT('',(-60.3600072860718,12.0820000767708,-0.00199999660253525));
#13231=CARTESIAN_POINT('Origin',(-60.7540035247803,12.5100001692772,23.4990028850734));
#13232=CARTESIAN_POINT('',(-60.9780073165894,12.858000099659,-0.00199999660253525));
#13233=CARTESIAN_POINT('Origin',(-61.1100053787231,14.4820004701614,23.4990028850734));
#13234=CARTESIAN_POINT('',(-61.1940050125122,14.0459999442101,-0.00199999660253525));
#13235=CARTESIAN_POINT('',(-61.1940050125122,14.0459999442101,-0.00199999660253525));
#13236=CARTESIAN_POINT('Origin',(-58.0300045013428,11.7960001528263,23.4990028850734));
#13237=CARTESIAN_POINT('',(-57.4720048904419,12.1560001373291,-0.00199999660253525));
#13238=CARTESIAN_POINT('',(-57.4720048904419,12.1560001373291,-0.00199999660253525));
#13239=CARTESIAN_POINT('Origin',(-58.0300045013428,11.7960001528263,23.4990028850734));
#13240=CARTESIAN_POINT('',(-58.0300045013428,11.7960001528263,-0.00199999660253525));
#13241=CARTESIAN_POINT('Origin',(-58.9300060272217,11.5880000591278,11.7490009777248));
#13242=CARTESIAN_POINT('',(-58.9560031890869,11.6020001471043,-0.00199999660253525));
#13243=CARTESIAN_POINT('',(-58.9300060272217,11.5880000591278,11.7490009777248));
#13244=CARTESIAN_POINT('',(-58.9300060272217,11.5880000591278,11.7490009777248));
#13245=CARTESIAN_POINT('',(-58.9560031890869,11.6020001471043,-0.00199999660253525));
#13246=CARTESIAN_POINT('Origin',(-59.3580007553101,11.6279999911785,23.4990028850734));
#13247=CARTESIAN_POINT('',(-59.5740032196045,11.6780000925064,-0.00199999660253525));
#13248=CARTESIAN_POINT('Origin',(84.5420074462891,20.1540005207062,23.4990028850734));
#13249=CARTESIAN_POINT('',(84.5420074462891,20.1540005207062,23.4990028850734));
#13250=CARTESIAN_POINT('Origin',(84.5420074462891,20.1540005207062,23.4990028850734));
#13251=CARTESIAN_POINT('',(84.5420074462891,20.1540005207062,23.4990028850734));
#13252=CARTESIAN_POINT('Origin',(85.8080101013184,18.5659998655319,23.4990028850734));
#13253=CARTESIAN_POINT('',(85.8080101013184,18.5659998655319,23.4990028850734));
#13254=CARTESIAN_POINT('Origin',(85.8080101013184,18.5659998655319,23.4990028850734));
#13255=CARTESIAN_POINT('Origin',(87.0560073852539,15.4380005598068,23.4990028850734));
#13256=CARTESIAN_POINT('Origin',(77.4900054931641,27.9040014743805,22.9990033619106));
#13257=CARTESIAN_POINT('Origin',(76.8540048599243,27.1319997310638,23.4990028850734));
#13258=CARTESIAN_POINT('',(72.7640008926392,30.3300023078918,23.4990028850734));
#13259=CARTESIAN_POINT('',(73.3599996566772,31.1340022087097,22.9990033619106));
#13260=CARTESIAN_POINT('Origin',(80.7840061187744,23.7380015850067,23.4990028850734));
#13261=CARTESIAN_POINT('',(76.8540048599243,27.1319997310638,23.4990028850734));
#13262=CARTESIAN_POINT('Origin',(76.8540048599243,27.1319997310638,23.4990028850734));
#13263=CARTESIAN_POINT('',(76.8540048599243,27.1319997310638,23.4990028850734));
#13264=CARTESIAN_POINT('Origin',(76.8540048599243,27.1319997310638,23.4990028850734));
#13265=CARTESIAN_POINT('Origin',(-56.7460012435913,14.2380005121231,23.4990028850734));
#13266=CARTESIAN_POINT('',(-56.7100048065186,13.7960001826286,-0.00199999660253525));
#13267=CARTESIAN_POINT('',(-56.7100048065186,13.7960001826286,-0.00199999660253525));
#13268=CARTESIAN_POINT('Origin',(-56.7080068588257,13.9080002903938,23.4990028850734));
#13269=CARTESIAN_POINT('',(-56.7100048065186,13.7960001826286,-0.00199999660253525));
#13270=CARTESIAN_POINT('Origin',(-56.7100048065186,13.7960001826286,-0.00199999660253525));
#13271=CARTESIAN_POINT('',(-56.7660045623779,14.3479999899864,-0.00199999660253525));
#13272=CARTESIAN_POINT('Origin',(-56.7100048065186,13.7960001826286,-0.00199999660253525));
#13273=CARTESIAN_POINT('',(-56.9000005722046,12.9340001940727,-0.00199999660253525));
#13274=CARTESIAN_POINT('Origin',(-57.4280023574829,12.1900001168251,23.4990028850734));
#13275=CARTESIAN_POINT('',(-57.128005027771,12.5360000133514,-0.00199999660253525));
#13276=CARTESIAN_POINT('Origin',(-61.1940050125122,14.0459999442101,23.4990028850734));
#13277=CARTESIAN_POINT('',(-61.1940050125122,14.0459999442101,-0.00199999660253525));
#13278=CARTESIAN_POINT('',(-61.1800050735474,13.4920001029968,-0.00199999660253525));
#13279=CARTESIAN_POINT('Origin',(-61.1940050125122,14.0459999442101,-0.00199999660253525));
#13280=CARTESIAN_POINT('Origin',(-58.5980033874512,11.6220001876354,23.4990028850734));
#13281=CARTESIAN_POINT('',(-58.9560031890869,11.6020001471043,-0.00199999660253525));
#13282=CARTESIAN_POINT('',(-58.0300045013428,11.7960001528263,-0.00199999660253525));
#13283=CARTESIAN_POINT('Origin',(-58.5980033874512,11.6220001876354,23.4990028850734));
#13284=CARTESIAN_POINT('',(-58.5980033874512,11.6220001876354,23.4990028850734));
#13285=CARTESIAN_POINT('Origin',(-68.7760019302368,15.968000292778,0.497625041753054));
#13286=CARTESIAN_POINT('',(-67.9660034179688,14.7580003738403,-0.00199999660253525));
#13287=CARTESIAN_POINT('Origin',(-68.7760019302368,15.968000292778,0.497625041753054));
#13288=CARTESIAN_POINT('',(-67.7280044555664,16.0860008001328,-0.00199999660253525));
#13289=CARTESIAN_POINT('Origin',(-67.5080060958862,16.8420004844666,-0.00199999660253525));
#13290=CARTESIAN_POINT('',(-67.5080060958862,16.8420004844666,-0.00199999660253525));
#13291=CARTESIAN_POINT('Origin',(-67.5080060958862,16.8420004844666,-0.00199999660253525));
#13292=CARTESIAN_POINT('',(-68.3627462387085,17.4080008268356,0.498000048100948));
#13293=CARTESIAN_POINT('',(-68.3627462387085,17.4080008268356,0.498000048100948));
#13294=CARTESIAN_POINT('',(-67.5080060958862,16.8420004844666,-0.00199999660253525));
#13295=CARTESIAN_POINT('Origin',(-68.3627462387085,17.4080008268356,0.498000048100948));
#13296=CARTESIAN_POINT('',(-67.962007522583,18.3240002393723,0.498000048100948));
#13297=CARTESIAN_POINT('',(-66.6800022125244,18.5659998655319,-0.00199999660253525));
#13298=CARTESIAN_POINT('',(-66.6800022125244,18.5659998655319,-0.00199999660253525));
#13299=CARTESIAN_POINT('',(-67.962007522583,18.3240002393723,0.498000048100948));
#13300=CARTESIAN_POINT('Origin',(-68.3627462387085,17.4080008268356,0.498000048100948));
#13301=CARTESIAN_POINT('Origin',(-67.1840047836304,19.6060007810593,0.498000048100948));
#13302=CARTESIAN_POINT('',(-67.1840047836304,19.6060007810593,0.498000048100948));
#13303=CARTESIAN_POINT('',(-66.6800022125244,18.5659998655319,-0.00199999660253525));
#13304=CARTESIAN_POINT('',(-65.366005897522,20.246000289917,-0.00199999660253525));
#13305=CARTESIAN_POINT('Origin',(-66.0727548599243,20.9540009498596,0.498000048100948));
#13306=CARTESIAN_POINT('',(-66.0727548599243,20.9540009498596,0.498000048100948));
#13307=CARTESIAN_POINT('',(-66.0727548599243,20.9540009498596,0.498000048100948));
#13308=CARTESIAN_POINT('',(-65.366005897522,20.246000289917,-0.00199999660253525));
#13309=CARTESIAN_POINT('Origin',(-66.0727548599243,20.9540009498596,0.498000048100948));
#13310=CARTESIAN_POINT('',(-62.2847557067871,24.5580005645752,0.498000048100948));
#13311=CARTESIAN_POINT('',(-65.366005897522,20.246000289917,-0.00199999660253525));
#13312=CARTESIAN_POINT('',(-62.2847557067871,24.5580005645752,0.498000048100948));
#13313=CARTESIAN_POINT('Origin',(-62.2847557067871,24.5580005645752,0.498000048100948));
#13314=CARTESIAN_POINT('',(-61.6120052337646,23.8160014152527,-0.00199999660253525));
#13315=CARTESIAN_POINT('Origin',(85.2640056610107,7.9839999973774,23.4990028850734));
#13316=CARTESIAN_POINT('',(79.8980045318604,12.3920002579689,23.4986261837184));
#13317=CARTESIAN_POINT('',(79.8980045318604,12.3920002579689,23.4986261837184));
#13318=CARTESIAN_POINT('Origin',(79.8980045318604,12.3920002579689,23.4986261837184));
#13319=CARTESIAN_POINT('',(84.6700096130371,7.30399996042252,23.4990028850734));
#13320=CARTESIAN_POINT('Origin',(80.2540111541748,13.2600003480911,23.4990028850734));
#13321=CARTESIAN_POINT('Origin',(79.8980045318604,12.3920002579689,23.4986261837184));
#13322=CARTESIAN_POINT('Origin',(-66.6800022125244,18.5659998655319,-0.00199999660253525));
#13323=CARTESIAN_POINT('',(-67.1840047836304,19.6060007810593,0.498000048100948));
#13324=CARTESIAN_POINT('Origin',(-67.1939992904663,19.6120005846024,22.9990033619106));
#13325=CARTESIAN_POINT('',(-67.9000043869019,18.4340000152588,22.9990033619106));
#13326=CARTESIAN_POINT('',(-67.9000043869019,18.4340000152588,22.9990033619106));
#13327=CARTESIAN_POINT('',(-67.1939992904663,19.6120005846024,22.9990033619106));
#13328=CARTESIAN_POINT('',(-67.1939992904663,19.6120005846024,22.9990033619106));
#13329=CARTESIAN_POINT('',(-67.1939992904663,19.6120005846024,22.9990033619106));
#13330=CARTESIAN_POINT('Origin',(-60.8307552337646,15.0840002298355,23.4990028850734));
#13331=CARTESIAN_POINT('',(-60.5260038375854,15.4460000991821,-0.00199999660253525));
#13332=CARTESIAN_POINT('',(-60.8300018310547,15.0840002298355,-0.00199999660253525));
#13333=CARTESIAN_POINT('Origin',(-60.4040050506592,15.5580002069473,23.4990028850734));
#13334=CARTESIAN_POINT('',(-59.8120069503784,15.9180003404617,-0.00199999660253525));
#13335=CARTESIAN_POINT('',(-59.8120069503784,15.9180003404617,-0.00199999660253525));
#13336=CARTESIAN_POINT('Origin',(-60.4040050506592,15.5580002069473,23.4990028850734));
#13337=CARTESIAN_POINT('',(-60.5260038375854,15.4460000991821,-0.00199999660253525));
#13338=CARTESIAN_POINT('Origin',(-60.1800060272217,15.7240003347397,23.4990028850734));
#13339=CARTESIAN_POINT('',(-59.8120069503784,15.9180003404617,-0.00199999660253525));
#13340=CARTESIAN_POINT('Origin',(-59.680004119873,15.9659999608994,23.4990028850734));
#13341=CARTESIAN_POINT('',(-59.0100049972534,16.0800004005432,-0.00199999660253525));
#13342=CARTESIAN_POINT('Origin',(-57.1500015258789,15.1740002632141,-0.00199999660253525));
#13343=CARTESIAN_POINT('',(-57.5840044021606,15.6120008230209,-0.00199999660253525));
#13344=CARTESIAN_POINT('',(-57.1500015258789,15.1740002632141,-0.00199999660253525));
#13345=CARTESIAN_POINT('Origin',(-57.2540044784546,15.3060001134872,23.4990028850734));
#13346=CARTESIAN_POINT('',(-57.1500015258789,15.1740002632141,-0.00199999660253525));
#13347=CARTESIAN_POINT('Origin',(-58.0300045013428,11.7960001528263,-0.00199999660253525));
#13348=CARTESIAN_POINT('Origin',(-60.1780033111572,11.9520001113415,23.4990028850734));
#13349=CARTESIAN_POINT('',(-60.3600072860718,12.0820000767708,-0.00199999660253525));
#13350=CARTESIAN_POINT('Origin',(-57.128005027771,12.5360000133514,-0.00199999660253525));
#13351=CARTESIAN_POINT('',(-56.9000005722046,12.9340001940727,-0.00199999660253525));
#13352=CARTESIAN_POINT('',(-57.128005027771,12.5360000133514,-0.00199999660253525));
#13353=CARTESIAN_POINT('Origin',(-57.128005027771,12.5360000133514,-0.00199999660253525));
#13354=CARTESIAN_POINT('Origin',(-60.9780073165894,12.858000099659,-0.00199999660253525));
#13355=CARTESIAN_POINT('',(-60.9780073165894,12.858000099659,-0.00199999660253525));
#13356=CARTESIAN_POINT('',(-60.9780073165894,12.858000099659,-0.00199999660253525));
#13357=CARTESIAN_POINT('Origin',(-61.1600065231323,13.3820003271103,23.4990028850734));
#13358=CARTESIAN_POINT('',(-61.1800050735474,13.4920001029968,-0.00199999660253525));
#13359=CARTESIAN_POINT('Origin',(-60.0860023498535,11.8920001387596,-0.00199999660253525));
#13360=CARTESIAN_POINT('',(-59.5740032196045,11.6780000925064,-0.00199999660253525));
#13361=CARTESIAN_POINT('',(-60.0860023498535,11.8920001387596,-0.00199999660253525));
#13362=CARTESIAN_POINT('Origin',(-59.5740032196045,11.6780000925064,-0.00199999660253525));
#13363=CARTESIAN_POINT('Origin',(-60.1780033111572,11.9520001113415,23.4990028850734));
#13364=CARTESIAN_POINT('Origin',(-68.6700057983398,16.4580005407333,22.9990033619106));
#13365=CARTESIAN_POINT('',(-68.6700057983398,16.4580005407333,22.9990033619106));
#13366=CARTESIAN_POINT('',(-68.6700057983398,16.4580005407333,22.9990033619106));
#13367=CARTESIAN_POINT('',(-68.6700057983398,16.4580005407333,22.9990033619106));
#13368=CARTESIAN_POINT('Origin',(-68.6700057983398,16.4580005407333,22.9990033619106));
#13369=CARTESIAN_POINT('',(-68.3620023727417,17.4080008268356,22.9990033619106));
#13370=CARTESIAN_POINT('',(-68.3620023727417,17.4080008268356,22.9990033619106));
#13371=CARTESIAN_POINT('',(-68.3620023727417,17.4080008268356,22.9990033619106));
#13372=CARTESIAN_POINT('Origin',(-68.3627462387085,17.4080008268356,0.498000048100948));
#13373=CARTESIAN_POINT('',(-67.9000043869019,18.4340000152588,22.9990033619106));
#13374=CARTESIAN_POINT('',(-67.9000043869019,18.4340000152588,22.9990033619106));
#13375=CARTESIAN_POINT('Origin',(-67.962007522583,18.3240002393723,0.498000048100948));
#13376=CARTESIAN_POINT('',(-67.9000043869019,18.4340000152588,22.9990033619106));
#13377=CARTESIAN_POINT('Origin',(-66.0720062255859,20.9540009498596,22.9990033619106));
#13378=CARTESIAN_POINT('',(-66.0720062255859,20.9540009498596,22.9990033619106));
#13379=CARTESIAN_POINT('',(-66.0720062255859,20.9540009498596,22.9990033619106));
#13380=CARTESIAN_POINT('',(-66.0720062255859,20.9540009498596,22.9990033619106));
#13381=CARTESIAN_POINT('Origin',(-59.0100049972534,16.0800004005432,-0.00199999660253525));
#13382=CARTESIAN_POINT('',(-58.1360006332397,15.9260004758835,-0.00199999660253525));
#13383=CARTESIAN_POINT('',(-59.0100049972534,16.0800004005432,-0.00199999660253525));
#13384=CARTESIAN_POINT('Origin',(-58.2160043716431,15.9540003538132,23.4990028850734));
#13385=CARTESIAN_POINT('',(-58.1360006332397,15.9260004758835,-0.00199999660253525));
#13386=CARTESIAN_POINT('Origin',(-58.2160043716431,15.9540003538132,23.4990028850734));
#13387=CARTESIAN_POINT('',(-57.5840044021606,15.6120008230209,-0.00199999660253525));
#13388=CARTESIAN_POINT('Origin',(-57.2540044784546,15.3060001134872,23.4990028850734));
#13389=CARTESIAN_POINT('',(-57.5840044021606,15.6120008230209,-0.00199999660253525));
#13390=CARTESIAN_POINT('Origin',(-63.1480026245117,4.69799995422363,22.9990033619106));
#13391=CARTESIAN_POINT('',(-63.1480026245117,4.69799995422363,22.9990033619106));
#13392=CARTESIAN_POINT('Origin',(-64.1440057754517,5.21799981594086,22.9990033619106));
#13393=CARTESIAN_POINT('',(-64.1440057754517,5.21799981594086,22.9990033619106));
#13394=CARTESIAN_POINT('',(-64.1440057754517,5.21799981594086,22.9990033619106));
#13395=CARTESIAN_POINT('',(-64.1440057754517,5.21799981594086,22.9990033619106));
#13396=CARTESIAN_POINT('Origin',(-65.2660083770752,6.00999981164932,22.9990033619106));
#13397=CARTESIAN_POINT('',(-65.2660083770752,6.00999981164932,22.9990033619106));
#13398=CARTESIAN_POINT('Origin',(-66.1040067672729,6.75799995660782,22.9990033619106));
#13399=CARTESIAN_POINT('',(-66.1040067672729,6.75799995660782,22.9990033619106));
#13400=CARTESIAN_POINT('Origin',(-59.1560029983521,3.77599954605103,22.9990033619106));
#13401=CARTESIAN_POINT('',(-56.1720037460327,7.10799962282181,22.9990033619106));
#13402=CARTESIAN_POINT('',(-56.1720037460327,7.10799962282181,22.9990033619106));
#13403=CARTESIAN_POINT('',(-56.1720037460327,7.10799962282181,22.9990033619106));
#13404=CARTESIAN_POINT('Origin',(-61.1600065231323,13.3820003271103,23.4990028850734));
#13405=CARTESIAN_POINT('Origin',(-57.1500015258789,15.1740002632141,-0.00199999660253525));
#13406=CARTESIAN_POINT('',(-57.1500015258789,15.1740002632141,-0.00199999660253525));
#13407=CARTESIAN_POINT('Origin',(-57.0560026168823,15.0380003452301,23.4990028850734));
#13408=CARTESIAN_POINT('Origin',(-61.0260057449341,12.9580003023148,23.4990028850734));
#13409=CARTESIAN_POINT('Origin',(-56.7680025100708,13.3280000090599,23.4990028850734));
#13410=CARTESIAN_POINT('Origin',(-68.9960050582886,14.4860002398491,22.9990033619106));
#13411=CARTESIAN_POINT('',(-68.6700057983398,16.4580005407333,22.9990033619106));
#13412=CARTESIAN_POINT('Origin',(11.9692504405975,35.466001033783,22.9986266605556));
#13413=CARTESIAN_POINT('',(7.49800026416779,35.4760026931763,0.498000048100948));
#13414=CARTESIAN_POINT('',(7.49800026416779,35.4760026931763,22.9990033619106));
#13415=CARTESIAN_POINT('',(7.49800026416779,35.4760026931763,0.498000048100948));
#13416=CARTESIAN_POINT('',(11.9692504405975,35.466001033783,22.9986266605556));
#13417=CARTESIAN_POINT('',(7.49800026416779,35.4760026931763,0.498000048100948));
#13418=CARTESIAN_POINT('',(7.49800026416779,35.4760026931763,22.9990033619106));
#13419=CARTESIAN_POINT('Origin',(7.49800026416779,35.4760026931763,0.498000048100948));
#13420=CARTESIAN_POINT('',(11.9700002670288,35.466001033783,0.498000048100948));
#13421=CARTESIAN_POINT('',(11.9700002670288,35.466001033783,0.498000048100948));
#13422=CARTESIAN_POINT('Origin',(11.9692504405975,35.466001033783,22.9986266605556));
#13423=CARTESIAN_POINT('',(16.4360010623932,35.2340006828308,22.9990033619106));
#13424=CARTESIAN_POINT('Origin',(-60.9800052642822,14.8180004954338,-0.00199999660253525));
#13425=CARTESIAN_POINT('',(-60.9800052642822,14.8180004954338,-0.00199999660253525));
#13426=CARTESIAN_POINT('Origin',(-60.8300018310547,15.0840002298355,-0.00199999660253525));
#13427=CARTESIAN_POINT('Origin',(-60.8307552337646,15.0840002298355,23.4990028850734));
#13428=CARTESIAN_POINT('Origin',(16.4360010623932,35.2340006828308,22.9990033619106));
#13429=CARTESIAN_POINT('',(20.8860015869141,34.7839999198914,22.9990033619106));
#13430=CARTESIAN_POINT('',(20.8860015869141,34.7839999198914,22.9990033619106));
#13431=CARTESIAN_POINT('',(20.8860015869141,34.7839999198914,22.9990033619106));
#13432=CARTESIAN_POINT('Origin',(25.3080010414124,34.1120028495789,22.9990033619106));
#13433=CARTESIAN_POINT('',(25.3080010414124,34.1120028495789,22.9990033619106));
#13434=CARTESIAN_POINT('',(25.3080010414124,34.1120028495789,22.9990033619106));
#13435=CARTESIAN_POINT('',(25.3080010414124,34.1120028495789,22.9990033619106));
#13436=CARTESIAN_POINT('Origin',(29.6892523765564,33.2200026512146,0.497625041753054));
#13437=CARTESIAN_POINT('',(29.6900010108948,33.2200026512146,22.9990033619106));
#13438=CARTESIAN_POINT('',(29.6900010108948,33.2200026512146,22.9990033619106));
#13439=CARTESIAN_POINT('',(25.3080010414124,34.1120028495789,22.9990033619106));
#13440=CARTESIAN_POINT('',(29.6900010108948,33.2200026512146,22.9990033619106));
#13441=CARTESIAN_POINT('Origin',(25.3080010414124,34.1120028495789,22.9990033619106));
#13442=CARTESIAN_POINT('',(25.3080010414124,34.1120028495789,22.9990033619106));
#13443=CARTESIAN_POINT('Origin',(34.0232515335083,32.1160006523132,0.498000048100948));
#13444=CARTESIAN_POINT('',(34.0240025520325,32.1160006523132,22.9990033619106));
#13445=CARTESIAN_POINT('',(34.0240025520325,32.1160006523132,22.9990033619106));
#13446=CARTESIAN_POINT('',(29.6900010108948,33.2200026512146,22.9990033619106));
#13447=CARTESIAN_POINT('',(34.0240025520325,32.1160006523132,22.9990033619106));
#13448=CARTESIAN_POINT('Origin',(29.6900010108948,33.2200026512146,22.9990033619106));
#13449=CARTESIAN_POINT('Origin',(-58.2160043716431,15.9540003538132,23.4990028850734));
#13450=CARTESIAN_POINT('Origin',(38.2980012893677,30.796000957489,0.498000048100948));
#13451=CARTESIAN_POINT('',(34.0240025520325,32.1160006523132,22.9990033619106));
#13452=CARTESIAN_POINT('Origin',(-59.3580007553101,11.6279999911785,23.4990028850734));
#13453=CARTESIAN_POINT('Origin',(-68.3627462387085,17.4080008268356,0.498000048100948));
#13454=CARTESIAN_POINT('Origin',(-66.0720062255859,20.9540009498596,22.9990033619106));
#13455=CARTESIAN_POINT('',(-66.0720062255859,20.9540009498596,22.9990033619106));
#13456=CARTESIAN_POINT('Origin',(-66.0720062255859,20.9540009498596,22.9990033619106));
#13457=CARTESIAN_POINT('',(-62.2840070724487,24.5580005645752,22.9990033619106));
#13458=CARTESIAN_POINT('',(-62.2840070724487,24.5580005645752,22.9990033619106));
#13459=CARTESIAN_POINT('',(-62.2840070724487,24.5580005645752,22.9990033619106));
#13460=CARTESIAN_POINT('Origin',(-57.6880025863647,27.2000014781952,-0.00199999660253525));
#13461=CARTESIAN_POINT('',(-57.6880025863647,27.2000014781952,-0.00199999660253525));
#13462=CARTESIAN_POINT('Origin',(-57.6880025863647,27.2000014781952,-0.00199999660253525));
#13463=CARTESIAN_POINT('',(-58.32275390625,27.972000837326,0.498000048100948));
#13464=CARTESIAN_POINT('',(-58.32275390625,27.972000837326,0.498000048100948));
#13465=CARTESIAN_POINT('',(-57.6880025863647,27.2000014781952,-0.00199999660253525));
#13466=CARTESIAN_POINT('Origin',(-53.6040067672729,30.3880000114441,-0.00199999660253525));
#13467=CARTESIAN_POINT('',(-54.1987562179565,31.1900019645691,0.498000048100948));
#13468=CARTESIAN_POINT('',(-57.6880025863647,27.2000014781952,-0.00199999660253525));
#13469=CARTESIAN_POINT('',(-53.6040067672729,30.3880000114441,-0.00199999660253525));
#13470=CARTESIAN_POINT('Origin',(-54.1987562179565,31.1900019645691,0.498000048100948));
#13471=CARTESIAN_POINT('',(-54.1987562179565,31.1900019645691,0.498000048100948));
#13472=CARTESIAN_POINT('Origin',(-58.32275390625,27.972000837326,0.498000048100948));
#13473=CARTESIAN_POINT('',(-58.3220052719116,27.972000837326,22.9990033619106));
#13474=CARTESIAN_POINT('',(-58.3220052719116,27.972000837326,22.9990033619106));
#13475=CARTESIAN_POINT('',(-58.3220052719116,27.972000837326,22.9990033619106));
#13476=CARTESIAN_POINT('Origin',(-54.1987562179565,31.1900019645691,0.498000048100948));
#13477=CARTESIAN_POINT('',(-54.1987562179565,31.1900019645691,0.498000048100948));
#13478=CARTESIAN_POINT('Origin',(-59.5980024337769,4.7979998588562,23.4990028850734));
#13479=CARTESIAN_POINT('',(-56.9000005722046,7.79399991035461,23.4990028850734));
#13480=CARTESIAN_POINT('',(-59.5980024337769,4.7979998588562,23.4990028850734));
#13481=CARTESIAN_POINT('Origin',(-56.9000005722046,7.79399991035461,23.4990028850734));
#13482=CARTESIAN_POINT('',(-56.1720037460327,7.10799962282181,22.9990033619106));
#13483=CARTESIAN_POINT('Origin',(-59.5980024337769,4.7979998588562,23.4990028850734));
#13484=CARTESIAN_POINT('',(-60.4000043869019,3.89399945735931,22.9990033619106));
#13485=CARTESIAN_POINT('Origin',(-61.0300016403198,5.02199977636337,23.4990028850734));
#13486=CARTESIAN_POINT('',(-61.0300016403198,5.02199977636337,23.4990028850734));
#13487=CARTESIAN_POINT('Origin',(-61.0300016403198,5.02199977636337,23.4990028850734));
#13488=CARTESIAN_POINT('',(-61.8640041351318,4.2059999704361,22.9990033619106));
#13489=CARTESIAN_POINT('Origin',(-62.4180030822754,5.47599971294403,23.4990028850734));
#13490=CARTESIAN_POINT('',(-62.4180030822754,5.47599971294403,23.4990028850734));
#13491=CARTESIAN_POINT('Origin',(-62.4180030822754,5.47599971294403,23.4990028850734));
#13492=CARTESIAN_POINT('',(-62.4180030822754,5.47599971294403,23.4990028850734));
#13493=CARTESIAN_POINT('Origin',(-62.4180030822754,5.47599971294403,23.4990028850734));
#13494=CARTESIAN_POINT('',(-64.1440057754517,5.21799981594086,22.9990033619106));
#13495=CARTESIAN_POINT('Origin',(-64.1440057754517,5.21799981594086,22.9990033619106));
#13496=CARTESIAN_POINT('',(-63.6280012130737,6.07399970293045,23.4990028850734));
#13497=CARTESIAN_POINT('Origin',(-63.6280012130737,6.07399970293045,23.4990028850734));
#13498=CARTESIAN_POINT('',(-65.2660083770752,6.00999981164932,22.9990033619106));
#13499=CARTESIAN_POINT('Origin',(-64.9840021133423,7.07799971103668,23.4990028850734));
#13500=CARTESIAN_POINT('',(-64.9840021133423,7.07799971103668,23.4990028850734));
#13501=CARTESIAN_POINT('Origin',(-64.9840021133423,7.07799971103668,23.4990028850734));
#13502=CARTESIAN_POINT('',(-66.1040067672729,6.75799995660782,22.9990033619106));
#13503=CARTESIAN_POINT('Origin',(-68.9960050582886,14.4860002398491,22.9990033619106));
#13504=CARTESIAN_POINT('',(-68.9960050582886,14.4860002398491,22.9990033619106));
#13505=CARTESIAN_POINT('Origin',(-65.9859991073608,8.13999980688095,23.4990028850734));
#13506=CARTESIAN_POINT('',(-65.9859991073608,8.13999980688095,23.4990028850734));
#13507=CARTESIAN_POINT('Origin',(-65.9859991073608,8.13999980688095,23.4990028850734));
#13508=CARTESIAN_POINT('',(-65.9859991073608,8.13999980688095,23.4990028850734));
#13509=CARTESIAN_POINT('Origin',(-65.9859991073608,8.13999980688095,23.4990028850734));
#13510=CARTESIAN_POINT('',(-67.5,8.51999998092651,22.9990033619106));
#13511=CARTESIAN_POINT('Origin',(-66.81800365448,9.34199996292591,23.4990028850734));
#13512=CARTESIAN_POINT('',(-67.5,8.51999998092651,22.9990033619106));
#13513=CARTESIAN_POINT('Origin',(-67.2779989242554,10.2440000139177,23.4990028850734));
#13514=CARTESIAN_POINT('',(-67.2779989242554,10.2440000139177,23.4990028850734));
#13515=CARTESIAN_POINT('Origin',(-67.2779989242554,10.2440000139177,23.4990028850734));
#13516=CARTESIAN_POINT('',(-68.4640073776245,10.5480000376701,22.9990033619106));
#13517=CARTESIAN_POINT('Origin',(-67.7400064468384,11.6320000588894,23.4990028850734));
#13518=CARTESIAN_POINT('',(-67.7400064468384,11.6320000588894,23.4990028850734));
#13519=CARTESIAN_POINT('Origin',(-67.7400064468384,11.6320000588894,23.4990028850734));
#13520=CARTESIAN_POINT('',(-68.8479995727539,11.9980001449585,22.9990033619106));
#13521=CARTESIAN_POINT('Origin',(-67.9360055923462,12.6240000128746,23.4990028850734));
#13522=CARTESIAN_POINT('',(-67.9360055923462,12.6240000128746,23.4990028850734));
#13523=CARTESIAN_POINT('Origin',(-67.9360055923462,12.6240000128746,23.4990028850734));
#13524=CARTESIAN_POINT('',(-68.9860010147095,13.1140002608299,22.9990033619106));
#13525=CARTESIAN_POINT('Origin',(-67.9980039596558,14.422000348568,23.4990028850734));
#13526=CARTESIAN_POINT('',(-67.9980039596558,14.422000348568,23.4990028850734));
#13527=CARTESIAN_POINT('Origin',(-67.9980039596558,14.422000348568,23.4990028850734));
#13528=CARTESIAN_POINT('',(-68.9960050582886,14.4860002398491,22.9990033619106));
#13529=CARTESIAN_POINT('Origin',(-68.9960050582886,14.4860002398491,22.9990033619106));
#13530=CARTESIAN_POINT('',(-67.8720045089722,15.4280006885529,23.4990028850734));
#13531=CARTESIAN_POINT('Origin',(-67.8720045089722,15.4280006885529,23.4990028850734));
#13532=CARTESIAN_POINT('',(-68.6700057983398,16.4580005407333,22.9990033619106));
#13533=CARTESIAN_POINT('Origin',(-56.9000005722046,7.79399991035461,23.4990028850734));
#13534=CARTESIAN_POINT('',(-53.7200021743774,11.0080000013113,23.4990028850734));
#13535=CARTESIAN_POINT('Origin',(-59.680004119873,15.9659999608994,23.4990028850734));
#13536=CARTESIAN_POINT('Origin',(-67.5080060958862,16.8420004844666,23.4990028850734));
#13537=CARTESIAN_POINT('',(-67.5080060958862,16.8420004844666,23.4990028850734));
#13538=CARTESIAN_POINT('Origin',(-67.5080060958862,16.8420004844666,23.4990028850734));
#13539=CARTESIAN_POINT('',(-68.3620023727417,17.4080008268356,22.9990033619106));
#13540=CARTESIAN_POINT('Origin',(-67.2580051422119,17.4700003862381,23.4990028850734));
#13541=CARTESIAN_POINT('',(-67.2580051422119,17.4700003862381,23.4990028850734));
#13542=CARTESIAN_POINT('Origin',(-67.2580051422119,17.4700003862381,23.4990028850734));
#13543=CARTESIAN_POINT('',(-67.9000043869019,18.4340000152588,22.9990033619106));
#13544=CARTESIAN_POINT('Origin',(-66.5060043334961,18.8539999723434,23.4990028850734));
#13545=CARTESIAN_POINT('',(-66.5060043334961,18.8539999723434,23.4990028850734));
#13546=CARTESIAN_POINT('Origin',(-66.5060043334961,18.8539999723434,23.4990028850734));
#13547=CARTESIAN_POINT('',(-67.1939992904663,19.6120005846024,22.9990033619106));
#13548=CARTESIAN_POINT('Origin',(-65.366005897522,20.246000289917,23.4990028850734));
#13549=CARTESIAN_POINT('',(-65.366005897522,20.246000289917,23.4990028850734));
#13550=CARTESIAN_POINT('Origin',(-67.1939992904663,19.6120005846024,22.9990033619106));
#13551=CARTESIAN_POINT('',(-66.0720062255859,20.9540009498596,22.9990033619106));
#13552=CARTESIAN_POINT('Origin',(-65.366005897522,20.246000289917,23.4990028850734));
#13553=CARTESIAN_POINT('',(-62.2840070724487,24.5580005645752,22.9990033619106));
#13554=CARTESIAN_POINT('',(-62.2840070724487,24.5580005645752,22.9990033619106));
#13555=CARTESIAN_POINT('Origin',(-65.366005897522,20.246000289917,23.4990028850734));
#13556=CARTESIAN_POINT('Origin',(-61.6120052337646,23.8160014152527,23.4990028850734));
#13557=CARTESIAN_POINT('',(-57.6880025863647,27.2000014781952,23.4990028850734));
#13558=CARTESIAN_POINT('Origin',(-57.6880025863647,27.2000014781952,23.4990028850734));
#13559=CARTESIAN_POINT('',(-58.3220052719116,27.972000837326,22.9990033619106));
#13560=CARTESIAN_POINT('Origin',(-57.6880025863647,27.2000014781952,23.4990028850734));
#13561=CARTESIAN_POINT('',(-54.1980028152466,31.1900019645691,22.9990033619106));
#13562=CARTESIAN_POINT('',(-54.1980028152466,31.1900019645691,22.9990033619106));
#13563=CARTESIAN_POINT('',(-54.1980028152466,31.1900019645691,22.9990033619106));
#13564=CARTESIAN_POINT('Origin',(-54.1980028152466,31.1900019645691,22.9990033619106));
#13565=CARTESIAN_POINT('',(-54.1980028152466,31.1900019645691,22.9990033619106));
#13566=CARTESIAN_POINT('Origin',(-56.1727523803711,7.10799962282181,0.498000048100948));
#13567=CARTESIAN_POINT('',(-53.7200021743774,11.0080000013113,-0.00199999660253525));
#13568=CARTESIAN_POINT('Origin',(-56.1727523803711,7.10799962282181,0.498000048100948));
#13569=CARTESIAN_POINT('',(-53.0267524719238,10.2880000136793,0.498000048100948));
#13570=CARTESIAN_POINT('',(-53.7200021743774,11.0080000013113,-0.00199999660253525));
#13571=CARTESIAN_POINT('',(-53.0267524719238,10.2880000136793,0.498000048100948));
#13572=CARTESIAN_POINT('Origin',(-53.0267524719238,10.2880000136793,0.498000048100948));
#13573=CARTESIAN_POINT('',(-50.3840017318726,14.0620002150536,-0.00199999660253525));
#13574=CARTESIAN_POINT('Origin',(-49.7280025482178,13.308000266552,0.498000048100948));
#13575=CARTESIAN_POINT('',(-49.7280025482178,13.308000266552,0.498000048100948));
#13576=CARTESIAN_POINT('',(-46.902003288269,16.94600045681,-0.00199999660253525));
#13577=CARTESIAN_POINT('',(-50.3840017318726,14.0620002150536,-0.00199999660253525));
#13578=CARTESIAN_POINT('Origin',(-49.7280025482178,13.308000266552,0.498000048100948));
#13579=CARTESIAN_POINT('',(-46.2847518920898,16.1600005626678,0.497625041753054));
#13580=CARTESIAN_POINT('',(-46.902003288269,16.94600045681,-0.00199999660253525));
#13581=CARTESIAN_POINT('',(-46.2847518920898,16.1600005626678,0.497625041753054));
#13582=CARTESIAN_POINT('Origin',(-43.2800054550171,19.6540004014969,-0.00199999660253525));
#13583=CARTESIAN_POINT('',(-42.7020025253296,18.8400000333786,0.498000048100948));
#13584=CARTESIAN_POINT('',(-46.902003288269,16.94600045681,-0.00199999660253525));
#13585=CARTESIAN_POINT('',(-43.2800054550171,19.6540004014969,-0.00199999660253525));
#13586=CARTESIAN_POINT('Origin',(-46.902003288269,16.94600045681,-0.00199999660253525));
#13587=CARTESIAN_POINT('',(-42.7020025253296,18.8400000333786,0.498000048100948));
#13588=CARTESIAN_POINT('Origin',(-53.0267524719238,10.2880000136793,0.498000048100948));
#13589=CARTESIAN_POINT('',(-49.7280025482178,13.308000266552,0.498000048100948));
#13590=CARTESIAN_POINT('Origin',(-46.2847518920898,16.1600005626678,0.497625041753054));
#13591=CARTESIAN_POINT('',(-46.2840032577515,16.1600005626678,22.9990033619106));
#13592=CARTESIAN_POINT('',(-46.2840032577515,16.1600005626678,22.9990033619106));
#13593=CARTESIAN_POINT('',(-46.2840032577515,16.1600005626678,22.9990033619106));
#13594=CARTESIAN_POINT('Origin',(-39.5300030708313,22.1800005435944,-0.00199999660253525));
#13595=CARTESIAN_POINT('',(-38.9927530288696,21.3380002975464,0.497625041753054));
#13596=CARTESIAN_POINT('',(-35.1647543907166,23.6480009555817,0.497625041753054));
#13597=CARTESIAN_POINT('',(-38.9927530288696,21.3380002975464,0.497625041753054));
#13598=CARTESIAN_POINT('',(-39.5300030708313,22.1800005435944,-0.00199999660253525));
#13599=CARTESIAN_POINT('',(-39.5300030708313,22.1800005435944,-0.00199999660253525));
#13600=CARTESIAN_POINT('Origin',(-43.2800054550171,19.6540004014969,-0.00199999660253525));
#13601=CARTESIAN_POINT('',(-43.2800054550171,19.6540004014969,-0.00199999660253525));
#13602=CARTESIAN_POINT('Origin',(-43.2800054550171,19.6540004014969,-0.00199999660253525));
#13603=CARTESIAN_POINT('',(-42.7020025253296,18.8400000333786,0.498000048100948));
#13604=CARTESIAN_POINT('Origin',(-35.1647543907166,23.6480009555817,0.497625041753054));
#13605=CARTESIAN_POINT('',(-35.6580018997192,24.5160007476807,-0.00199999660253525));
#13606=CARTESIAN_POINT('Origin',(-49.9247550964355,34.2020010948181,0.498000048100948));
#13607=CARTESIAN_POINT('',(-49.9247550964355,34.2020010948181,0.498000048100948));
#13608=CARTESIAN_POINT('',(-49.9247550964355,34.2020010948181,0.498000048100948));
#13609=CARTESIAN_POINT('',(-53.6040067672729,30.3880000114441,-0.00199999660253525));
#13610=CARTESIAN_POINT('Origin',(-49.9247550964355,34.2020010948181,0.498000048100948));
#13611=CARTESIAN_POINT('',(-49.3680047988892,33.3720016479492,-0.00199999660253525));
#13612=CARTESIAN_POINT('Origin',(-45.5067539215088,37.0020008087158,0.498000048100948));
#13613=CARTESIAN_POINT('',(-45.5067539215088,37.0020008087158,0.498000048100948));
#13614=CARTESIAN_POINT('',(-45.5067539215088,37.0020008087158,0.498000048100948));
#13615=CARTESIAN_POINT('',(-49.3680047988892,33.3720016479492,-0.00199999660253525));
#13616=CARTESIAN_POINT('Origin',(-45.5067539215088,37.0020008087158,0.498000048100948));
#13617=CARTESIAN_POINT('',(-44.9920034408569,36.1440014839172,-0.00199999660253525));
#13618=CARTESIAN_POINT('Origin',(-40.4840040206909,38.7000012397766,-0.00199999660253525));
#13619=CARTESIAN_POINT('',(-40.4840040206909,38.7000012397766,-0.00199999660253525));
#13620=CARTESIAN_POINT('Origin',(-40.4840040206909,38.7000012397766,-0.00199999660253525));
#13621=CARTESIAN_POINT('',(-40.9567546844482,39.5820021629333,0.498000048100948));
#13622=CARTESIAN_POINT('',(-45.5067539215088,37.0020008087158,0.498000048100948));
#13623=CARTESIAN_POINT('',(-40.4840040206909,38.7000012397766,-0.00199999660253525));
#13624=CARTESIAN_POINT('Origin',(-40.9567546844482,39.5820021629333,0.498000048100948));
#13625=CARTESIAN_POINT('',(-36.2867546081543,41.9380021095276,0.497625041753054));
#13626=CARTESIAN_POINT('',(-35.8580017089844,41.0320019721985,-0.00199999660253525));
#13627=CARTESIAN_POINT('',(-35.8580017089844,41.0320019721985,-0.00199999660253525));
#13628=CARTESIAN_POINT('',(-36.2867546081543,41.9380021095276,0.497625041753054));
#13629=CARTESIAN_POINT('Origin',(-35.8580017089844,41.0320019721985,-0.00199999660253525));
#13630=CARTESIAN_POINT('Origin',(-54.1987562179565,31.1900019645691,0.498000048100948));
#13631=CARTESIAN_POINT('',(-49.9240064620972,34.2020010948181,22.9990033619106));
#13632=CARTESIAN_POINT('',(-49.9240064620972,34.2020010948181,22.9990033619106));
#13633=CARTESIAN_POINT('',(-49.9240064620972,34.2020010948181,22.9990033619106));
#13634=CARTESIAN_POINT('',(-54.1980028152466,31.1900019645691,22.9990033619106));
#13635=CARTESIAN_POINT('Origin',(-45.5067539215088,37.0020008087158,0.498000048100948));
#13636=CARTESIAN_POINT('',(-49.9240064620972,34.2020010948181,22.9990033619106));
#13637=CARTESIAN_POINT('',(-49.9240064620972,34.2020010948181,22.9990033619106));
#13638=CARTESIAN_POINT('Origin',(-40.9560012817383,39.5820021629333,22.9990033619106));
#13639=CARTESIAN_POINT('',(-45.5060005187988,37.0020008087158,22.9990033619106));
#13640=CARTESIAN_POINT('',(-45.5060005187988,37.0020008087158,22.9990033619106));
#13641=CARTESIAN_POINT('',(-40.9560012817383,39.5820021629333,22.9990033619106));
#13642=CARTESIAN_POINT('',(-40.9560012817383,39.5820021629333,22.9990033619106));
#13643=CARTESIAN_POINT('',(-40.9560012817383,39.5820021629333,22.9990033619106));
#13644=CARTESIAN_POINT('Origin',(-40.9567546844482,39.5820021629333,0.498000048100948));
#13645=CARTESIAN_POINT('',(-40.9560012817383,39.5820021629333,22.9990033619106));
#13646=CARTESIAN_POINT('Origin',(-35.6580018997192,24.5160007476807,-0.00199999660253525));
#13647=CARTESIAN_POINT('',(-31.224000453949,25.7660007476807,0.498000048100948));
#13648=CARTESIAN_POINT('',(-31.224000453949,25.7660007476807,0.498000048100948));
#13649=CARTESIAN_POINT('',(-35.6580018997192,24.5160007476807,-0.00199999660253525));
#13650=CARTESIAN_POINT('Origin',(-31.6760015487671,26.6580009460449,-0.00199999660253525));
#13651=CARTESIAN_POINT('',(-31.6760015487671,26.6580009460449,-0.00199999660253525));
#13652=CARTESIAN_POINT('Origin',(-31.508002281189,44.0620017051697,0.498000048100948));
#13653=CARTESIAN_POINT('',(-31.508002281189,44.0620017051697,0.498000048100948));
#13654=CARTESIAN_POINT('',(-31.508002281189,44.0620017051697,0.498000048100948));
#13655=CARTESIAN_POINT('',(-35.8580017089844,41.0320019721985,-0.00199999660253525));
#13656=CARTESIAN_POINT('Origin',(-31.508002281189,44.0620017051697,0.498000048100948));
#13657=CARTESIAN_POINT('',(-31.1240005493164,43.1380009651184,-0.00199999660253525));
#13658=CARTESIAN_POINT('Origin',(-26.2920022010803,45.0080037117004,-0.00199999660253525));
#13659=CARTESIAN_POINT('',(-26.6307520866394,45.9500002861023,0.498000048100948));
#13660=CARTESIAN_POINT('',(-31.508002281189,44.0620017051697,0.498000048100948));
#13661=CARTESIAN_POINT('',(-26.2920022010803,45.0080037117004,-0.00199999660253525));
#13662=CARTESIAN_POINT('',(-26.2920022010803,45.0080037117004,-0.00199999660253525));
#13663=CARTESIAN_POINT('Origin',(-26.2920022010803,45.0080037117004,-0.00199999660253525));
#13664=CARTESIAN_POINT('Origin',(-21.3740015029907,46.6400027275085,-0.00199999660253525));
#13665=CARTESIAN_POINT('',(-21.6659998893738,47.596001625061,0.498000048100948));
#13666=CARTESIAN_POINT('',(-21.3740015029907,46.6400027275085,-0.00199999660253525));
#13667=CARTESIAN_POINT('Origin',(-26.2920022010803,45.0080037117004,-0.00199999660253525));
#13668=CARTESIAN_POINT('Origin',(-38.9920020103455,21.3380002975464,22.9990033619106));
#13669=CARTESIAN_POINT('',(-38.9920020103455,21.3380002975464,22.9990033619106));
#13670=CARTESIAN_POINT('',(-38.9920020103455,21.3380002975464,22.9990033619106));
#13671=CARTESIAN_POINT('',(-38.9920020103455,21.3380002975464,22.9990033619106));
#13672=CARTESIAN_POINT('Origin',(-35.1647543907166,23.6480009555817,0.497625041753054));
#13673=CARTESIAN_POINT('',(-35.1640009880066,23.6480009555817,22.9990033619106));
#13674=CARTESIAN_POINT('',(-35.1640009880066,23.6480009555817,22.9990033619106));
#13675=CARTESIAN_POINT('',(-35.1640009880066,23.6480009555817,22.9990033619106));
#13676=CARTESIAN_POINT('Origin',(-5.84475040435791,34.1780018806458,22.9990033619106));
#13677=CARTESIAN_POINT('',(-1.42000004649162,34.8320007324219,0.498000048100948));
#13678=CARTESIAN_POINT('',(-5.84400057792664,34.1780018806458,0.498000048100948));
#13679=CARTESIAN_POINT('',(-1.42000004649162,34.8320007324219,0.498000048100948));
#13680=CARTESIAN_POINT('',(-5.84475040435791,34.1780018806458,22.9990033619106));
#13681=CARTESIAN_POINT('',(-1.42000004649162,34.8320007324219,0.498000048100948));
#13682=CARTESIAN_POINT('',(-5.84400057792664,34.1780018806458,0.498000048100948));
#13683=CARTESIAN_POINT('Origin',(-1.42000004649162,34.8320007324219,0.498000048100948));
#13684=CARTESIAN_POINT('',(-1.42075002193451,34.8320007324219,22.9990033619106));
#13685=CARTESIAN_POINT('',(-1.42075002193451,34.8320007324219,22.9990033619106));
#13686=CARTESIAN_POINT('',(-1.42000004649162,34.8320007324219,0.498000048100948));
#13687=CARTESIAN_POINT('Origin',(-27.5920009613037,28.6020016670227,-0.00199999660253525));
#13688=CARTESIAN_POINT('',(-23.0567526817322,29.4060003757477,0.498000048100948));
#13689=CARTESIAN_POINT('',(-23.4180021286011,30.3380012512207,-0.00199999660253525));
#13690=CARTESIAN_POINT('',(-27.5920009613037,28.6020016670227,-0.00199999660253525));
#13691=CARTESIAN_POINT('Origin',(-31.6760015487671,26.6580009460449,-0.00199999660253525));
#13692=CARTESIAN_POINT('',(-27.1867513656616,27.6880013942719,0.498000048100948));
#13693=CARTESIAN_POINT('',(-27.5920009613037,28.6020016670227,-0.00199999660253525));
#13694=CARTESIAN_POINT('',(-31.6760015487671,26.6580009460449,-0.00199999660253525));
#13695=CARTESIAN_POINT('Origin',(-27.5920009613037,28.6020016670227,-0.00199999660253525));
#13696=CARTESIAN_POINT('',(-23.0567526817322,29.4060003757477,0.498000048100948));
#13697=CARTESIAN_POINT('Origin',(-31.224000453949,25.7660007476807,0.498000048100948));
#13698=CARTESIAN_POINT('',(-27.1867513656616,27.6880013942719,0.498000048100948));
#13699=CARTESIAN_POINT('Origin',(-26.6307520866394,45.9500002861023,0.498000048100948));
#13700=CARTESIAN_POINT('',(-26.6300010681152,45.9500002861023,22.9986266605556));
#13701=CARTESIAN_POINT('',(-21.6659998893738,47.596001625061,0.498000048100948));
#13702=CARTESIAN_POINT('',(-26.6300010681152,45.9500002861023,22.9986266605556));
#13703=CARTESIAN_POINT('Origin',(-35.1647543907166,23.6480009555817,0.497625041753054));
#13704=CARTESIAN_POINT('',(-31.224000453949,25.7660007476807,22.9990033619106));
#13705=CARTESIAN_POINT('',(-31.224000453949,25.7660007476807,22.9990033619106));
#13706=CARTESIAN_POINT('',(-31.224000453949,25.7660007476807,22.9990033619106));
#13707=CARTESIAN_POINT('Origin',(-31.224000453949,25.7660007476807,22.9990033619106));
#13708=CARTESIAN_POINT('',(-35.1640009880066,23.6480009555817,22.9990033619106));
#13709=CARTESIAN_POINT('Origin',(-31.224000453949,25.7660007476807,0.498000048100948));
#13710=CARTESIAN_POINT('',(-31.224000453949,25.7660007476807,22.9990033619106));
#13711=CARTESIAN_POINT('Origin',(-31.224000453949,25.7660007476807,22.9990033619106));
#13712=CARTESIAN_POINT('',(-27.1860003471375,27.6880013942719,22.9990033619106));
#13713=CARTESIAN_POINT('',(-27.1860003471375,27.6880013942719,22.9990033619106));
#13714=CARTESIAN_POINT('',(-27.1860003471375,27.6880013942719,22.9990033619106));
#13715=CARTESIAN_POINT('Origin',(-58.3220052719116,27.972000837326,22.9990033619106));
#13716=CARTESIAN_POINT('Origin',(-49.9240064620972,34.2020010948181,22.9990033619106));
#13717=CARTESIAN_POINT('Origin',(-49.9240064620972,34.2020010948181,22.9990033619106));
#13718=CARTESIAN_POINT('',(-45.5060005187988,37.0020008087158,22.9990033619106));
#13719=CARTESIAN_POINT('Origin',(-36.2860035896301,41.9380021095276,22.9990033619106));
#13720=CARTESIAN_POINT('',(-36.2860035896301,41.9380021095276,22.9990033619106));
#13721=CARTESIAN_POINT('',(-36.2860035896301,41.9380021095276,22.9990033619106));
#13722=CARTESIAN_POINT('',(-36.2860035896301,41.9380021095276,22.9990033619106));
#13723=CARTESIAN_POINT('Origin',(-31.508002281189,44.0620017051697,22.9990033619106));
#13724=CARTESIAN_POINT('',(-31.508002281189,44.0620017051697,22.9990033619106));
#13725=CARTESIAN_POINT('',(-31.508002281189,44.0620017051697,22.9990033619106));
#13726=CARTESIAN_POINT('',(-31.508002281189,44.0620017051697,22.9990033619106));
#13727=CARTESIAN_POINT('Origin',(-36.2867546081543,41.9380021095276,0.497625041753054));
#13728=CARTESIAN_POINT('',(-31.508002281189,44.0620017051697,22.9990033619106));
#13729=CARTESIAN_POINT('Origin',(-26.6300010681152,45.9500002861023,22.9986266605556));
#13730=CARTESIAN_POINT('',(-26.6300010681152,45.9500002861023,22.9986266605556));
#13731=CARTESIAN_POINT('Origin',(-31.508002281189,44.0620017051697,0.498000048100948));
#13732=CARTESIAN_POINT('',(-26.6300010681152,45.9500002861023,22.9986266605556));
#13733=CARTESIAN_POINT('Origin',(-26.6300010681152,45.9500002861023,22.9986266605556));
#13734=CARTESIAN_POINT('',(-21.6659998893738,47.596001625061,22.9990033619106));
#13735=CARTESIAN_POINT('Origin',(-53.0260038375854,10.2880000136793,22.9990033619106));
#13736=CARTESIAN_POINT('',(-53.0260038375854,10.2880000136793,22.9990033619106));
#13737=CARTESIAN_POINT('',(-53.0260038375854,10.2880000136793,22.9990033619106));
#13738=CARTESIAN_POINT('',(-53.0260038375854,10.2880000136793,22.9990033619106));
#13739=CARTESIAN_POINT('Origin',(-53.0260038375854,10.2880000136793,22.9990033619106));
#13740=CARTESIAN_POINT('',(-53.0260038375854,10.2880000136793,22.9990033619106));
#13741=CARTESIAN_POINT('Origin',(-46.2847518920898,16.1600005626678,0.497625041753054));
#13742=CARTESIAN_POINT('',(-42.7020025253296,18.8400000333786,22.9990033619106));
#13743=CARTESIAN_POINT('',(-42.7020025253296,18.8400000333786,22.9990033619106));
#13744=CARTESIAN_POINT('',(-42.7020025253296,18.8400000333786,22.9990033619106));
#13745=CARTESIAN_POINT('Origin',(-53.0260038375854,10.2880000136793,22.9990033619106));
#13746=CARTESIAN_POINT('',(-49.7280025482178,13.308000266552,22.9990033619106));
#13747=CARTESIAN_POINT('',(-49.7280025482178,13.308000266552,22.9990033619106));
#13748=CARTESIAN_POINT('',(-49.7280025482178,13.308000266552,22.9990033619106));
#13749=CARTESIAN_POINT('Origin',(3.03000032901764,35.264003276825,0.498000048100948));
#13750=CARTESIAN_POINT('',(3.02925020456314,35.264003276825,22.9990033619106));
#13751=CARTESIAN_POINT('',(-1.42000004649162,34.8320007324219,0.498000048100948));
#13752=CARTESIAN_POINT('',(3.03000032901764,35.264003276825,0.498000048100948));
#13753=CARTESIAN_POINT('',(3.03000032901764,35.264003276825,0.498000048100948));
#13754=CARTESIAN_POINT('',(3.03000032901764,35.264003276825,0.498000048100948));
#13755=CARTESIAN_POINT('Origin',(3.02925020456314,35.264003276825,22.9990033619106));
#13756=CARTESIAN_POINT('',(3.02925020456314,35.264003276825,22.9990033619106));
#13757=CARTESIAN_POINT('Origin',(-53.7200021743774,11.0080000013113,23.4990028850734));
#13758=CARTESIAN_POINT('',(-53.0260038375854,10.2880000136793,22.9990033619106));
#13759=CARTESIAN_POINT('Origin',(-49.7280025482178,13.308000266552,22.9990033619106));
#13760=CARTESIAN_POINT('',(-46.2840032577515,16.1600005626678,22.9990033619106));
#13761=CARTESIAN_POINT('Origin',(-42.7020025253296,18.8400000333786,22.9990033619106));
#13762=CARTESIAN_POINT('',(-42.7020025253296,18.8400000333786,22.9990033619106));
#13763=CARTESIAN_POINT('Origin',(-38.9927530288696,21.3380002975464,0.497625041753054));
#13764=CARTESIAN_POINT('',(-38.9920020103455,21.3380002975464,22.9990033619106));
#13765=CARTESIAN_POINT('',(-42.7020025253296,18.8400000333786,22.9990033619106));
#13766=CARTESIAN_POINT('Origin',(-53.0260038375854,10.2880000136793,22.9990033619106));
#13767=CARTESIAN_POINT('',(-50.3840017318726,14.0620002150536,23.4990028850734));
#13768=CARTESIAN_POINT('Origin',(7.49800026416779,35.4760026931763,0.498000048100948));
#13769=CARTESIAN_POINT('',(3.03000032901764,35.264003276825,0.498000048100948));
#13770=CARTESIAN_POINT('',(7.49800026416779,35.4760026931763,0.498000048100948));
#13771=CARTESIAN_POINT('Origin',(7.49800026416779,35.4760026931763,22.9990033619106));
#13772=CARTESIAN_POINT('',(7.49800026416779,35.4760026931763,22.9990033619106));
#13773=CARTESIAN_POINT('Origin',(-50.3840017318726,14.0620002150536,23.4990028850734));
#13774=CARTESIAN_POINT('',(-50.3840017318726,14.0620002150536,23.4990028850734));
#13775=CARTESIAN_POINT('Origin',(-42.7020025253296,18.8400000333786,22.9990033619106));
#13776=CARTESIAN_POINT('Origin',(-46.902003288269,16.94600045681,23.4990028850734));
#13777=CARTESIAN_POINT('',(-46.902003288269,16.94600045681,23.4990028850734));
#13778=CARTESIAN_POINT('',(-46.902003288269,16.94600045681,23.4990028850734));
#13779=CARTESIAN_POINT('Origin',(-49.7280025482178,13.308000266552,22.9990033619106));
#13780=CARTESIAN_POINT('Origin',(-23.056001663208,29.4060003757477,22.9990033619106));
#13781=CARTESIAN_POINT('',(-23.056001663208,29.4060003757477,22.9990033619106));
#13782=CARTESIAN_POINT('',(-23.056001663208,29.4060003757477,22.9990033619106));
#13783=CARTESIAN_POINT('',(-23.056001663208,29.4060003757477,22.9990033619106));
#13784=CARTESIAN_POINT('Origin',(-46.902003288269,16.94600045681,23.4990028850734));
#13785=CARTESIAN_POINT('',(-42.7020025253296,18.8400000333786,22.9990033619106));
#13786=CARTESIAN_POINT('Origin',(-23.0567526817322,29.4060003757477,0.498000048100948));
#13787=CARTESIAN_POINT('',(-18.8480019569397,30.9180021286011,22.9990033619106));
#13788=CARTESIAN_POINT('',(-18.848751783371,30.9180021286011,0.498000048100948));
#13789=CARTESIAN_POINT('',(-18.8480019569397,30.9180021286011,22.9990033619106));
#13790=CARTESIAN_POINT('',(-18.8480019569397,30.9180021286011,22.9990033619106));
#13791=CARTESIAN_POINT('',(-18.848751783371,30.9180021286011,0.498000048100948));
#13792=CARTESIAN_POINT('Origin',(-18.8480019569397,30.9180021286011,22.9990033619106));
#13793=CARTESIAN_POINT('',(-18.8480019569397,30.9180021286011,22.9990033619106));
#13794=CARTESIAN_POINT('Origin',(-18.848751783371,30.9180021286011,0.498000048100948));
#13795=CARTESIAN_POINT('',(-14.5680010318756,32.2180008888245,0.498000048100948));
#13796=CARTESIAN_POINT('',(-14.5687508583069,32.2180008888245,22.9990033619106));
#13797=CARTESIAN_POINT('',(-14.5680010318756,32.2180008888245,0.498000048100948));
#13798=CARTESIAN_POINT('',(-14.5687508583069,32.2180008888245,22.9990033619106));
#13799=CARTESIAN_POINT('',(-14.5680010318756,32.2180008888245,0.498000048100948));
#13800=CARTESIAN_POINT('Origin',(-14.5687508583069,32.2180008888245,22.9990033619106));
#13801=CARTESIAN_POINT('',(-18.8480019569397,30.9180021286011,22.9990033619106));
#13802=CARTESIAN_POINT('Origin',(-10.2320003509521,33.3060026168823,0.498000048100948));
#13803=CARTESIAN_POINT('',(-10.2327501773834,33.3060026168823,22.9990033619106));
#13804=CARTESIAN_POINT('',(-10.2327501773834,33.3060026168823,22.9990033619106));
#13805=CARTESIAN_POINT('',(-10.2320003509521,33.3060026168823,0.498000048100948));
#13806=CARTESIAN_POINT('',(-10.2320003509521,33.3060026168823,0.498000048100948));
#13807=CARTESIAN_POINT('',(-10.2320003509521,33.3060026168823,0.498000048100948));
#13808=CARTESIAN_POINT('Origin',(-46.902003288269,16.94600045681,23.4990028850734));
#13809=CARTESIAN_POINT('',(-43.2800054550171,19.6540004014969,23.4990028850734));
#13810=CARTESIAN_POINT('Origin',(-43.2800054550171,19.6540004014969,23.4990028850734));
#13811=CARTESIAN_POINT('',(-38.9920020103455,21.3380002975464,22.9990033619106));
#13812=CARTESIAN_POINT('Origin',(-43.2800054550171,19.6540004014969,23.4990028850734));
#13813=CARTESIAN_POINT('',(-39.5300030708313,22.1800005435944,23.4990028850734));
#13814=CARTESIAN_POINT('Origin',(-39.5300030708313,22.1800005435944,23.4990028850734));
#13815=CARTESIAN_POINT('',(-35.1640009880066,23.6480009555817,22.9990033619106));
#13816=CARTESIAN_POINT('Origin',(-39.5300030708313,22.1800005435944,23.4990028850734));
#13817=CARTESIAN_POINT('',(-35.1640009880066,23.6480009555817,22.9990033619106));
#13818=CARTESIAN_POINT('Origin',(-10.2320003509521,33.3060026168823,0.498000048100948));
#13819=CARTESIAN_POINT('',(-5.84475040435791,34.1780018806458,22.9990033619106));
#13820=CARTESIAN_POINT('',(-5.84400057792664,34.1780018806458,0.498000048100948));
#13821=CARTESIAN_POINT('Origin',(-49.3680047988892,33.3720016479492,23.4990028850734));
#13822=CARTESIAN_POINT('',(-49.9240064620972,34.2020010948181,22.9990033619106));
#13823=CARTESIAN_POINT('',(-49.9240064620972,34.2020010948181,22.9990033619106));
#13824=CARTESIAN_POINT('Origin',(-53.6040067672729,30.3880000114441,23.4990028850734));
#13825=CARTESIAN_POINT('Origin',(-45.5060005187988,37.0020008087158,22.9990033619106));
#13826=CARTESIAN_POINT('',(-45.5060005187988,37.0020008087158,22.9990033619106));
#13827=CARTESIAN_POINT('',(-45.5060005187988,37.0020008087158,22.9990033619106));
#13828=CARTESIAN_POINT('Origin',(-49.3680047988892,33.3720016479492,23.4990028850734));
#13829=CARTESIAN_POINT('Origin',(-40.4840040206909,38.7000012397766,23.4990028850734));
#13830=CARTESIAN_POINT('',(-40.4840040206909,38.7000012397766,23.4990028850734));
#13831=CARTESIAN_POINT('',(-40.9560012817383,39.5820021629333,22.9990033619106));
#13832=CARTESIAN_POINT('Origin',(20.8852529525757,34.7839999198914,0.497625041753054));
#13833=CARTESIAN_POINT('Origin',(11.9980001449585,36.4660024642944,23.4990028850734));
#13834=CARTESIAN_POINT('',(11.9692504405975,35.466001033783,22.9986266605556));
#13835=CARTESIAN_POINT('',(7.49800026416779,35.4760026931763,22.9990033619106));
#13836=CARTESIAN_POINT('Origin',(7.49800026416779,35.4760026931763,22.9990033619106));
#13837=CARTESIAN_POINT('',(7.49800026416779,35.4760026931763,22.9990033619106));
#13838=CARTESIAN_POINT('Origin',(11.9692504405975,35.466001033783,22.9986266605556));
#13839=CARTESIAN_POINT('',(16.5139997005463,36.2320017814636,23.4990028850734));
#13840=CARTESIAN_POINT('Origin',(16.4360010623932,35.2340006828308,22.9990033619106));
#13841=CARTESIAN_POINT('',(16.4360010623932,35.2340006828308,22.9990033619106));
#13842=CARTESIAN_POINT('Origin',(16.4360010623932,35.2340006828308,22.9990033619106));
#13843=CARTESIAN_POINT('',(21.0120010375977,35.776002407074,23.4990028850734));
#13844=CARTESIAN_POINT('Origin',(21.0120010375977,35.776002407074,23.4990028850734));
#13845=CARTESIAN_POINT('',(21.0120010375977,35.776002407074,23.4990028850734));
#13846=CARTESIAN_POINT('Origin',(25.4820013046265,35.096001625061,23.4990028850734));
#13847=CARTESIAN_POINT('',(25.3080010414124,34.1120028495789,22.9990033619106));
#13848=CARTESIAN_POINT('',(25.4820013046265,35.096001625061,23.4990028850734));
#13849=CARTESIAN_POINT('Origin',(20.8860015869141,34.7839999198914,22.9990033619106));
#13850=CARTESIAN_POINT('Origin',(25.3080010414124,34.1120028495789,22.9990033619106));
#13851=CARTESIAN_POINT('',(29.9140024185181,34.1960024833679,23.4990028850734));
#13852=CARTESIAN_POINT('Origin',(29.9140024185181,34.1960024833679,23.4990028850734));
#13853=CARTESIAN_POINT('',(29.6900010108948,33.2200026512146,22.9990033619106));
#13854=CARTESIAN_POINT('Origin',(38.2980012893677,30.796000957489,22.9990033619106));
#13855=CARTESIAN_POINT('',(38.2980012893677,30.796000957489,22.9990033619106));
#13856=CARTESIAN_POINT('',(38.2980012893677,30.796000957489,22.9990033619106));
#13857=CARTESIAN_POINT('',(38.2980012893677,30.796000957489,22.9990033619106));
#13858=CARTESIAN_POINT('Origin',(40.7620000839233,47.5940012931824,22.9990033619106));
#13859=CARTESIAN_POINT('',(45.7380056381226,45.9420013427734,22.9990033619106));
#13860=CARTESIAN_POINT('',(45.7380056381226,45.9420013427734,22.9990033619106));
#13861=CARTESIAN_POINT('',(45.7380056381226,45.9420013427734,22.9990033619106));
#13862=CARTESIAN_POINT('Origin',(40.4720020294189,46.6360020637512,23.4990028850734));
#13863=CARTESIAN_POINT('',(45.7380056381226,45.9420013427734,22.9990033619106));
#13864=CARTESIAN_POINT('Origin',(29.6900010108948,33.2200026512146,22.9990033619106));
#13865=CARTESIAN_POINT('',(34.2960023880005,33.0780005455017,23.4990028850734));
#13866=CARTESIAN_POINT('Origin',(34.2960023880005,33.0780005455017,23.4990028850734));
#13867=CARTESIAN_POINT('',(34.2960023880005,33.0780005455017,23.4990028850734));
#13868=CARTESIAN_POINT('Origin',(38.2980012893677,30.796000957489,0.498000048100948));
#13869=CARTESIAN_POINT('',(42.5000047683716,29.2660009860992,22.9990033619106));
#13870=CARTESIAN_POINT('',(42.5000047683716,29.2660009860992,22.9990033619106));
#13871=CARTESIAN_POINT('',(42.5000047683716,29.2660009860992,22.9990033619106));
#13872=CARTESIAN_POINT('Origin',(38.6179995536804,31.7440009117126,23.4990028850734));
#13873=CARTESIAN_POINT('',(38.6179995536804,31.7440009117126,23.4990028850734));
#13874=CARTESIAN_POINT('',(38.6179995536804,31.7440009117126,23.4990028850734));
#13875=CARTESIAN_POINT('Origin',(34.0240025520325,32.1160006523132,22.9990033619106));
#13876=CARTESIAN_POINT('Origin',(42.8660011291504,30.1960015296936,23.4990028850734));
#13877=CARTESIAN_POINT('',(42.5000047683716,29.2660009860992,22.9990033619106));
#13878=CARTESIAN_POINT('',(42.8660011291504,30.1960015296936,23.4990028850734));
#13879=CARTESIAN_POINT('Origin',(38.2980012893677,30.796000957489,22.9990033619106));
#13880=CARTESIAN_POINT('Origin',(54.5812511444092,23.4560000896454,0.498000048100948));
#13881=CARTESIAN_POINT('',(58.401255607605,21.1300003528595,0.498000048100948));
#13882=CARTESIAN_POINT('',(58.9420032501221,21.9700002670288,-0.00199999660253525));
#13883=CARTESIAN_POINT('',(54.5812511444092,23.4560000896454,0.498000048100948));
#13884=CARTESIAN_POINT('',(54.5812511444092,23.4560000896454,0.498000048100948));
#13885=CARTESIAN_POINT('',(58.9420032501221,21.9700002670288,-0.00199999660253525));
#13886=CARTESIAN_POINT('Origin',(54.5812511444092,23.4560000896454,0.498000048100948));
#13887=CARTESIAN_POINT('',(55.0820016860962,24.3240010738373,-0.00199999660253525));
#13888=CARTESIAN_POINT('Origin',(58.401255607605,21.1300003528595,0.498000048100948));
#13889=CARTESIAN_POINT('',(62.6820039749146,19.4280004501343,-0.00199999660253525));
#13890=CARTESIAN_POINT('Origin',(58.401255607605,21.1300003528595,0.498000048100948));
#13891=CARTESIAN_POINT('',(62.0992517471313,18.6160004138947,0.498000048100948));
#13892=CARTESIAN_POINT('',(62.6820039749146,19.4280004501343,-0.00199999660253525));
#13893=CARTESIAN_POINT('',(62.0992517471313,18.6160004138947,0.498000048100948));
#13894=CARTESIAN_POINT('Origin',(62.0992517471313,18.6160004138947,0.498000048100948));
#13895=CARTESIAN_POINT('',(66.2919998168945,16.7040008306503,-0.00199999660253525));
#13896=CARTESIAN_POINT('Origin',(62.0992517471313,18.6160004138947,0.498000048100948));
#13897=CARTESIAN_POINT('',(65.6692600250244,15.9220004081726,0.498000048100948));
#13898=CARTESIAN_POINT('',(66.2919998168945,16.7040008306503,-0.00199999660253525));
#13899=CARTESIAN_POINT('',(65.6692600250244,15.9220004081726,0.498000048100948));
#13900=CARTESIAN_POINT('Origin',(66.2919998168945,16.7040008306503,-0.00199999660253525));
#13901=CARTESIAN_POINT('',(69.1020059585571,13.0540001392365,0.498000048100948));
#13902=CARTESIAN_POINT('',(65.6692600250244,15.9220004081726,0.498000048100948));
#13903=CARTESIAN_POINT('',(66.2919998168945,16.7040008306503,-0.00199999660253525));
#13904=CARTESIAN_POINT('Origin',(58.401255607605,21.1300003528595,0.498000048100948));
#13905=CARTESIAN_POINT('',(54.5819997787476,23.4560000896454,22.9990033619106));
#13906=CARTESIAN_POINT('',(58.4020042419434,21.1300003528595,22.9990033619106));
#13907=CARTESIAN_POINT('',(54.5819997787476,23.4560000896454,22.9990033619106));
#13908=CARTESIAN_POINT('',(54.5819997787476,23.4560000896454,22.9990033619106));
#13909=CARTESIAN_POINT('',(58.4020042419434,21.1300003528595,22.9990033619106));
#13910=CARTESIAN_POINT('Origin',(69.1020059585571,13.0540001392365,0.498000048100948));
#13911=CARTESIAN_POINT('',(69.7639989852905,13.8060003519058,-0.00199999660253525));
#13912=CARTESIAN_POINT('Origin',(58.4020042419434,21.1300003528595,22.9990033619106));
#13913=CARTESIAN_POINT('',(58.4020042419434,21.1300003528595,22.9990033619106));
#13914=CARTESIAN_POINT('Origin',(62.0992517471313,18.6160004138947,0.498000048100948));
#13915=CARTESIAN_POINT('',(62.1000051498413,18.6160004138947,22.9990033619106));
#13916=CARTESIAN_POINT('',(62.1000051498413,18.6160004138947,22.9990033619106));
#13917=CARTESIAN_POINT('',(62.1000051498413,18.6160004138947,22.9990033619106));
#13918=CARTESIAN_POINT('Origin',(73.0840063095093,10.7380000501871,-0.00199999660253525));
#13919=CARTESIAN_POINT('',(69.7639989852905,13.8060003519058,-0.00199999660253525));
#13920=CARTESIAN_POINT('',(73.0840063095093,10.7380000501871,-0.00199999660253525));
#13921=CARTESIAN_POINT('Origin',(62.0992517471313,18.6160004138947,0.498000048100948));
#13922=CARTESIAN_POINT('',(62.1000051498413,18.6160004138947,22.9990033619106));
#13923=CARTESIAN_POINT('Origin',(73.0840063095093,10.7380000501871,-0.00199999660253525));
#13924=CARTESIAN_POINT('',(73.0840063095093,10.7380000501871,-0.00199999660253525));
#13925=CARTESIAN_POINT('Origin',(73.0840063095093,10.7380000501871,-0.00199999660253525));
#13926=CARTESIAN_POINT('',(76.252007484436,7.50799983739853,-0.00199999660253525));
#13927=CARTESIAN_POINT('Origin',(69.1020059585571,13.0540001392365,22.9990033619106));
#13928=CARTESIAN_POINT('',(69.1020059585571,13.0540001392365,22.9990033619106));
#13929=CARTESIAN_POINT('',(69.1020059585571,13.0540001392365,22.9990033619106));
#13930=CARTESIAN_POINT('',(69.1020059585571,13.0540001392365,22.9990033619106));
#13931=CARTESIAN_POINT('Origin',(69.7639989852905,13.8060003519058,-0.00199999660253525));
#13932=CARTESIAN_POINT('',(72.3872518539429,10.0200000009499,0.498000048100948));
#13933=CARTESIAN_POINT('Origin',(72.3872518539429,10.0200000009499,0.498000048100948));
#13934=CARTESIAN_POINT('',(69.1020059585571,13.0540001392365,22.9990033619106));
#13935=CARTESIAN_POINT('Origin',(-40.4840040206909,38.7000012397766,23.4990028850734));
#13936=CARTESIAN_POINT('Origin',(-35.8580017089844,41.0320019721985,23.4990028850734));
#13937=CARTESIAN_POINT('',(-35.8580017089844,41.0320019721985,23.4990028850734));
#13938=CARTESIAN_POINT('Origin',(-35.8580017089844,41.0320019721985,23.4990028850734));
#13939=CARTESIAN_POINT('',(-36.2860035896301,41.9380021095276,22.9990033619106));
#13940=CARTESIAN_POINT('Origin',(-35.6580018997192,24.5160007476807,23.4990028850734));
#13941=CARTESIAN_POINT('',(-31.224000453949,25.7660007476807,22.9990033619106));
#13942=CARTESIAN_POINT('',(-31.224000453949,25.7660007476807,22.9990033619106));
#13943=CARTESIAN_POINT('Origin',(-27.1860003471375,27.6880013942719,22.9990033619106));
#13944=CARTESIAN_POINT('',(-27.1860003471375,27.6880013942719,22.9990033619106));
#13945=CARTESIAN_POINT('',(-27.5920009613037,28.6020016670227,23.4990028850734));
#13946=CARTESIAN_POINT('Origin',(-31.224000453949,25.7660007476807,22.9990033619106));
#13947=CARTESIAN_POINT('Origin',(-35.6580018997192,24.5160007476807,23.4990028850734));
#13948=CARTESIAN_POINT('Origin',(-27.1860003471375,27.6880013942719,22.9990033619106));
#13949=CARTESIAN_POINT('',(-23.056001663208,29.4060003757477,22.9990033619106));
#13950=CARTESIAN_POINT('Origin',(-23.056001663208,29.4060003757477,22.9990033619106));
#13951=CARTESIAN_POINT('',(-23.4180021286011,30.3380012512207,23.4990028850734));
#13952=CARTESIAN_POINT('Origin',(-31.508002281189,44.0620017051697,22.9990033619106));
#13953=CARTESIAN_POINT('',(-31.508002281189,44.0620017051697,22.9990033619106));
#13954=CARTESIAN_POINT('',(-31.508002281189,44.0620017051697,22.9990033619106));
#13955=CARTESIAN_POINT('Origin',(-35.8580017089844,41.0320019721985,23.4990028850734));
#13956=CARTESIAN_POINT('Origin',(-26.2920022010803,45.0080037117004,23.4990028850734));
#13957=CARTESIAN_POINT('',(-26.2920022010803,45.0080037117004,23.4990028850734));
#13958=CARTESIAN_POINT('Origin',(-26.2920022010803,45.0080037117004,23.4990028850734));
#13959=CARTESIAN_POINT('',(-26.6300010681152,45.9500002861023,22.9986266605556));
#13960=CARTESIAN_POINT('Origin',(-21.3740015029907,46.6400027275085,23.4990028850734));
#13961=CARTESIAN_POINT('',(-21.3740015029907,46.6400027275085,23.4990028850734));
#13962=CARTESIAN_POINT('Origin',(-21.3740015029907,46.6400027275085,23.4990028850734));
#13963=CARTESIAN_POINT('Origin',(-19.1620004177094,31.8660020828247,-0.00199999660253525));
#13964=CARTESIAN_POINT('',(-23.4180021286011,30.3380012512207,-0.00199999660253525));
#13965=CARTESIAN_POINT('',(-19.1620004177094,31.8660020828247,-0.00199999660253525));
#13966=CARTESIAN_POINT('Origin',(-23.4180021286011,30.3380012512207,-0.00199999660253525));
#13967=CARTESIAN_POINT('Origin',(-23.4180021286011,30.3380012512207,23.4990028850734));
#13968=CARTESIAN_POINT('',(-18.8480019569397,30.9180021286011,22.9990033619106));
#13969=CARTESIAN_POINT('Origin',(-23.4180021286011,30.3380012512207,23.4990028850734));
#13970=CARTESIAN_POINT('',(-18.8480019569397,30.9180021286011,22.9990033619106));
#13971=CARTESIAN_POINT('Origin',(-19.1620004177094,31.8660020828247,23.4990028850734));
#13972=CARTESIAN_POINT('',(-14.5687508583069,32.2180008888245,22.9990033619106));
#13973=CARTESIAN_POINT('',(-14.5687508583069,32.2180008888245,22.9990033619106));
#13974=CARTESIAN_POINT('Origin',(-18.848751783371,30.9180021286011,0.498000048100948));
#13975=CARTESIAN_POINT('',(-19.1620004177094,31.8660020828247,-0.00199999660253525));
#13976=CARTESIAN_POINT('Origin',(-14.5687508583069,32.2180008888245,22.9990033619106));
#13977=CARTESIAN_POINT('',(-10.2327501773834,33.3060026168823,22.9990033619106));
#13978=CARTESIAN_POINT('Origin',(-10.4500007629395,34.2820024490356,-0.00199999660253525));
#13979=CARTESIAN_POINT('',(-14.8360002040863,33.1820011138916,-0.00199999660253525));
#13980=CARTESIAN_POINT('',(-10.4500007629395,34.2820024490356,-0.00199999660253525));
#13981=CARTESIAN_POINT('Origin',(-10.2327501773834,33.3060026168823,22.9990033619106));
#13982=CARTESIAN_POINT('',(-10.4500007629395,34.2820024490356,23.4990028850734));
#13983=CARTESIAN_POINT('Origin',(-19.1620004177094,31.8660020828247,23.4990028850734));
#13984=CARTESIAN_POINT('Origin',(-10.4500007629395,34.2820024490356,-0.00199999660253525));
#13985=CARTESIAN_POINT('',(-5.84400057792664,34.1780018806458,0.498000048100948));
#13986=CARTESIAN_POINT('Origin',(-19.1620004177094,31.8660020828247,-0.00199999660253525));
#13987=CARTESIAN_POINT('',(-14.8360002040863,33.1820011138916,-0.00199999660253525));
#13988=CARTESIAN_POINT('Origin',(-10.4500007629395,34.2820024490356,23.4990028850734));
#13989=CARTESIAN_POINT('',(-5.84475040435791,34.1780018806458,22.9990033619106));
#13990=CARTESIAN_POINT('Origin',(-14.8360002040863,33.1820011138916,-0.00199999660253525));
#13991=CARTESIAN_POINT('Origin',(-10.4500007629395,34.2820024490356,23.4990028850734));
#13992=CARTESIAN_POINT('',(-6.01600050926208,35.1640009880066,23.4990028850734));
#13993=CARTESIAN_POINT('Origin',(-5.84400057792664,34.1780018806458,0.498000048100948));
#13994=CARTESIAN_POINT('',(-5.84400057792664,34.1780018806458,0.498000048100948));
#13995=CARTESIAN_POINT('Origin',(42.5000047683716,29.2660009860992,0.498000048100948));
#13996=CARTESIAN_POINT('',(47.0340013504028,28.4420013427734,-0.00199999660253525));
#13997=CARTESIAN_POINT('Origin',(46.6212511062622,27.5300014019012,0.497625041753054));
#13998=CARTESIAN_POINT('',(46.6212511062622,27.5300014019012,0.497625041753054));
#13999=CARTESIAN_POINT('',(51.1080026626587,26.4820003509521,-0.00199999660253525));
#14000=CARTESIAN_POINT('',(47.0340013504028,28.4420013427734,-0.00199999660253525));
#14001=CARTESIAN_POINT('Origin',(46.6212511062622,27.5300014019012,0.497625041753054));
#14002=CARTESIAN_POINT('',(50.652003288269,25.5920016765594,0.498000048100948));
#14003=CARTESIAN_POINT('',(51.1080026626587,26.4820003509521,-0.00199999660253525));
#14004=CARTESIAN_POINT('',(50.652003288269,25.5920016765594,0.498000048100948));
#14005=CARTESIAN_POINT('Origin',(42.5000047683716,29.2660009860992,0.498000048100948));
#14006=CARTESIAN_POINT('',(46.6212511062622,27.5300014019012,0.497625041753054));
#14007=CARTESIAN_POINT('Origin',(50.652003288269,25.5920016765594,0.498000048100948));
#14008=CARTESIAN_POINT('',(55.0820016860962,24.3240010738373,-0.00199999660253525));
#14009=CARTESIAN_POINT('Origin',(42.5000047683716,29.2660009860992,22.9990033619106));
#14010=CARTESIAN_POINT('',(42.5000047683716,29.2660009860992,22.9990033619106));
#14011=CARTESIAN_POINT('Origin',(50.652003288269,25.5920016765594,0.498000048100948));
#14012=CARTESIAN_POINT('',(50.652003288269,25.5920016765594,0.498000048100948));
#14013=CARTESIAN_POINT('Origin',(45.3980016708374,45.,-0.00199999660253525));
#14014=CARTESIAN_POINT('',(45.3980016708374,45.,-0.00199999660253525));
#14015=CARTESIAN_POINT('Origin',(50.6260061264038,44.0480017662048,0.498000048100948));
#14016=CARTESIAN_POINT('',(50.6260061264038,44.0480017662048,0.498000048100948));
#14017=CARTESIAN_POINT('',(45.3980016708374,45.,-0.00199999660253525));
#14018=CARTESIAN_POINT('',(50.2419996261597,43.1240010261536,-0.00199999660253525));
#14019=CARTESIAN_POINT('Origin',(50.6260061264038,44.0480017662048,0.498000048100948));
#14020=CARTESIAN_POINT('',(50.6260061264038,44.0480017662048,0.498000048100948));
#14021=CARTESIAN_POINT('Origin',(55.4132509231567,41.9160032272339,0.497625041753054));
#14022=CARTESIAN_POINT('',(55.4132509231567,41.9160032272339,0.497625041753054));
#14023=CARTESIAN_POINT('',(50.6260061264038,44.0480017662048,0.498000048100948));
#14024=CARTESIAN_POINT('',(50.2419996261597,43.1240010261536,-0.00199999660253525));
#14025=CARTESIAN_POINT('Origin',(55.4132509231567,41.9160032272339,0.497625041753054));
#14026=CARTESIAN_POINT('',(54.9860048294067,41.0140013694763,-0.00199999660253525));
#14027=CARTESIAN_POINT('Origin',(60.0940036773682,39.5540022850037,0.498000048100948));
#14028=CARTESIAN_POINT('',(60.0940036773682,39.5540022850037,0.498000048100948));
#14029=CARTESIAN_POINT('',(60.0940036773682,39.5540022850037,0.498000048100948));
#14030=CARTESIAN_POINT('',(54.9860048294067,41.0140013694763,-0.00199999660253525));
#14031=CARTESIAN_POINT('Origin',(54.9860048294067,41.0140013694763,-0.00199999660253525));
#14032=CARTESIAN_POINT('',(59.6220016479492,38.6720013618469,-0.00199999660253525));
#14033=CARTESIAN_POINT('Origin',(55.4140043258667,41.9160032272339,22.9990033619106));
#14034=CARTESIAN_POINT('',(55.4140043258667,41.9160032272339,22.9990033619106));
#14035=CARTESIAN_POINT('',(55.4140043258667,41.9160032272339,22.9990033619106));
#14036=CARTESIAN_POINT('',(55.4140043258667,41.9160032272339,22.9990033619106));
#14037=CARTESIAN_POINT('Origin',(60.0940036773682,39.5540022850037,22.9990033619106));
#14038=CARTESIAN_POINT('',(60.0940036773682,39.5540022850037,22.9990033619106));
#14039=CARTESIAN_POINT('',(60.0940036773682,39.5540022850037,22.9990033619106));
#14040=CARTESIAN_POINT('',(60.0940036773682,39.5540022850037,22.9990033619106));
#14041=CARTESIAN_POINT('Origin',(64.6519994735718,36.9660019874573,0.498000048100948));
#14042=CARTESIAN_POINT('',(64.6519994735718,36.9660019874573,0.498000048100948));
#14043=CARTESIAN_POINT('',(59.6220016479492,38.6720013618469,-0.00199999660253525));
#14044=CARTESIAN_POINT('',(64.136004447937,36.1080026626587,-0.00199999660253525));
#14045=CARTESIAN_POINT('Origin',(64.6519994735718,36.9660019874573,0.498000048100948));
#14046=CARTESIAN_POINT('',(64.6519994735718,36.9660019874573,0.498000048100948));
#14047=CARTESIAN_POINT('Origin',(68.5200071334839,33.3260011672974,-0.00199999660253525));
#14048=CARTESIAN_POINT('',(69.0772581100464,34.1540026664734,0.498000048100948));
#14049=CARTESIAN_POINT('',(64.6519994735718,36.9660019874573,0.498000048100948));
#14050=CARTESIAN_POINT('',(68.5200071334839,33.3260011672974,-0.00199999660253525));
#14051=CARTESIAN_POINT('',(68.5200071334839,33.3260011672974,-0.00199999660253525));
#14052=CARTESIAN_POINT('Origin',(68.5200071334839,33.3260011672974,-0.00199999660253525));
#14053=CARTESIAN_POINT('Origin',(72.7640008926392,30.3300023078918,-0.00199999660253525));
#14054=CARTESIAN_POINT('',(72.7640008926392,30.3300023078918,-0.00199999660253525));
#14055=CARTESIAN_POINT('Origin',(72.7640008926392,30.3300023078918,-0.00199999660253525));
#14056=CARTESIAN_POINT('',(69.0772581100464,34.1540026664734,0.498000048100948));
#14057=CARTESIAN_POINT('',(72.7640008926392,30.3300023078918,-0.00199999660253525));
#14058=CARTESIAN_POINT('Origin',(76.8540048599243,27.1319997310638,-0.00199999660253525));
#14059=CARTESIAN_POINT('Origin',(55.4132509231567,41.9160032272339,0.497625041753054));
#14060=CARTESIAN_POINT('',(60.0940036773682,39.5540022850037,22.9990033619106));
#14061=CARTESIAN_POINT('Origin',(69.0780019760132,34.1540026664734,22.9990033619106));
#14062=CARTESIAN_POINT('',(69.0780019760132,34.1540026664734,22.9990033619106));
#14063=CARTESIAN_POINT('',(69.0780019760132,34.1540026664734,22.9990033619106));
#14064=CARTESIAN_POINT('',(69.0780019760132,34.1540026664734,22.9990033619106));
#14065=CARTESIAN_POINT('Origin',(69.0772581100464,34.1540026664734,0.498000048100948));
#14066=CARTESIAN_POINT('',(69.0780019760132,34.1540026664734,22.9990033619106));
#14067=CARTESIAN_POINT('Origin',(46.6212511062622,27.5300014019012,0.497625041753054));
#14068=CARTESIAN_POINT('',(46.6220045089722,27.5300014019012,22.9990033619106));
#14069=CARTESIAN_POINT('',(46.6220045089722,27.5300014019012,22.9990033619106));
#14070=CARTESIAN_POINT('',(46.6220045089722,27.5300014019012,22.9990033619106));
#14071=CARTESIAN_POINT('Origin',(46.6212511062622,27.5300014019012,0.497625041753054));
#14072=CARTESIAN_POINT('',(50.652003288269,25.5920016765594,22.9990033619106));
#14073=CARTESIAN_POINT('',(50.652003288269,25.5920016765594,22.9990033619106));
#14074=CARTESIAN_POINT('',(50.652003288269,25.5920016765594,22.9990033619106));
#14075=CARTESIAN_POINT('Origin',(50.652003288269,25.5920016765594,0.498000048100948));
#14076=CARTESIAN_POINT('',(54.5819997787476,23.4560000896454,22.9990033619106));
#14077=CARTESIAN_POINT('Origin',(65.6700086593628,15.9220004081726,22.9990033619106));
#14078=CARTESIAN_POINT('',(65.6700086593628,15.9220004081726,22.9990033619106));
#14079=CARTESIAN_POINT('',(65.6700086593628,15.9220004081726,22.9990033619106));
#14080=CARTESIAN_POINT('',(65.6700086593628,15.9220004081726,22.9990033619106));
#14081=CARTESIAN_POINT('Origin',(72.3872518539429,10.0200000009499,0.498000048100948));
#14082=CARTESIAN_POINT('',(69.1020059585571,13.0540001392365,22.9990033619106));
#14083=CARTESIAN_POINT('',(72.3880004882812,10.0200000009499,22.9990033619106));
#14084=CARTESIAN_POINT('Origin',(58.9420032501221,21.9700002670288,23.4990028850734));
#14085=CARTESIAN_POINT('',(58.9420032501221,21.9700002670288,23.4990028850734));
#14086=CARTESIAN_POINT('',(58.9420032501221,21.9700002670288,23.4990028850734));
#14087=CARTESIAN_POINT('Origin',(69.1020059585571,13.0540001392365,22.9990033619106));
#14088=CARTESIAN_POINT('',(65.6700086593628,15.9220004081726,22.9990033619106));
#14089=CARTESIAN_POINT('Origin',(72.3880004882812,10.0200000009499,22.9990033619106));
#14090=CARTESIAN_POINT('Origin',(62.6820039749146,19.4280004501343,23.4990028850734));
#14091=CARTESIAN_POINT('',(62.6820039749146,19.4280004501343,23.4990028850734));
#14092=CARTESIAN_POINT('',(62.6820039749146,19.4280004501343,23.4990028850734));
#14093=CARTESIAN_POINT('Origin',(58.4020042419434,21.1300003528595,22.9990033619106));
#14094=CARTESIAN_POINT('Origin',(66.2919998168945,16.7040008306503,23.4990028850734));
#14095=CARTESIAN_POINT('',(65.6700086593628,15.9220004081726,22.9990033619106));
#14096=CARTESIAN_POINT('',(66.2919998168945,16.7040008306503,23.4990028850734));
#14097=CARTESIAN_POINT('Origin',(-6.01600050926208,35.1640009880066,23.4990028850734));
#14098=CARTESIAN_POINT('',(-1.42075002193451,34.8320007324219,22.9990033619106));
#14099=CARTESIAN_POINT('Origin',(62.1000051498413,18.6160004138947,22.9990033619106));
#14100=CARTESIAN_POINT('Origin',(-6.01600050926208,35.1640009880066,23.4990028850734));
#14101=CARTESIAN_POINT('',(-1.42075002193451,34.8320007324219,22.9990033619106));
#14102=CARTESIAN_POINT('Origin',(66.2919998168945,16.7040008306503,23.4990028850734));
#14103=CARTESIAN_POINT('',(69.1020059585571,13.0540001392365,22.9990033619106));
#14104=CARTESIAN_POINT('',(69.1020059585571,13.0540001392365,22.9990033619106));
#14105=CARTESIAN_POINT('Origin',(69.1020059585571,13.0540001392365,22.9990033619106));
#14106=CARTESIAN_POINT('',(69.7639989852905,13.8060003519058,23.4990028850734));
#14107=CARTESIAN_POINT('Origin',(72.3880004882812,10.0200000009499,22.9990033619106));
#14108=CARTESIAN_POINT('Origin',(-1.54200002551079,35.8240008354187,23.4990028850734));
#14109=CARTESIAN_POINT('',(2.95800030231476,36.262001991272,23.4990028850734));
#14110=CARTESIAN_POINT('Origin',(66.2919998168945,16.7040008306503,23.4990028850734));
#14111=CARTESIAN_POINT('Origin',(2.95800030231476,36.262001991272,23.4990028850734));
#14112=CARTESIAN_POINT('',(2.95800030231476,36.262001991272,23.4990028850734));
#14113=CARTESIAN_POINT('Origin',(2.95800030231476,36.262001991272,23.4990028850734));
#14114=CARTESIAN_POINT('',(7.49800026416779,35.4760026931763,22.9990033619106));
#14115=CARTESIAN_POINT('Origin',(2.95800030231476,36.262001991272,23.4990028850734));
#14116=CARTESIAN_POINT('Origin',(50.652003288269,25.5920016765594,22.9990033619106));
#14117=CARTESIAN_POINT('',(50.652003288269,25.5920016765594,22.9990033619106));
#14118=CARTESIAN_POINT('Origin',(42.5000047683716,29.2660009860992,22.9990033619106));
#14119=CARTESIAN_POINT('',(47.0340013504028,28.4420013427734,23.4990028850734));
#14120=CARTESIAN_POINT('Origin',(47.0340013504028,28.4420013427734,23.4990028850734));
#14121=CARTESIAN_POINT('',(47.0340013504028,28.4420013427734,23.4990028850734));
#14122=CARTESIAN_POINT('Origin',(50.652003288269,25.5920016765594,22.9990033619106));
#14123=CARTESIAN_POINT('',(54.5819997787476,23.4560000896454,22.9990033619106));
#14124=CARTESIAN_POINT('Origin',(51.1080026626587,26.4820003509521,23.4990028850734));
#14125=CARTESIAN_POINT('',(50.652003288269,25.5920016765594,22.9990033619106));
#14126=CARTESIAN_POINT('',(51.1080026626587,26.4820003509521,23.4990028850734));
#14127=CARTESIAN_POINT('Origin',(46.6220045089722,27.5300014019012,22.9990033619106));
#14128=CARTESIAN_POINT('Origin',(50.652003288269,25.5920016765594,22.9990033619106));
#14129=CARTESIAN_POINT('',(55.0820016860962,24.3240010738373,23.4990028850734));
#14130=CARTESIAN_POINT('Origin',(54.5819997787476,23.4560000896454,22.9990033619106));
#14131=CARTESIAN_POINT('',(55.0820016860962,24.3240010738373,23.4990028850734));
#14132=CARTESIAN_POINT('Origin',(54.5819997787476,23.4560000896454,22.9990033619106));
#14133=CARTESIAN_POINT('Origin',(50.6260061264038,44.0480017662048,22.9990033619106));
#14134=CARTESIAN_POINT('',(50.6260061264038,44.0480017662048,22.9990033619106));
#14135=CARTESIAN_POINT('',(50.6260061264038,44.0480017662048,22.9990033619106));
#14136=CARTESIAN_POINT('',(50.6260061264038,44.0480017662048,22.9990033619106));
#14137=CARTESIAN_POINT('Origin',(50.6260061264038,44.0480017662048,22.9990033619106));
#14138=CARTESIAN_POINT('',(55.4140043258667,41.9160032272339,22.9990033619106));
#14139=CARTESIAN_POINT('Origin',(45.7380056381226,45.9420013427734,22.9990033619106));
#14140=CARTESIAN_POINT('',(45.3980016708374,45.,23.4990028850734));
#14141=CARTESIAN_POINT('Origin',(45.3980016708374,45.,23.4990028850734));
#14142=CARTESIAN_POINT('',(50.6260061264038,44.0480017662048,22.9990033619106));
#14143=CARTESIAN_POINT('Origin',(50.6260061264038,44.0480017662048,22.9990033619106));
#14144=CARTESIAN_POINT('',(50.6260061264038,44.0480017662048,22.9990033619106));
#14145=CARTESIAN_POINT('Origin',(55.4140043258667,41.9160032272339,22.9990033619106));
#14146=CARTESIAN_POINT('',(54.9860048294067,41.0140013694763,23.4990028850734));
#14147=CARTESIAN_POINT('',(55.4140043258667,41.9160032272339,22.9990033619106));
#14148=CARTESIAN_POINT('Origin',(50.2419996261597,43.1240010261536,23.4990028850734));
#14149=CARTESIAN_POINT('Origin',(60.0940036773682,39.5540022850037,22.9990033619106));
#14150=CARTESIAN_POINT('',(59.6220016479492,38.6720013618469,23.4990028850734));
#14151=CARTESIAN_POINT('',(60.0940036773682,39.5540022850037,22.9990033619106));
#14152=CARTESIAN_POINT('Origin',(55.4140043258667,41.9160032272339,22.9990033619106));
#14153=CARTESIAN_POINT('Origin',(64.6519994735718,36.9660019874573,22.9990033619106));
#14154=CARTESIAN_POINT('',(64.6519994735718,36.9660019874573,22.9990033619106));
#14155=CARTESIAN_POINT('',(64.6519994735718,36.9660019874573,22.9990033619106));
#14156=CARTESIAN_POINT('',(64.6519994735718,36.9660019874573,22.9990033619106));
#14157=CARTESIAN_POINT('Origin',(64.6519994735718,36.9660019874573,22.9990033619106));
#14158=CARTESIAN_POINT('',(69.0780019760132,34.1540026664734,22.9990033619106));
#14159=CARTESIAN_POINT('Origin',(59.6220016479492,38.6720013618469,23.4990028850734));
#14160=CARTESIAN_POINT('',(64.6519994735718,36.9660019874573,22.9990033619106));
#14161=CARTESIAN_POINT('Origin',(64.6519994735718,36.9660019874573,22.9990033619106));
#14162=CARTESIAN_POINT('',(64.6519994735718,36.9660019874573,22.9990033619106));
#14163=CARTESIAN_POINT('Origin',(64.136004447937,36.1080026626587,23.4990028850734));
#14164=CARTESIAN_POINT('',(68.5200071334839,33.3260011672974,23.4990028850734));
#14165=CARTESIAN_POINT('Origin',(68.5200071334839,33.3260011672974,23.4990028850734));
#14166=CARTESIAN_POINT('',(69.0780019760132,34.1540026664734,22.9990033619106));
#14167=CARTESIAN_POINT('Origin',(72.7640008926392,30.3300023078918,23.4990028850734));
#14168=CARTESIAN_POINT('',(69.0780019760132,34.1540026664734,22.9990033619106));
#14169=CARTESIAN_POINT('Origin',(72.7640008926392,30.3300023078918,23.4990028850734));
#14170=CARTESIAN_POINT('Origin',(78.9260053634644,4.51599955558777,-0.00199999660253525));
#14171=CARTESIAN_POINT('',(78.9260053634644,4.51599955558777,-0.00199999660253525));
#14172=CARTESIAN_POINT('',(78.9260053634644,4.51599955558777,-0.00199999660253525));
#14173=CARTESIAN_POINT('Origin',(85.0280094146729,6.2679997086525,0.498000048100948));
#14174=CARTESIAN_POINT('',(84.6700096130371,7.30399996042252,-0.00199999660253525));
#14175=CARTESIAN_POINT('',(84.6700096130371,7.30399996042252,-0.00199999660253525));
#14176=CARTESIAN_POINT('Origin',(84.6700096130371,7.30399996042252,-0.00199999660253525));
#14177=CARTESIAN_POINT('',(83.302001953125,6.12999975681305,-0.00199999660253525));
#14178=CARTESIAN_POINT('Origin',(83.8740062713623,5.3099998831749,0.498000048100948));
#14179=CARTESIAN_POINT('',(83.302001953125,6.12999975681305,-0.00199999660253525));
#14180=CARTESIAN_POINT('Origin',(82.5360012054443,5.64999967813492,-0.00199999660253525));
#14181=CARTESIAN_POINT('',(82.5360012054443,5.64999967813492,-0.00199999660253525));
#14182=CARTESIAN_POINT('',(82.5360012054443,5.64999967813492,-0.00199999660253525));
#14183=CARTESIAN_POINT('Origin',(82.5360012054443,5.64999967813492,-0.00199999660253525));
#14184=CARTESIAN_POINT('Origin',(82.9139995574951,4.72199976444244,0.498000048100948));
#14185=CARTESIAN_POINT('',(81.308012008667,5.07599979639053,-0.00199999660253525));
#14186=CARTESIAN_POINT('Origin',(81.6660022735596,4.14199948310852,0.498000048100948));
#14187=CARTESIAN_POINT('',(81.308012008667,5.07599979639053,-0.00199999660253525));
#14188=CARTESIAN_POINT('Origin',(81.6660022735596,4.14199948310852,0.498000048100948));
#14189=CARTESIAN_POINT('',(80.0120067596436,4.68999922275543,-0.00199999660253525));
#14190=CARTESIAN_POINT('Origin',(79.734001159668,3.61799955368042,0.498000048100948));
#14191=CARTESIAN_POINT('',(80.0120067596436,4.68999922275543,-0.00199999660253525));
#14192=CARTESIAN_POINT('Origin',(79.734001159668,3.61799955368042,0.498000048100948));
#14193=CARTESIAN_POINT('',(78.9260053634644,4.51599955558777,-0.00199999660253525));
#14194=CARTESIAN_POINT('Origin',(79.734001159668,3.61799955368042,0.498000048100948));
#14195=CARTESIAN_POINT('',(78.4900045394897,3.48199963569641,0.498000048100948));
#14196=CARTESIAN_POINT('Origin',(79.734001159668,3.61799955368042,0.498000048100948));
#14197=CARTESIAN_POINT('Origin',(75.5200052261353,6.8259996175766,0.498000048100948));
#14198=CARTESIAN_POINT('Origin',(-1.42000004649162,34.8320007324219,0.498000048100948));
#14199=CARTESIAN_POINT('',(2.95800030231476,36.262001991272,-0.00199999660253525));
#14200=CARTESIAN_POINT('',(-1.42000004649162,34.8320007324219,0.498000048100948));
#14201=CARTESIAN_POINT('Origin',(-6.01600050926208,35.1640009880066,-0.00199999660253525));
#14202=CARTESIAN_POINT('',(-1.42000004649162,34.8320007324219,0.498000048100948));
#14203=CARTESIAN_POINT('Origin',(-6.01600050926208,35.1640009880066,-0.00199999660253525));
#14204=CARTESIAN_POINT('Origin',(-1.42000004649162,34.8320007324219,0.498000048100948));
#14205=CARTESIAN_POINT('',(2.95800030231476,36.262001991272,-0.00199999660253525));
#14206=CARTESIAN_POINT('Origin',(88.1519985198975,14.888000190258,0.498000048100948));
#14207=CARTESIAN_POINT('',(87.0080089569092,15.6580007076263,-0.00199999660253525));
#14208=CARTESIAN_POINT('',(88.1519985198975,14.888000190258,0.498000048100948));
#14209=CARTESIAN_POINT('Origin',(88.2240104675293,13.8900002837181,0.498000048100948));
#14210=CARTESIAN_POINT('',(87.224006652832,13.8660001754761,-0.00199999660253525));
#14211=CARTESIAN_POINT('Origin',(87.1780014038086,12.7960002422333,-0.00199999660253525));
#14212=CARTESIAN_POINT('',(87.1780014038086,12.7960002422333,-0.00199999660253525));
#14213=CARTESIAN_POINT('',(87.1780014038086,12.7960002422333,-0.00199999660253525));
#14214=CARTESIAN_POINT('Origin',(87.1780014038086,12.7960002422333,-0.00199999660253525));
#14215=CARTESIAN_POINT('Origin',(86.9480037689209,11.4040000736713,-0.00199999660253525));
#14216=CARTESIAN_POINT('',(87.8500080108643,10.9180000424385,0.498000048100948));
#14217=CARTESIAN_POINT('',(86.9480037689209,11.4040000736713,-0.00199999660253525));
#14218=CARTESIAN_POINT('Origin',(86.9480037689209,11.4040000736713,-0.00199999660253525));
#14219=CARTESIAN_POINT('Origin',(87.8500080108643,10.9180000424385,0.498000048100948));
#14220=CARTESIAN_POINT('',(86.756010055542,10.7560000568628,-0.00199999660253525));
#14221=CARTESIAN_POINT('Origin',(87.4840068817139,9.85399998724461,0.498000048100948));
#14222=CARTESIAN_POINT('',(86.756010055542,10.7560000568628,-0.00199999660253525));
#14223=CARTESIAN_POINT('Origin',(86.756010055542,10.7560000568628,-0.00199999660253525));
#14224=CARTESIAN_POINT('',(86.1320018768311,9.30399991571903,-0.00199999660253525));
#14225=CARTESIAN_POINT('Origin',(86.0500049591064,7.36799985170364,0.498000048100948));
#14226=CARTESIAN_POINT('',(85.5259990692139,8.35400000214577,-0.00199999660253525));
#14227=CARTESIAN_POINT('',(85.5259990692139,8.35400000214577,-0.00199999660253525));
#14228=CARTESIAN_POINT('Origin',(86.0500049591064,7.36799985170364,0.498000048100948));
#14229=CARTESIAN_POINT('Origin',(87.0120048522949,8.82999993860722,0.498000048100948));
#14230=CARTESIAN_POINT('',(86.1320018768311,9.30399991571903,-0.00199999660253525));
#14231=CARTESIAN_POINT('Origin',(87.0120048522949,8.82999993860722,0.498000048100948));
#14232=CARTESIAN_POINT('Origin',(85.9220027923584,20.1180005073547,0.498000048100948));
#14233=CARTESIAN_POINT('',(84.5420074462891,20.1540005207062,-0.00199999660253525));
#14234=CARTESIAN_POINT('',(85.1500034332275,19.4840002059937,-0.00199999660253525));
#14235=CARTESIAN_POINT('Origin',(85.9220027923584,20.1180005073547,0.498000048100948));
#14236=CARTESIAN_POINT('Origin',(86.6420078277588,19.0940010547638,0.498000048100948));
#14237=CARTESIAN_POINT('',(85.1500034332275,19.4840002059937,-0.00199999660253525));
#14238=CARTESIAN_POINT('Origin',(86.6420078277588,19.0940010547638,0.498000048100948));
#14239=CARTESIAN_POINT('',(86.1500072479248,17.98200070858,-0.00199999660253525));
#14240=CARTESIAN_POINT('Origin',(87.4040126800537,17.6580005884171,0.498000048100948));
#14241=CARTESIAN_POINT('',(86.1500072479248,17.98200070858,-0.00199999660253525));
#14242=CARTESIAN_POINT('Origin',(86.1500072479248,17.98200070858,-0.00199999660253525));
#14243=CARTESIAN_POINT('',(86.7680072784424,16.5280002355576,-0.00199999660253525));
#14244=CARTESIAN_POINT('Origin',(87.8900051116943,16.240000128746,0.498000048100948));
#14245=CARTESIAN_POINT('',(86.7680072784424,16.5280002355576,-0.00199999660253525));
#14246=CARTESIAN_POINT('',(87.8900051116943,16.240000128746,0.498000048100948));
#14247=CARTESIAN_POINT('Origin',(88.1519985198975,14.888000190258,0.498000048100948));
#14248=CARTESIAN_POINT('Origin',(87.8900051116943,16.240000128746,0.498000048100948));
#14249=CARTESIAN_POINT('Origin',(7.49800026416779,35.4760026931763,0.498000048100948));
#14250=CARTESIAN_POINT('',(7.49800026416779,35.4760026931763,0.498000048100948));
#14251=CARTESIAN_POINT('Origin',(7.47600018978119,36.476001739502,-0.00199999660253525));
#14252=CARTESIAN_POINT('',(7.49800026416779,35.4760026931763,0.498000048100948));
#14253=CARTESIAN_POINT('Origin',(11.9980001449585,36.4660024642944,-0.00199999660253525));
#14254=CARTESIAN_POINT('',(11.9980001449585,36.4660024642944,-0.00199999660253525));
#14255=CARTESIAN_POINT('Origin',(7.49800026416779,35.4760026931763,0.498000048100948));
#14256=CARTESIAN_POINT('',(11.9980001449585,36.4660024642944,-0.00199999660253525));
#14257=CARTESIAN_POINT('Origin',(11.9700002670288,35.466001033783,0.498000048100948));
#14258=UNCERTAINTY_MEASURE_WITH_UNIT(LENGTH_MEASURE(0.01),#14262,
'DISTANCE_ACCURACY_VALUE',
'Maximum model space distance between geometric entities at asserted c
onnectivities');
#14259=UNCERTAINTY_MEASURE_WITH_UNIT(LENGTH_MEASURE(0.01),#14262,
'DISTANCE_ACCURACY_VALUE',
'Maximum model space distance between geometric entities at asserted c
onnectivities');
#14260=(
GEOMETRIC_REPRESENTATION_CONTEXT(3)
GLOBAL_UNCERTAINTY_ASSIGNED_CONTEXT((#14258))
GLOBAL_UNIT_ASSIGNED_CONTEXT((#14262,#14263,#14264))
REPRESENTATION_CONTEXT('','3D')
);
#14261=(
GEOMETRIC_REPRESENTATION_CONTEXT(3)
GLOBAL_UNCERTAINTY_ASSIGNED_CONTEXT((#14259))
GLOBAL_UNIT_ASSIGNED_CONTEXT((#14262,#14263,#14264))
REPRESENTATION_CONTEXT('','3D')
);
#14262=(
LENGTH_UNIT()
NAMED_UNIT(*)
SI_UNIT(.MILLI.,.METRE.)
);
#14263=(
NAMED_UNIT(*)
PLANE_ANGLE_UNIT()
SI_UNIT($,.RADIAN.)
);
#14264=(
NAMED_UNIT(*)
SI_UNIT($,.STERADIAN.)
SOLID_ANGLE_UNIT()
);
#14265=SHAPE_DEFINITION_REPRESENTATION(#14266,#14267);
#14266=PRODUCT_DEFINITION_SHAPE('',$,#14269);
#14267=SHAPE_REPRESENTATION('',(#8820),#14260);
#14268=PRODUCT_DEFINITION_CONTEXT('part definition',#14273,'design');
#14269=PRODUCT_DEFINITION('2025-09-22-15-06-19-326','Cradle',#14270,#14268);
#14270=PRODUCT_DEFINITION_FORMATION('',$,#14275);
#14271=PRODUCT_RELATED_PRODUCT_CATEGORY('Cradle','Cradle',(#14275));
#14272=APPLICATION_PROTOCOL_DEFINITION('international standard',
'automotive_design',2009,#14273);
#14273=APPLICATION_CONTEXT(
'Core Data for Automotive Mechanical Design Process');
#14274=PRODUCT_CONTEXT('part definition',#14273,'mechanical');
#14275=PRODUCT('2025-09-22-15-06-19-326','Cradle',$,(#14274));
#14276=PRESENTATION_STYLE_ASSIGNMENT((#14277));
#14277=SURFACE_STYLE_USAGE(.BOTH.,#14278);
#14278=SURFACE_SIDE_STYLE('',(#14279));
#14279=SURFACE_STYLE_FILL_AREA(#14280);
#14280=FILL_AREA_STYLE('Steel - Satin',(#14281));
#14281=FILL_AREA_STYLE_COLOUR('Steel - Satin',#14282);
#14282=COLOUR_RGB('Steel - Satin',0.627450980392157,0.627450980392157,0.627450980392157);
ENDSEC;
END-ISO-10303-21;
